2026-03-04 15:23:23.571 [WARN] qrc:/Main.qml:2958:13: QML Dialog: Binding loop detected for property "implicitWidth":
qrc:/qt-project.org/imports/QtQuick/Controls/Fusion/Dialog.qml:14:5
2026-03-04 15:23:23.572 [WARN] qrc:/Main.qml:2958:13: QML Dialog: Binding loop detected for property "implicitWidth":
qrc:/qt-project.org/imports/QtQuick/Controls/Fusion/Dialog.qml:14:5
2026-03-04 15:23:23.585 [DEBUG] 找到模型文件: "/media/linxi-ice-2/CCCOMA_X64FRE_ZH-CN_DV9/test1/c_system_formal/NIR_system_formal/host_computer/predictor_train/pytorch_predictor/spectrum_model.jit"
2026-03-04 15:23:23.722 [DEBUG] 找到模型文件: "/media/linxi-ice-2/CCCOMA_X64FRE_ZH-CN_DV9/test1/c_system_formal/NIR_system_formal/host_computer/predictor_train/pytorch_predictor/spectrum_model.jit"
2026-03-04 15:23:23.769 [DEBUG] PyTorch 模型加载成功: /media/linxi-ice-2/CCCOMA_X64FRE_ZH-CN_DV9/test1/c_system_formal/NIR_system_formal/host_computer/predictor_train/pytorch_predictor/spectrum_model.jit
2026-03-04 15:23:23.781 [DEBUG] 模型加载成功: "/media/linxi-ice-2/CCCOMA_X64FRE_ZH-CN_DV9/test1/c_system_formal/NIR_system_formal/host_computer/predictor_train/pytorch_predictor/spectrum_model.jit" 预测器: "PyTorch 神经网络预测器"
2026-03-04 15:23:24.193 [DEBUG] [SystemMonitor] (sysinfo) totalBytes: 1.67493e+10 freeBytes: 6.0735e+09 memoryUsage(MB): 10181.3 / 15973.4
2026-03-04 15:23:24.203 [DEBUG] [SystemMonitor] cpuUsage: 0 cpuTemp: 58.95 memUsed(MB): 10181.3 / 15973.4 diskUsed(GB): 45.3159 / 57.9994
2026-03-04 15:23:25.244 [DEBUG] [SystemMonitor] (sysinfo) totalBytes: 1.67493e+10 freeBytes: 6.07455e+09 memoryUsage(MB): 10180.3 / 15973.4
2026-03-04 15:23:25.254 [DEBUG] [SystemMonitor] cpuUsage: 3.83693 cpuTemp: 56.2 memUsed(MB): 10180.3 / 15973.4 diskUsed(GB): 45.3159 / 57.9994
2026-03-04 15:23:26.287 [DEBUG] [SystemMonitor] (sysinfo) totalBytes: 1.67493e+10 freeBytes: 6.06107e+09 memoryUsage(MB): 10193.1 / 15973.4
2026-03-04 15:23:26.300 [DEBUG] [SystemMonitor] cpuUsage: 5.27578 cpuTemp: 55.65 memUsed(MB): 10193.1 / 15973.4 diskUsed(GB): 45.3159 / 57.9994
2026-03-04 15:23:27.287 [DEBUG] [SystemMonitor] (sysinfo) totalBytes: 1.67493e+10 freeBytes: 6.06451e+09 memoryUsage(MB): 10189.8 / 15973.4
2026-03-04 15:23:27.301 [DEBUG] [SystemMonitor] cpuUsage: 6.03015 cpuTemp: 57.85 memUsed(MB): 10189.8 / 15973.4 diskUsed(GB): 45.3159 / 57.9994
2026-03-04 15:23:28.287 [DEBUG] [SystemMonitor] (sysinfo) totalBytes: 1.67493e+10 freeBytes: 6.0597e+09 memoryUsage(MB): 10194.4 / 15973.4
2026-03-04 15:23:28.302 [DEBUG] [SystemMonitor] cpuUsage: 9.27318 cpuTemp: 55.65 memUsed(MB): 10194.4 / 15973.4 diskUsed(GB): 45.3159 / 57.9994
2026-03-04 15:23:29.287 [DEBUG] [SystemMonitor] (sysinfo) totalBytes: 1.67493e+10 freeBytes: 6.05766e+09 memoryUsage(MB): 10196.4 / 15973.4
2026-03-04 15:23:29.306 [DEBUG] [SystemMonitor] cpuUsage: 7.80856 cpuTemp: 56.75 memUsed(MB): 10196.4 / 15973.4 diskUsed(GB): 45.3159 / 57.9994
2026-03-04 15:23:30.287 [DEBUG] [SystemMonitor] (sysinfo) totalBytes: 1.67493e+10 freeBytes: 6.05721e+09 memoryUsage(MB): 10196.8 / 15973.4
2026-03-04 15:23:30.292 [DEBUG] [SystemMonitor] cpuUsage: 7.28643 cpuTemp: 56.2 memUsed(MB): 10196.8 / 15973.4 diskUsed(GB): 45.3159 / 57.9994
2026-03-04 15:23:31.287 [DEBUG] [SystemMonitor] (sysinfo) totalBytes: 1.67493e+10 freeBytes: 6.06726e+09 memoryUsage(MB): 10187.2 / 15973.4
2026-03-04 15:23:31.291 [DEBUG] [SystemMonitor] cpuUsage: 3.77834 cpuTemp: 57.85 memUsed(MB): 10187.2 / 15973.4 diskUsed(GB): 45.3159 / 57.9994
2026-03-04 15:23:32.287 [DEBUG] [SystemMonitor] (sysinfo) totalBytes: 1.67493e+10 freeBytes: 6.06471e+09 memoryUsage(MB): 10189.6 / 15973.4
2026-03-04 15:23:32.291 [DEBUG] [SystemMonitor] cpuUsage: 3.76884 cpuTemp: 57.85 memUsed(MB): 10189.6 / 15973.4 diskUsed(GB): 45.3159 / 57.9994
2026-03-04 15:23:33.287 [DEBUG] [SystemMonitor] (sysinfo) totalBytes: 1.67493e+10 freeBytes: 6.06394e+09 memoryUsage(MB): 10190.4 / 15973.4
2026-03-04 15:23:33.291 [DEBUG] [SystemMonitor] cpuUsage: 4.5 cpuTemp: 56.2 memUsed(MB): 10190.4 / 15973.4 diskUsed(GB): 45.3159 / 57.9994
2026-03-04 15:23:34.287 [DEBUG] [SystemMonitor] (sysinfo) totalBytes: 1.67493e+10 freeBytes: 6.07302e+09 memoryUsage(MB): 10181.7 / 15973.4
2026-03-04 15:23:34.292 [DEBUG] [SystemMonitor] cpuUsage: 3.26633 cpuTemp: 56.75 memUsed(MB): 10181.7 / 15973.4 diskUsed(GB): 45.3159 / 57.9994
2026-03-04 15:23:35.287 [DEBUG] [SystemMonitor] (sysinfo) totalBytes: 1.67493e+10 freeBytes: 6.07177e+09 memoryUsage(MB): 10182.9 / 15973.4
2026-03-04 15:23:35.291 [DEBUG] [SystemMonitor] cpuUsage: 4.0201 cpuTemp: 56.75 memUsed(MB): 10182.9 / 15973.4 diskUsed(GB): 45.3159 / 57.9994
2026-03-04 15:23:36.287 [DEBUG] [SystemMonitor] (sysinfo) totalBytes: 1.67493e+10 freeBytes: 6.07078e+09 memoryUsage(MB): 10183.9 / 15973.4
2026-03-04 15:23:36.291 [DEBUG] [SystemMonitor] cpuUsage: 3.76884 cpuTemp: 56.2 memUsed(MB): 10183.9 / 15973.4 diskUsed(GB): 45.3159 / 57.9994
2026-03-04 15:23:37.287 [DEBUG] [SystemMonitor] (sysinfo) totalBytes: 1.67493e+10 freeBytes: 6.06717e+09 memoryUsage(MB): 10187.3 / 15973.4
2026-03-04 15:23:37.292 [DEBUG] [SystemMonitor] cpuUsage: 4.0201 cpuTemp: 56.75 memUsed(MB): 10187.3 / 15973.4 diskUsed(GB): 45.3159 / 57.9994
2026-03-04 15:23:38.287 [DEBUG] [SystemMonitor] (sysinfo) totalBytes: 1.67493e+10 freeBytes: 6.06307e+09 memoryUsage(MB): 10191.2 / 15973.4
2026-03-04 15:23:38.292 [DEBUG] [SystemMonitor] cpuUsage: 3.50877 cpuTemp: 57.3 memUsed(MB): 10191.2 / 15973.4 diskUsed(GB): 45.3159 / 57.9994
2026-03-04 15:23:39.287 [DEBUG] [SystemMonitor] (sysinfo) totalBytes: 1.67493e+10 freeBytes: 6.06281e+09 memoryUsage(MB): 10191.5 / 15973.4
2026-03-04 15:23:39.292 [DEBUG] [SystemMonitor] cpuUsage: 6.80101 cpuTemp: 56.75 memUsed(MB): 10191.5 / 15973.4 diskUsed(GB): 45.3159 / 57.9994
2026-03-04 15:23:40.286 [DEBUG] [SystemMonitor] (sysinfo) totalBytes: 1.67493e+10 freeBytes: 6.05614e+09 memoryUsage(MB): 10197.8 / 15973.4
2026-03-04 15:23:40.291 [DEBUG] [SystemMonitor] cpuUsage: 6.04534 cpuTemp: 58.4 memUsed(MB): 10197.8 / 15973.4 diskUsed(GB): 45.3159 / 57.9994
2026-03-04 15:23:41.287 [DEBUG] [SystemMonitor] (sysinfo) totalBytes: 1.67493e+10 freeBytes: 6.06088e+09 memoryUsage(MB): 10193.3 / 15973.4
2026-03-04 15:23:41.292 [DEBUG] [SystemMonitor] cpuUsage: 8.54271 cpuTemp: 57.3 memUsed(MB): 10193.3 / 15973.4 diskUsed(GB): 45.3159 / 57.9994
2026-03-04 15:23:42.287 [DEBUG] [SystemMonitor] (sysinfo) totalBytes: 1.67493e+10 freeBytes: 6.05835e+09 memoryUsage(MB): 10195.7 / 15973.4
2026-03-04 15:23:42.292 [DEBUG] [SystemMonitor] cpuUsage: 5.27638 cpuTemp: 56.75 memUsed(MB): 10195.7 / 15973.4 diskUsed(GB): 45.3159 / 57.9994
2026-03-04 15:23:43.287 [DEBUG] [SystemMonitor] (sysinfo) totalBytes: 1.67493e+10 freeBytes: 6.05609e+09 memoryUsage(MB): 10197.9 / 15973.4
2026-03-04 15:23:43.291 [DEBUG] [SystemMonitor] cpuUsage: 7.76942 cpuTemp: 57.3 memUsed(MB): 10197.9 / 15973.4 diskUsed(GB): 45.3159 / 57.9994
2026-03-04 15:23:44.287 [DEBUG] [SystemMonitor] (sysinfo) totalBytes: 1.67493e+10 freeBytes: 6.05506e+09 memoryUsage(MB): 10198.9 / 15973.4
2026-03-04 15:23:44.292 [DEBUG] [SystemMonitor] cpuUsage: 3.78788 cpuTemp: 56.75 memUsed(MB): 10198.9 / 15973.4 diskUsed(GB): 45.3159 / 57.9994
2026-03-04 15:23:45.287 [DEBUG] [SystemMonitor] (sysinfo) totalBytes: 1.67493e+10 freeBytes: 6.05118e+09 memoryUsage(MB): 10202.5 / 15973.4
2026-03-04 15:23:45.291 [DEBUG] [SystemMonitor] cpuUsage: 14.5729 cpuTemp: 57.85 memUsed(MB): 10202.5 / 15973.4 diskUsed(GB): 45.3159 / 57.9994
2026-03-04 15:23:46.288 [DEBUG] [SystemMonitor] (sysinfo) totalBytes: 1.67493e+10 freeBytes: 6.04636e+09 memoryUsage(MB): 10207.2 / 15973.4
2026-03-04 15:23:46.292 [DEBUG] [SystemMonitor] cpuUsage: 13.3166 cpuTemp: 57.3 memUsed(MB): 10207.2 / 15973.4 diskUsed(GB): 45.3159 / 57.9994
2026-03-04 15:23:47.287 [DEBUG] [SystemMonitor] (sysinfo) totalBytes: 1.67493e+10 freeBytes: 6.04564e+09 memoryUsage(MB): 10207.8 / 15973.4
2026-03-04 15:23:47.292 [DEBUG] [SystemMonitor] cpuUsage: 10.3535 cpuTemp: 56.75 memUsed(MB): 10207.8 / 15973.4 diskUsed(GB): 45.3159 / 57.9994
2026-03-04 15:23:48.287 [DEBUG] [SystemMonitor] (sysinfo) totalBytes: 1.67493e+10 freeBytes: 6.04714e+09 memoryUsage(MB): 10206.4 / 15973.4
2026-03-04 15:23:48.292 [DEBUG] [SystemMonitor] cpuUsage: 7.25 cpuTemp: 57.85 memUsed(MB): 10206.4 / 15973.4 diskUsed(GB): 45.3159 / 57.9994
2026-03-04 15:23:49.287 [DEBUG] [SystemMonitor] (sysinfo) totalBytes: 1.67493e+10 freeBytes: 6.04586e+09 memoryUsage(MB): 10207.6 / 15973.4
2026-03-04 15:23:49.291 [DEBUG] [SystemMonitor] cpuUsage: 5.55556 cpuTemp: 58.4 memUsed(MB): 10207.6 / 15973.4 diskUsed(GB): 45.3159 / 57.9994
2026-03-04 15:23:50.287 [DEBUG] [SystemMonitor] (sysinfo) totalBytes: 1.67493e+10 freeBytes: 6.04173e+09 memoryUsage(MB): 10211.6 / 15973.4
2026-03-04 15:23:50.292 [DEBUG] [SystemMonitor] cpuUsage: 4.27136 cpuTemp: 57.3 memUsed(MB): 10211.6 / 15973.4 diskUsed(GB): 45.3159 / 57.9994
2026-03-04 15:23:51.287 [DEBUG] [SystemMonitor] (sysinfo) totalBytes: 1.67493e+10 freeBytes: 6.04074e+09 memoryUsage(MB): 10212.5 / 15973.4
2026-03-04 15:23:51.291 [DEBUG] [SystemMonitor] cpuUsage: 25.3133 cpuTemp: 60.05 memUsed(MB): 10212.5 / 15973.4 diskUsed(GB): 45.3159 / 57.9994
2026-03-04 15:23:52.287 [DEBUG] [SystemMonitor] (sysinfo) totalBytes: 1.67493e+10 freeBytes: 6.0387e+09 memoryUsage(MB): 10214.4 / 15973.4
2026-03-04 15:23:52.292 [DEBUG] [SystemMonitor] cpuUsage: 4 cpuTemp: 57.85 memUsed(MB): 10214.4 / 15973.4 diskUsed(GB): 45.3159 / 57.9994
2026-03-04 15:23:53.287 [DEBUG] [SystemMonitor] (sysinfo) totalBytes: 1.67493e+10 freeBytes: 6.04572e+09 memoryUsage(MB): 10207.8 / 15973.4
2026-03-04 15:23:53.292 [DEBUG] [SystemMonitor] cpuUsage: 4.29293 cpuTemp: 56.75 memUsed(MB): 10207.8 / 15973.4 diskUsed(GB): 45.3159 / 57.9994
2026-03-04 15:23:54.287 [DEBUG] [SystemMonitor] (sysinfo) totalBytes: 1.67493e+10 freeBytes: 6.04682e+09 memoryUsage(MB): 10206.7 / 15973.4
2026-03-04 15:23:54.292 [DEBUG] [SystemMonitor] cpuUsage: 10.0756 cpuTemp: 57.3 memUsed(MB): 10206.7 / 15973.4 diskUsed(GB): 45.3159 / 57.9994
2026-03-04 15:23:55.287 [DEBUG] [SystemMonitor] (sysinfo) totalBytes: 1.67493e+10 freeBytes: 6.0514e+09 memoryUsage(MB): 10202.3 / 15973.4
2026-03-04 15:23:55.291 [DEBUG] [SystemMonitor] cpuUsage: 11.3065 cpuTemp: 58.4 memUsed(MB): 10202.3 / 15973.4 diskUsed(GB): 45.3159 / 57.9994
2026-03-04 15:58:48.683 [WARN] qrc:/Main.qml:3127:13: QML Dialog: Binding loop detected for property "implicitWidth":
qrc:/qt-project.org/imports/QtQuick/Controls/Fusion/Dialog.qml:14:5
2026-03-04 15:58:48.684 [WARN] qrc:/Main.qml:3127:13: QML Dialog: Binding loop detected for property "implicitWidth":
qrc:/qt-project.org/imports/QtQuick/Controls/Fusion/Dialog.qml:14:5
2026-03-04 15:58:48.697 [DEBUG] 找到模型文件: "/media/linxi-ice-2/CCCOMA_X64FRE_ZH-CN_DV9/test1/c_system_formal/NIR_system_formal/host_computer/predictor_train/pytorch_predictor/spectrum_model.jit"
2026-03-04 15:58:48.846 [DEBUG] 找到模型文件: "/media/linxi-ice-2/CCCOMA_X64FRE_ZH-CN_DV9/test1/c_system_formal/NIR_system_formal/host_computer/predictor_train/pytorch_predictor/spectrum_model.jit"
2026-03-04 15:58:48.892 [DEBUG] PyTorch 模型加载成功: /media/linxi-ice-2/CCCOMA_X64FRE_ZH-CN_DV9/test1/c_system_formal/NIR_system_formal/host_computer/predictor_train/pytorch_predictor/spectrum_model.jit
2026-03-04 15:58:48.903 [DEBUG] 模型加载成功: "/media/linxi-ice-2/CCCOMA_X64FRE_ZH-CN_DV9/test1/c_system_formal/NIR_system_formal/host_computer/predictor_train/pytorch_predictor/spectrum_model.jit" 预测器: "PyTorch 神经网络预测器"
2026-03-04 15:58:49.287 [DEBUG] [SystemMonitor] (sysinfo) totalBytes: 1.67493e+10 freeBytes: 5.93458e+09 memoryUsage(MB): 10313.7 / 15973.4
2026-03-04 15:58:49.296 [DEBUG] [SystemMonitor] cpuUsage: 0 cpuTemp: 57.85 memUsed(MB): 10313.7 / 15973.4 diskUsed(GB): 45.28 / 57.9994
2026-03-04 15:58:50.286 [DEBUG] [SystemMonitor] (sysinfo) totalBytes: 1.67493e+10 freeBytes: 5.94493e+09 memoryUsage(MB): 10303.9 / 15973.4
2026-03-04 15:58:50.297 [DEBUG] [SystemMonitor] cpuUsage: 6.26566 cpuTemp: 55.65 memUsed(MB): 10303.9 / 15973.4 diskUsed(GB): 45.28 / 57.9994
2026-03-04 15:58:51.287 [DEBUG] [SystemMonitor] (sysinfo) totalBytes: 1.67493e+10 freeBytes: 5.94533e+09 memoryUsage(MB): 10303.5 / 15973.4
2026-03-04 15:58:51.296 [DEBUG] [SystemMonitor] cpuUsage: 9.06801 cpuTemp: 57.3 memUsed(MB): 10303.5 / 15973.4 diskUsed(GB): 45.28 / 57.9994
2026-03-04 15:58:52.287 [DEBUG] [SystemMonitor] (sysinfo) totalBytes: 1.67493e+10 freeBytes: 5.9486e+09 memoryUsage(MB): 10300.4 / 15973.4
2026-03-04 15:58:52.298 [DEBUG] [SystemMonitor] cpuUsage: 12.4365 cpuTemp: 57.85 memUsed(MB): 10300.4 / 15973.4 diskUsed(GB): 45.28 / 57.9994
2026-03-04 15:58:53.287 [DEBUG] [SystemMonitor] (sysinfo) totalBytes: 1.67493e+10 freeBytes: 5.9457e+09 memoryUsage(MB): 10303.1 / 15973.4
2026-03-04 15:58:53.303 [DEBUG] [SystemMonitor] cpuUsage: 13.3838 cpuTemp: 55.65 memUsed(MB): 10303.1 / 15973.4 diskUsed(GB): 45.28 / 57.9994
2026-03-04 15:58:54.287 [DEBUG] [SystemMonitor] (sysinfo) totalBytes: 1.67493e+10 freeBytes: 5.94157e+09 memoryUsage(MB): 10307.1 / 15973.4
2026-03-04 15:58:54.306 [DEBUG] [SystemMonitor] cpuUsage: 7.80856 cpuTemp: 57.85 memUsed(MB): 10307.1 / 15973.4 diskUsed(GB): 45.28 / 57.9994
2026-03-04 15:58:54.672 [INFO] [主界面] 点击 开始获取光谱 按钮
2026-03-04 15:58:54.691 [INFO] [串口] ✓ 启动命令已发送到 /dev/ttyUSB0: 08 6B 00 00 00 3E 09 D7
2026-03-04 15:58:54.699 [INFO] [UDP] UDP接收已在运行
2026-03-04 15:58:54.707 [INFO] [UDP] ✗ 无法绑定UDP端口 1234: Cannot assign requested address
2026-03-04 15:58:55.287 [DEBUG] [SystemMonitor] (sysinfo) totalBytes: 1.67493e+10 freeBytes: 5.93614e+09 memoryUsage(MB): 10312.3 / 15973.4
2026-03-04 15:58:55.291 [DEBUG] [SystemMonitor] cpuUsage: 10.0503 cpuTemp: 56.2 memUsed(MB): 10312.3 / 15973.4 diskUsed(GB): 45.28 / 57.9994
2026-03-04 15:58:56.287 [DEBUG] [SystemMonitor] (sysinfo) totalBytes: 1.67493e+10 freeBytes: 5.93179e+09 memoryUsage(MB): 10316.4 / 15973.4
2026-03-04 15:58:56.291 [DEBUG] [SystemMonitor] cpuUsage: 4.77387 cpuTemp: 56.75 memUsed(MB): 10316.4 / 15973.4 diskUsed(GB): 45.28 / 57.9994
2026-03-04 15:58:57.287 [DEBUG] [SystemMonitor] (sysinfo) totalBytes: 1.67493e+10 freeBytes: 5.93104e+09 memoryUsage(MB): 10317.1 / 15973.4
2026-03-04 15:58:57.292 [DEBUG] [SystemMonitor] cpuUsage: 4.28212 cpuTemp: 56.75 memUsed(MB): 10317.1 / 15973.4 diskUsed(GB): 45.28 / 57.9994
2026-03-04 15:58:57.663 [INFO] [主界面] 点击 停止获取光谱 按钮
2026-03-04 15:58:57.681 [INFO] [串口] ✓ 停止命令已发送到 /dev/ttyUSB0: 08 6B 00 00 00 3E 09 D7
2026-03-04 15:58:58.287 [DEBUG] [SystemMonitor] (sysinfo) totalBytes: 1.67493e+10 freeBytes: 5.93079e+09 memoryUsage(MB): 10317.4 / 15973.4
2026-03-04 15:58:58.291 [DEBUG] [SystemMonitor] cpuUsage: 7.5188 cpuTemp: 56.75 memUsed(MB): 10317.4 / 15973.4 diskUsed(GB): 45.28 / 57.9994
2026-03-04 15:58:58.583 [INFO] [主界面] 点击 开始获取光谱 按钮
2026-03-04 15:58:58.602 [INFO] [串口] ✓ 启动命令已发送到 /dev/ttyUSB0: 08 6B 00 00 00 3E 09 D7
2026-03-04 15:58:58.609 [INFO] [UDP] UDP接收已在运行
2026-03-04 15:58:58.615 [INFO] [UDP] ✗ 无法绑定UDP端口 1234: Cannot assign requested address
2026-03-04 15:58:59.287 [DEBUG] [SystemMonitor] (sysinfo) totalBytes: 1.67493e+10 freeBytes: 5.93053e+09 memoryUsage(MB): 10317.6 / 15973.4
2026-03-04 15:58:59.292 [DEBUG] [SystemMonitor] cpuUsage: 7.80856 cpuTemp: 56.2 memUsed(MB): 10317.6 / 15973.4 diskUsed(GB): 45.28 / 57.9994
2026-03-04 15:59:00.287 [DEBUG] [SystemMonitor] (sysinfo) totalBytes: 1.67493e+10 freeBytes: 5.99657e+09 memoryUsage(MB): 10254.6 / 15973.4
2026-03-04 15:59:00.291 [DEBUG] [SystemMonitor] cpuUsage: 29.9748 cpuTemp: 57.85 memUsed(MB): 10254.6 / 15973.4 diskUsed(GB): 45.28 / 57.9994
2026-03-04 15:59:01.287 [DEBUG] [SystemMonitor] (sysinfo) totalBytes: 1.67493e+10 freeBytes: 5.9945e+09 memoryUsage(MB): 10256.6 / 15973.4
2026-03-04 15:59:01.291 [DEBUG] [SystemMonitor] cpuUsage: 5.01253 cpuTemp: 56.75 memUsed(MB): 10256.6 / 15973.4 diskUsed(GB): 45.28 / 57.9994
2026-03-04 15:59:02.287 [DEBUG] [SystemMonitor] (sysinfo) totalBytes: 1.67493e+10 freeBytes: 5.99425e+09 memoryUsage(MB): 10256.8 / 15973.4
2026-03-04 15:59:02.291 [DEBUG] [SystemMonitor] cpuUsage: 4.53401 cpuTemp: 57.3 memUsed(MB): 10256.8 / 15973.4 diskUsed(GB): 45.28 / 57.9994
2026-03-04 15:59:02.704 [INFO] [主界面] 点击 停止获取光谱 按钮
2026-03-04 15:59:02.721 [INFO] [串口] ✓ 停止命令已发送到 /dev/ttyUSB0: 08 6B 00 00 00 3E 09 D7
2026-03-04 15:59:03.287 [DEBUG] [SystemMonitor] (sysinfo) totalBytes: 1.67493e+10 freeBytes: 5.99609e+09 memoryUsage(MB): 10255.1 / 15973.4
2026-03-04 15:59:03.292 [DEBUG] [SystemMonitor] cpuUsage: 8.25 cpuTemp: 55.65 memUsed(MB): 10255.1 / 15973.4 diskUsed(GB): 45.28 / 57.9994
2026-03-04 15:59:04.287 [DEBUG] [SystemMonitor] (sysinfo) totalBytes: 1.67493e+10 freeBytes: 5.99584e+09 memoryUsage(MB): 10255.3 / 15973.4
2026-03-04 15:59:04.292 [DEBUG] [SystemMonitor] cpuUsage: 4.03023 cpuTemp: 56.2 memUsed(MB): 10255.3 / 15973.4 diskUsed(GB): 45.28 / 57.9994
2026-03-04 15:59:05.287 [DEBUG] [SystemMonitor] (sysinfo) totalBytes: 1.67493e+10 freeBytes: 5.99558e+09 memoryUsage(MB): 10255.6 / 15973.4
2026-03-04 15:59:05.291 [DEBUG] [SystemMonitor] cpuUsage: 4.27136 cpuTemp: 56.75 memUsed(MB): 10255.6 / 15973.4 diskUsed(GB): 45.28 / 57.9994
2026-03-04 15:59:06.287 [DEBUG] [SystemMonitor] (sysinfo) totalBytes: 1.67493e+10 freeBytes: 5.99455e+09 memoryUsage(MB): 10256.6 / 15973.4
2026-03-04 15:59:06.291 [DEBUG] [SystemMonitor] cpuUsage: 4.03023 cpuTemp: 55.65 memUsed(MB): 10256.6 / 15973.4 diskUsed(GB): 45.28 / 57.9994
2026-03-04 15:59:07.287 [DEBUG] [SystemMonitor] (sysinfo) totalBytes: 1.67493e+10 freeBytes: 5.9916e+09 memoryUsage(MB): 10259.4 / 15973.4
2026-03-04 15:59:07.291 [DEBUG] [SystemMonitor] cpuUsage: 4.0404 cpuTemp: 55.1 memUsed(MB): 10259.4 / 15973.4 diskUsed(GB): 45.28 / 57.9994
2026-03-04 15:59:08.287 [DEBUG] [SystemMonitor] (sysinfo) totalBytes: 1.67493e+10 freeBytes: 5.9916e+09 memoryUsage(MB): 10259.4 / 15973.4
2026-03-04 15:59:08.292 [DEBUG] [SystemMonitor] cpuUsage: 4.51128 cpuTemp: 56.2 memUsed(MB): 10259.4 / 15973.4 diskUsed(GB): 45.28 / 57.9994
2026-03-04 15:59:09.287 [DEBUG] [SystemMonitor] (sysinfo) totalBytes: 1.67493e+10 freeBytes: 5.9916e+09 memoryUsage(MB): 10259.4 / 15973.4
2026-03-04 15:59:09.291 [DEBUG] [SystemMonitor] cpuUsage: 4.53401 cpuTemp: 55.65 memUsed(MB): 10259.4 / 15973.4 diskUsed(GB): 45.28 / 57.9994
2026-03-04 15:59:09.489 [INFO] [主界面] 点击 开始获取光谱 按钮
2026-03-04 15:59:09.508 [INFO] [串口] ✓ 启动命令已发送到 /dev/ttyUSB0: 08 6B 00 00 00 3E 09 D7
2026-03-04 15:59:09.515 [INFO] [UDP] UDP接收已在运行
2026-03-04 15:59:09.522 [INFO] [UDP] ✗ 无法绑定UDP端口 1234: Cannot assign requested address
2026-03-04 15:59:10.288 [DEBUG] [SystemMonitor] (sysinfo) totalBytes: 1.67493e+10 freeBytes: 5.99206e+09 memoryUsage(MB): 10258.9 / 15973.4
2026-03-04 15:59:10.292 [DEBUG] [SystemMonitor] cpuUsage: 7.5 cpuTemp: 56.75 memUsed(MB): 10258.9 / 15973.4 diskUsed(GB): 45.28 / 57.9994
2026-03-04 15:59:11.287 [DEBUG] [SystemMonitor] (sysinfo) totalBytes: 1.67493e+10 freeBytes: 5.9918e+09 memoryUsage(MB): 10259.2 / 15973.4
2026-03-04 15:59:11.291 [DEBUG] [SystemMonitor] cpuUsage: 4.54545 cpuTemp: 55.1 memUsed(MB): 10259.2 / 15973.4 diskUsed(GB): 45.28 / 57.9994
2026-03-04 15:59:12.287 [DEBUG] [SystemMonitor] (sysinfo) totalBytes: 1.67493e+10 freeBytes: 5.99158e+09 memoryUsage(MB): 10259.4 / 15973.4
2026-03-04 15:59:12.291 [DEBUG] [SystemMonitor] cpuUsage: 4.28212 cpuTemp: 56.75 memUsed(MB): 10259.4 / 15973.4 diskUsed(GB): 45.28 / 57.9994
2026-03-04 15:59:13.287 [DEBUG] [SystemMonitor] (sysinfo) totalBytes: 1.67493e+10 freeBytes: 5.99158e+09 memoryUsage(MB): 10259.4 / 15973.4
2026-03-04 15:59:13.292 [DEBUG] [SystemMonitor] cpuUsage: 4.7619 cpuTemp: 55.65 memUsed(MB): 10259.4 / 15973.4 diskUsed(GB): 45.28 / 57.9994
2026-03-04 15:59:14.286 [DEBUG] [SystemMonitor] (sysinfo) totalBytes: 1.67493e+10 freeBytes: 5.99308e+09 memoryUsage(MB): 10258 / 15973.4
2026-03-04 15:59:14.291 [DEBUG] [SystemMonitor] cpuUsage: 5.02513 cpuTemp: 55.65 memUsed(MB): 10258 / 15973.4 diskUsed(GB): 45.28 / 57.9994
2026-03-04 15:59:15.287 [DEBUG] [SystemMonitor] (sysinfo) totalBytes: 1.67493e+10 freeBytes: 5.99308e+09 memoryUsage(MB): 10258 / 15973.4
2026-03-04 15:59:15.291 [DEBUG] [SystemMonitor] cpuUsage: 4.26065 cpuTemp: 55.65 memUsed(MB): 10258 / 15973.4 diskUsed(GB): 45.28 / 57.9994
2026-03-04 15:59:16.287 [DEBUG] [SystemMonitor] (sysinfo) totalBytes: 1.67493e+10 freeBytes: 5.99105e+09 memoryUsage(MB): 10259.9 / 15973.4
2026-03-04 15:59:16.292 [DEBUG] [SystemMonitor] cpuUsage: 6.78392 cpuTemp: 55.65 memUsed(MB): 10259.9 / 15973.4 diskUsed(GB): 45.28 / 57.9994
2026-03-04 15:59:17.287 [DEBUG] [SystemMonitor] (sysinfo) totalBytes: 1.67493e+10 freeBytes: 5.99076e+09 memoryUsage(MB): 10260.2 / 15973.4
2026-03-04 15:59:17.291 [DEBUG] [SystemMonitor] cpuUsage: 5.05051 cpuTemp: 55.1 memUsed(MB): 10260.2 / 15973.4 diskUsed(GB): 45.28 / 57.9994
2026-03-04 15:59:18.287 [DEBUG] [SystemMonitor] (sysinfo) totalBytes: 1.67493e+10 freeBytes: 5.98663e+09 memoryUsage(MB): 10264.1 / 15973.4
2026-03-04 15:59:18.292 [DEBUG] [SystemMonitor] cpuUsage: 4.01003 cpuTemp: 56.75 memUsed(MB): 10264.1 / 15973.4 diskUsed(GB): 45.28 / 57.9994
2026-03-04 15:59:19.287 [DEBUG] [SystemMonitor] (sysinfo) totalBytes: 1.67493e+10 freeBytes: 5.99986e+09 memoryUsage(MB): 10251.5 / 15973.4
2026-03-04 15:59:19.291 [DEBUG] [SystemMonitor] cpuUsage: 15.0754 cpuTemp: 55.65 memUsed(MB): 10251.5 / 15973.4 diskUsed(GB): 45.28 / 57.9994
2026-03-04 15:59:20.287 [DEBUG] [SystemMonitor] (sysinfo) totalBytes: 1.67493e+10 freeBytes: 5.99754e+09 memoryUsage(MB): 10253.7 / 15973.4
2026-03-04 15:59:20.292 [DEBUG] [SystemMonitor] cpuUsage: 4.52261 cpuTemp: 56.75 memUsed(MB): 10253.7 / 15973.4 diskUsed(GB): 45.28 / 57.9994
2026-03-04 15:59:21.287 [DEBUG] [SystemMonitor] (sysinfo) totalBytes: 1.67493e+10 freeBytes: 5.99447e+09 memoryUsage(MB): 10256.6 / 15973.4
2026-03-04 15:59:21.291 [DEBUG] [SystemMonitor] cpuUsage: 4.78589 cpuTemp: 56.75 memUsed(MB): 10256.6 / 15973.4 diskUsed(GB): 45.28 / 57.9994
2026-03-04 15:59:22.287 [DEBUG] [SystemMonitor] (sysinfo) totalBytes: 1.67493e+10 freeBytes: 5.99608e+09 memoryUsage(MB): 10255.1 / 15973.4
2026-03-04 15:59:22.291 [DEBUG] [SystemMonitor] cpuUsage: 4.51128 cpuTemp: 55.1 memUsed(MB): 10255.1 / 15973.4 diskUsed(GB): 45.28 / 57.9994
2026-03-04 15:59:23.287 [DEBUG] [SystemMonitor] (sysinfo) totalBytes: 1.67493e+10 freeBytes: 5.99608e+09 memoryUsage(MB): 10255.1 / 15973.4
2026-03-04 15:59:23.291 [DEBUG] [SystemMonitor] cpuUsage: 4.51128 cpuTemp: 55.65 memUsed(MB): 10255.1 / 15973.4 diskUsed(GB): 45.28 / 57.9994
2026-03-04 15:59:24.287 [DEBUG] [SystemMonitor] (sysinfo) totalBytes: 1.67493e+10 freeBytes: 5.99585e+09 memoryUsage(MB): 10255.3 / 15973.4
2026-03-04 15:59:24.291 [DEBUG] [SystemMonitor] cpuUsage: 4.53401 cpuTemp: 55.1 memUsed(MB): 10255.3 / 15973.4 diskUsed(GB): 45.28 / 57.9994
2026-03-04 15:59:25.287 [DEBUG] [SystemMonitor] (sysinfo) totalBytes: 1.67493e+10 freeBytes: 5.99585e+09 memoryUsage(MB): 10255.3 / 15973.4
2026-03-04 15:59:25.292 [DEBUG] [SystemMonitor] cpuUsage: 4.53401 cpuTemp: 54.55 memUsed(MB): 10255.3 / 15973.4 diskUsed(GB): 45.28 / 57.9994
2026-03-04 15:59:26.287 [DEBUG] [SystemMonitor] (sysinfo) totalBytes: 1.67493e+10 freeBytes: 5.97861e+09 memoryUsage(MB): 10271.8 / 15973.4
2026-03-04 15:59:26.292 [DEBUG] [SystemMonitor] cpuUsage: 6.78392 cpuTemp: 55.65 memUsed(MB): 10271.8 / 15973.4 diskUsed(GB): 45.28 / 57.9994
2026-03-04 15:59:27.185 [INFO] [主界面] 点击 停止获取光谱 按钮
2026-03-04 15:59:27.209 [INFO] [串口] ✓ 停止命令已发送到 /dev/ttyUSB0: 08 6B 00 00 00 3E 09 D7
2026-03-04 15:59:27.286 [DEBUG] [SystemMonitor] (sysinfo) totalBytes: 1.67493e+10 freeBytes: 5.97789e+09 memoryUsage(MB): 10272.4 / 15973.4
2026-03-04 15:59:27.291 [DEBUG] [SystemMonitor] cpuUsage: 7.80856 cpuTemp: 56.75 memUsed(MB): 10272.4 / 15973.4 diskUsed(GB): 45.28 / 57.9994
2026-03-04 15:59:28.287 [DEBUG] [SystemMonitor] (sysinfo) totalBytes: 1.67493e+10 freeBytes: 5.97789e+09 memoryUsage(MB): 10272.4 / 15973.4
2026-03-04 15:59:28.291 [DEBUG] [SystemMonitor] cpuUsage: 4.05063 cpuTemp: 56.2 memUsed(MB): 10272.4 / 15973.4 diskUsed(GB): 45.28 / 57.9994
2026-03-04 15:59:29.287 [DEBUG] [SystemMonitor] (sysinfo) totalBytes: 1.67493e+10 freeBytes: 5.97789e+09 memoryUsage(MB): 10272.4 / 15973.4
2026-03-04 15:59:29.292 [DEBUG] [SystemMonitor] cpuUsage: 4.31472 cpuTemp: 56.2 memUsed(MB): 10272.4 / 15973.4 diskUsed(GB): 45.28 / 57.9994
2026-03-04 15:59:30.287 [DEBUG] [SystemMonitor] (sysinfo) totalBytes: 1.67493e+10 freeBytes: 5.97766e+09 memoryUsage(MB): 10272.7 / 15973.4
2026-03-04 15:59:30.291 [DEBUG] [SystemMonitor] cpuUsage: 6.29723 cpuTemp: 56.75 memUsed(MB): 10272.7 / 15973.4 diskUsed(GB): 45.28 / 57.9994
2026-03-04 15:59:31.287 [DEBUG] [SystemMonitor] (sysinfo) totalBytes: 1.67493e+10 freeBytes: 5.99243e+09 memoryUsage(MB): 10258.6 / 15973.4
2026-03-04 15:59:31.292 [DEBUG] [SystemMonitor] cpuUsage: 6.34518 cpuTemp: 56.75 memUsed(MB): 10258.6 / 15973.4 diskUsed(GB): 45.28 / 57.9994
2026-03-04 15:59:32.287 [DEBUG] [SystemMonitor] (sysinfo) totalBytes: 1.67493e+10 freeBytes: 5.99201e+09 memoryUsage(MB): 10259 / 15973.4
2026-03-04 15:59:32.291 [DEBUG] [SystemMonitor] cpuUsage: 6.34518 cpuTemp: 56.75 memUsed(MB): 10259 / 15973.4 diskUsed(GB): 45.28 / 57.9994
2026-03-04 15:59:32.818 [INFO] [主界面] 点击 开始获取光谱 按钮
2026-03-04 15:59:32.836 [INFO] [串口] ✓ 启动命令已发送到 /dev/ttyUSB0: 08 6B 00 00 00 3E 09 D7
2026-03-04 15:59:32.841 [INFO] [UDP] UDP接收已在运行
2026-03-04 15:59:32.846 [INFO] [UDP] ✓ UDP接收已启动，端口: 1234
2026-03-04 15:59:33.287 [DEBUG] [SystemMonitor] (sysinfo) totalBytes: 1.67493e+10 freeBytes: 5.99201e+09 memoryUsage(MB): 10259 / 15973.4
2026-03-04 15:59:33.291 [DEBUG] [SystemMonitor] cpuUsage: 9.52381 cpuTemp: 57.3 memUsed(MB): 10259 / 15973.4 diskUsed(GB): 45.28 / 57.9994
2026-03-04 15:59:33.435 [INFO] [串口] ✓ 启动命令已发送到 /dev/ttyUSB0: 08 6B 00 00 00 3E 09 D7
2026-03-04 15:59:33.442 [INFO] [UDP] UDP接收已在运行
2026-03-04 15:59:34.288 [DEBUG] [SystemMonitor] (sysinfo) totalBytes: 1.67493e+10 freeBytes: 5.87875e+09 memoryUsage(MB): 10367 / 15973.4
2026-03-04 15:59:34.295 [DEBUG] [SystemMonitor] cpuUsage: 60.0509 cpuTemp: 60.05 memUsed(MB): 10367 / 15973.4 diskUsed(GB): 45.28 / 57.9994
2026-03-04 15:59:35.305 [DEBUG] [SystemMonitor] (sysinfo) totalBytes: 1.67493e+10 freeBytes: 5.7379e+09 memoryUsage(MB): 10501.3 / 15973.4
2026-03-04 15:59:35.310 [DEBUG] [SystemMonitor] cpuUsage: 85.3234 cpuTemp: 61.7 memUsed(MB): 10501.3 / 15973.4 diskUsed(GB): 45.28 / 57.9994
2026-03-04 15:59:35.421 [DEBUG] [UdpCommunicator] Single spectrum length: 1024 , min: 351.768 , max: 10179.8 , packetCount: 3950
2026-03-04 15:59:35.427 [DEBUG] onSpectrumReady - 数据大小: 1024 minVal: 351.7681012658228 maxVal: 10179.798734177215
2026-03-04 15:59:36.287 [DEBUG] [SystemMonitor] (sysinfo) totalBytes: 1.67493e+10 freeBytes: 5.72675e+09 memoryUsage(MB): 10511.9 / 15973.4
2026-03-04 15:59:36.295 [DEBUG] [SystemMonitor] cpuUsage: 83.5476 cpuTemp: 61.7 memUsed(MB): 10511.9 / 15973.4 diskUsed(GB): 45.28 / 57.9994
2026-03-04 15:59:36.465 [DEBUG] [UdpCommunicator] Single spectrum length: 1024 , min: 373.16 , max: 8792.03 , packetCount: 3957
2026-03-04 15:59:36.471 [DEBUG] onSpectrumReady - 数据大小: 1024 minVal: 373.1604751074046 maxVal: 8792.028556987618
2026-03-04 15:59:37.289 [DEBUG] [SystemMonitor] (sysinfo) totalBytes: 1.67493e+10 freeBytes: 5.7228e+09 memoryUsage(MB): 10515.7 / 15973.4
2026-03-04 15:59:37.306 [DEBUG] [SystemMonitor] cpuUsage: 84.6939 cpuTemp: 63.9 memUsed(MB): 10515.7 / 15973.4 diskUsed(GB): 45.28 / 57.9994
2026-03-04 15:59:37.426 [DEBUG] [UdpCommunicator] Single spectrum length: 1024 , min: 376.085 , max: 8587.72 , packetCount: 3950
2026-03-04 15:59:37.430 [DEBUG] onSpectrumReady - 数据大小: 1024 minVal: 376.08506329113925 maxVal: 8587.72329113924
2026-03-04 15:59:37.850 [INFO] [主界面] 点击 停止获取光谱 按钮
2026-03-04 15:59:37.871 [INFO] [串口] ✓ 停止命令已发送到 /dev/ttyUSB0: 08 6B 00 00 00 3E 09 D7
2026-03-04 15:59:38.475 [INFO] [UDP] UDP接收已停止
2026-03-04 15:59:38.478 [DEBUG] [UdpCommunicator] Single spectrum length: 1024 , min: 392.654 , max: 6897.76 , packetCount: 3950
2026-03-04 15:59:38.482 [DEBUG] onSpectrumReady - 数据大小: 1024 minVal: 392.6539240506329 maxVal: 6897.759746835443
2026-03-04 15:59:38.528 [DEBUG] [SystemMonitor] (sysinfo) totalBytes: 1.67493e+10 freeBytes: 5.92718e+09 memoryUsage(MB): 10320.8 / 15973.4
2026-03-04 15:59:38.534 [DEBUG] [SystemMonitor] cpuUsage: 54.7862 cpuTemp: 61.15 memUsed(MB): 10320.8 / 15973.4 diskUsed(GB): 45.28 / 57.9994
2026-03-04 15:59:39.287 [DEBUG] [SystemMonitor] (sysinfo) totalBytes: 1.67493e+10 freeBytes: 5.92672e+09 memoryUsage(MB): 10321.2 / 15973.4
2026-03-04 15:59:39.293 [DEBUG] [SystemMonitor] cpuUsage: 14.2384 cpuTemp: 60.05 memUsed(MB): 10321.2 / 15973.4 diskUsed(GB): 45.28 / 57.9994
2026-03-04 15:59:40.287 [DEBUG] [SystemMonitor] (sysinfo) totalBytes: 1.67493e+10 freeBytes: 5.92237e+09 memoryUsage(MB): 10325.4 / 15973.4
2026-03-04 15:59:40.292 [DEBUG] [SystemMonitor] cpuUsage: 6.28141 cpuTemp: 59.5 memUsed(MB): 10325.4 / 15973.4 diskUsed(GB): 45.28 / 57.9994
2026-03-04 15:59:41.288 [DEBUG] [SystemMonitor] (sysinfo) totalBytes: 1.67493e+10 freeBytes: 5.92499e+09 memoryUsage(MB): 10322.9 / 15973.4
2026-03-04 15:59:41.295 [DEBUG] [SystemMonitor] cpuUsage: 22.5564 cpuTemp: 58.4 memUsed(MB): 10322.9 / 15973.4 diskUsed(GB): 45.28 / 57.9994
2026-03-04 15:59:42.287 [DEBUG] [SystemMonitor] (sysinfo) totalBytes: 1.67493e+10 freeBytes: 5.93091e+09 memoryUsage(MB): 10317.3 / 15973.4
2026-03-04 15:59:42.292 [DEBUG] [SystemMonitor] cpuUsage: 11.0276 cpuTemp: 56.75 memUsed(MB): 10317.3 / 15973.4 diskUsed(GB): 45.28 / 57.9994
2026-03-04 15:59:43.287 [DEBUG] [SystemMonitor] (sysinfo) totalBytes: 1.67493e+10 freeBytes: 5.93424e+09 memoryUsage(MB): 10314.1 / 15973.4
2026-03-04 15:59:43.292 [DEBUG] [SystemMonitor] cpuUsage: 5.51378 cpuTemp: 57.85 memUsed(MB): 10314.1 / 15973.4 diskUsed(GB): 45.28 / 57.9994
2026-03-04 15:59:44.287 [DEBUG] [SystemMonitor] (sysinfo) totalBytes: 1.67493e+10 freeBytes: 5.93545e+09 memoryUsage(MB): 10312.9 / 15973.4
2026-03-04 15:59:44.291 [DEBUG] [SystemMonitor] cpuUsage: 4.52261 cpuTemp: 56.75 memUsed(MB): 10312.9 / 15973.4 diskUsed(GB): 45.28 / 57.9994
2026-03-04 15:59:45.287 [DEBUG] [SystemMonitor] (sysinfo) totalBytes: 1.67493e+10 freeBytes: 5.93545e+09 memoryUsage(MB): 10312.9 / 15973.4
2026-03-04 15:59:45.292 [DEBUG] [SystemMonitor] cpuUsage: 4.03023 cpuTemp: 57.3 memUsed(MB): 10312.9 / 15973.4 diskUsed(GB): 45.28 / 57.9994
2026-03-04 15:59:46.287 [DEBUG] [SystemMonitor] (sysinfo) totalBytes: 1.67493e+10 freeBytes: 5.93545e+09 memoryUsage(MB): 10312.9 / 15973.4
2026-03-04 15:59:46.291 [DEBUG] [SystemMonitor] cpuUsage: 4.78589 cpuTemp: 55.65 memUsed(MB): 10312.9 / 15973.4 diskUsed(GB): 45.28 / 57.9994
2026-03-04 15:59:47.287 [DEBUG] [SystemMonitor] (sysinfo) totalBytes: 1.67493e+10 freeBytes: 5.93264e+09 memoryUsage(MB): 10315.6 / 15973.4
2026-03-04 15:59:47.292 [DEBUG] [SystemMonitor] cpuUsage: 6.5 cpuTemp: 56.2 memUsed(MB): 10315.6 / 15973.4 diskUsed(GB): 45.28 / 57.9994
2026-03-04 15:59:48.287 [DEBUG] [SystemMonitor] (sysinfo) totalBytes: 1.67493e+10 freeBytes: 5.93241e+09 memoryUsage(MB): 10315.8 / 15973.4
2026-03-04 15:59:48.291 [DEBUG] [SystemMonitor] cpuUsage: 4.28212 cpuTemp: 56.75 memUsed(MB): 10315.8 / 15973.4 diskUsed(GB): 45.28 / 57.9994
2026-03-04 15:59:49.287 [DEBUG] [SystemMonitor] (sysinfo) totalBytes: 1.67493e+10 freeBytes: 5.92854e+09 memoryUsage(MB): 10319.5 / 15973.4
2026-03-04 15:59:49.291 [DEBUG] [SystemMonitor] cpuUsage: 5.55556 cpuTemp: 57.3 memUsed(MB): 10319.5 / 15973.4 diskUsed(GB): 45.28 / 57.9994
2026-03-04 15:59:50.287 [DEBUG] [SystemMonitor] (sysinfo) totalBytes: 1.67493e+10 freeBytes: 5.92876e+09 memoryUsage(MB): 10319.3 / 15973.4
2026-03-04 15:59:50.292 [DEBUG] [SystemMonitor] cpuUsage: 4.52261 cpuTemp: 55.65 memUsed(MB): 10319.3 / 15973.4 diskUsed(GB): 45.28 / 57.9994
2026-03-04 15:59:51.287 [DEBUG] [SystemMonitor] (sysinfo) totalBytes: 1.67493e+10 freeBytes: 5.93135e+09 memoryUsage(MB): 10316.8 / 15973.4
2026-03-04 15:59:51.292 [DEBUG] [SystemMonitor] cpuUsage: 5.26316 cpuTemp: 56.75 memUsed(MB): 10316.8 / 15973.4 diskUsed(GB): 45.28 / 57.9994
2026-03-04 15:59:52.287 [DEBUG] [SystemMonitor] (sysinfo) totalBytes: 1.67493e+10 freeBytes: 5.93268e+09 memoryUsage(MB): 10315.6 / 15973.4
2026-03-04 15:59:52.292 [DEBUG] [SystemMonitor] cpuUsage: 4.7619 cpuTemp: 56.75 memUsed(MB): 10315.6 / 15973.4 diskUsed(GB): 45.28 / 57.9994
2026-03-04 15:59:53.287 [DEBUG] [SystemMonitor] (sysinfo) totalBytes: 1.67493e+10 freeBytes: 5.93356e+09 memoryUsage(MB): 10314.7 / 15973.4
2026-03-04 15:59:53.291 [DEBUG] [SystemMonitor] cpuUsage: 4.27136 cpuTemp: 57.3 memUsed(MB): 10314.7 / 15973.4 diskUsed(GB): 45.28 / 57.9994
2026-03-04 15:59:54.287 [DEBUG] [SystemMonitor] (sysinfo) totalBytes: 1.67493e+10 freeBytes: 5.93331e+09 memoryUsage(MB): 10315 / 15973.4
2026-03-04 15:59:54.291 [DEBUG] [SystemMonitor] cpuUsage: 3.77834 cpuTemp: 56.75 memUsed(MB): 10315 / 15973.4 diskUsed(GB): 45.28 / 57.9994
2026-03-04 15:59:55.287 [DEBUG] [SystemMonitor] (sysinfo) totalBytes: 1.67493e+10 freeBytes: 5.93305e+09 memoryUsage(MB): 10315.2 / 15973.4
2026-03-04 15:59:55.292 [DEBUG] [SystemMonitor] cpuUsage: 4.27136 cpuTemp: 56.75 memUsed(MB): 10315.2 / 15973.4 diskUsed(GB): 45.28 / 57.9994
2026-03-04 15:59:56.287 [DEBUG] [SystemMonitor] (sysinfo) totalBytes: 1.67493e+10 freeBytes: 5.94082e+09 memoryUsage(MB): 10307.8 / 15973.4
2026-03-04 15:59:56.292 [DEBUG] [SystemMonitor] cpuUsage: 4.77387 cpuTemp: 55.65 memUsed(MB): 10307.8 / 15973.4 diskUsed(GB): 45.28 / 57.9994
2026-03-04 15:59:57.287 [DEBUG] [SystemMonitor] (sysinfo) totalBytes: 1.67493e+10 freeBytes: 5.94056e+09 memoryUsage(MB): 10308 / 15973.4
2026-03-04 15:59:57.291 [DEBUG] [SystemMonitor] cpuUsage: 4.51128 cpuTemp: 57.85 memUsed(MB): 10308 / 15973.4 diskUsed(GB): 45.28 / 57.9994
2026-03-04 15:59:58.287 [DEBUG] [SystemMonitor] (sysinfo) totalBytes: 1.67493e+10 freeBytes: 5.94056e+09 memoryUsage(MB): 10308 / 15973.4
2026-03-04 15:59:58.292 [DEBUG] [SystemMonitor] cpuUsage: 3.52645 cpuTemp: 56.75 memUsed(MB): 10308 / 15973.4 diskUsed(GB): 45.28 / 57.9994
2026-03-04 15:59:59.287 [DEBUG] [SystemMonitor] (sysinfo) totalBytes: 1.67493e+10 freeBytes: 5.94169e+09 memoryUsage(MB): 10307 / 15973.4
2026-03-04 15:59:59.291 [DEBUG] [SystemMonitor] cpuUsage: 4.52261 cpuTemp: 56.2 memUsed(MB): 10307 / 15973.4 diskUsed(GB): 45.28 / 57.9994
2026-03-04 16:00:00.287 [DEBUG] [SystemMonitor] (sysinfo) totalBytes: 1.67493e+10 freeBytes: 5.94169e+09 memoryUsage(MB): 10307 / 15973.4
2026-03-04 16:00:00.292 [DEBUG] [SystemMonitor] cpuUsage: 4.27136 cpuTemp: 55.65 memUsed(MB): 10307 / 15973.4 diskUsed(GB): 45.28 / 57.9994
2026-03-04 16:00:01.287 [DEBUG] [SystemMonitor] (sysinfo) totalBytes: 1.67493e+10 freeBytes: 5.94169e+09 memoryUsage(MB): 10307 / 15973.4
2026-03-04 16:00:01.291 [DEBUG] [SystemMonitor] cpuUsage: 5.5 cpuTemp: 56.2 memUsed(MB): 10307 / 15973.4 diskUsed(GB): 45.28 / 57.9994
2026-03-04 16:00:02.287 [DEBUG] [SystemMonitor] (sysinfo) totalBytes: 1.67493e+10 freeBytes: 5.94147e+09 memoryUsage(MB): 10307.2 / 15973.4
2026-03-04 16:00:02.291 [DEBUG] [SystemMonitor] cpuUsage: 3.53535 cpuTemp: 56.2 memUsed(MB): 10307.2 / 15973.4 diskUsed(GB): 45.28 / 57.9994
2026-03-04 16:00:03.287 [DEBUG] [SystemMonitor] (sysinfo) totalBytes: 1.67493e+10 freeBytes: 5.94121e+09 memoryUsage(MB): 10307.4 / 15973.4
2026-03-04 16:00:03.291 [DEBUG] [SystemMonitor] cpuUsage: 4.26065 cpuTemp: 57.3 memUsed(MB): 10307.4 / 15973.4 diskUsed(GB): 45.28 / 57.9994
2026-03-04 16:00:04.287 [DEBUG] [SystemMonitor] (sysinfo) totalBytes: 1.67493e+10 freeBytes: 5.93656e+09 memoryUsage(MB): 10311.9 / 15973.4
2026-03-04 16:00:04.292 [DEBUG] [SystemMonitor] cpuUsage: 5.02513 cpuTemp: 55.65 memUsed(MB): 10311.9 / 15973.4 diskUsed(GB): 45.28 / 57.9994
2026-03-04 16:00:05.287 [DEBUG] [SystemMonitor] (sysinfo) totalBytes: 1.67493e+10 freeBytes: 5.93476e+09 memoryUsage(MB): 10313.6 / 15973.4
2026-03-04 16:00:05.291 [DEBUG] [SystemMonitor] cpuUsage: 5.75 cpuTemp: 54.55 memUsed(MB): 10313.6 / 15973.4 diskUsed(GB): 45.28 / 57.9994
2026-03-04 16:00:06.287 [DEBUG] [SystemMonitor] (sysinfo) totalBytes: 1.67493e+10 freeBytes: 5.93427e+09 memoryUsage(MB): 10314 / 15973.4
2026-03-04 16:00:06.292 [DEBUG] [SystemMonitor] cpuUsage: 4.0404 cpuTemp: 55.1 memUsed(MB): 10314 / 15973.4 diskUsed(GB): 45.28 / 57.9994
2026-03-04 16:00:07.287 [DEBUG] [SystemMonitor] (sysinfo) totalBytes: 1.67493e+10 freeBytes: 5.93427e+09 memoryUsage(MB): 10314 / 15973.4
2026-03-04 16:00:07.292 [DEBUG] [SystemMonitor] cpuUsage: 4.75 cpuTemp: 55.65 memUsed(MB): 10314 / 15973.4 diskUsed(GB): 45.28 / 57.9994
2026-03-04 16:00:08.287 [DEBUG] [SystemMonitor] (sysinfo) totalBytes: 1.67493e+10 freeBytes: 5.93427e+09 memoryUsage(MB): 10314 / 15973.4
2026-03-04 16:00:08.293 [DEBUG] [SystemMonitor] cpuUsage: 4.26065 cpuTemp: 56.2 memUsed(MB): 10314 / 15973.4 diskUsed(GB): 45.28 / 57.9994
2026-03-04 16:00:09.287 [DEBUG] [SystemMonitor] (sysinfo) totalBytes: 1.67493e+10 freeBytes: 5.93404e+09 memoryUsage(MB): 10314.3 / 15973.4
2026-03-04 16:00:09.291 [DEBUG] [SystemMonitor] cpuUsage: 4.53401 cpuTemp: 56.2 memUsed(MB): 10314.3 / 15973.4 diskUsed(GB): 45.28 / 57.9994
2026-03-04 16:00:10.287 [DEBUG] [SystemMonitor] (sysinfo) totalBytes: 1.67493e+10 freeBytes: 5.93404e+09 memoryUsage(MB): 10314.3 / 15973.4
2026-03-04 16:00:10.291 [DEBUG] [SystemMonitor] cpuUsage: 13.0326 cpuTemp: 57.3 memUsed(MB): 10314.3 / 15973.4 diskUsed(GB): 45.28 / 57.9994
2026-03-04 16:00:11.287 [DEBUG] [SystemMonitor] (sysinfo) totalBytes: 1.67493e+10 freeBytes: 5.93198e+09 memoryUsage(MB): 10316.2 / 15973.4
2026-03-04 16:00:11.291 [DEBUG] [SystemMonitor] cpuUsage: 5.02513 cpuTemp: 55.1 memUsed(MB): 10316.2 / 15973.4 diskUsed(GB): 45.28 / 57.9994
2026-03-04 16:00:12.287 [DEBUG] [SystemMonitor] (sysinfo) totalBytes: 1.67493e+10 freeBytes: 5.93198e+09 memoryUsage(MB): 10316.2 / 15973.4
2026-03-04 16:00:12.292 [DEBUG] [SystemMonitor] cpuUsage: 3.76884 cpuTemp: 55.65 memUsed(MB): 10316.2 / 15973.4 diskUsed(GB): 45.28 / 57.9994
2026-03-04 16:00:13.287 [DEBUG] [SystemMonitor] (sysinfo) totalBytes: 1.67493e+10 freeBytes: 5.93149e+09 memoryUsage(MB): 10316.7 / 15973.4
2026-03-04 16:00:13.291 [DEBUG] [SystemMonitor] cpuUsage: 5.28967 cpuTemp: 56.75 memUsed(MB): 10316.7 / 15973.4 diskUsed(GB): 45.28 / 57.9994
2026-03-04 16:00:14.287 [DEBUG] [SystemMonitor] (sysinfo) totalBytes: 1.67493e+10 freeBytes: 5.93123e+09 memoryUsage(MB): 10316.9 / 15973.4
2026-03-04 16:00:14.292 [DEBUG] [SystemMonitor] cpuUsage: 4.0404 cpuTemp: 56.75 memUsed(MB): 10316.9 / 15973.4 diskUsed(GB): 45.28 / 57.9994
2026-03-04 16:00:15.287 [DEBUG] [SystemMonitor] (sysinfo) totalBytes: 1.67493e+10 freeBytes: 5.931e+09 memoryUsage(MB): 10317.2 / 15973.4
2026-03-04 16:00:15.291 [DEBUG] [SystemMonitor] cpuUsage: 4.7619 cpuTemp: 56.75 memUsed(MB): 10317.2 / 15973.4 diskUsed(GB): 45.28 / 57.9994
2026-03-04 16:00:16.287 [DEBUG] [SystemMonitor] (sysinfo) totalBytes: 1.67493e+10 freeBytes: 5.93852e+09 memoryUsage(MB): 10310 / 15973.4
2026-03-04 16:00:16.291 [DEBUG] [SystemMonitor] cpuUsage: 4.51128 cpuTemp: 56.75 memUsed(MB): 10310 / 15973.4 diskUsed(GB): 45.28 / 57.9994
2026-03-04 16:00:17.287 [DEBUG] [SystemMonitor] (sysinfo) totalBytes: 1.67493e+10 freeBytes: 5.93852e+09 memoryUsage(MB): 10310 / 15973.4
2026-03-04 16:00:17.291 [DEBUG] [SystemMonitor] cpuUsage: 5.28967 cpuTemp: 56.75 memUsed(MB): 10310 / 15973.4 diskUsed(GB): 45.28 / 57.9994
2026-03-04 16:00:18.287 [DEBUG] [SystemMonitor] (sysinfo) totalBytes: 1.67493e+10 freeBytes: 5.93827e+09 memoryUsage(MB): 10310.2 / 15973.4
2026-03-04 16:00:18.292 [DEBUG] [SystemMonitor] cpuUsage: 4.5 cpuTemp: 54.55 memUsed(MB): 10310.2 / 15973.4 diskUsed(GB): 45.28 / 57.9994
2026-03-04 16:00:19.287 [DEBUG] [SystemMonitor] (sysinfo) totalBytes: 1.67493e+10 freeBytes: 5.93646e+09 memoryUsage(MB): 10312 / 15973.4
2026-03-04 16:00:19.292 [DEBUG] [SystemMonitor] cpuUsage: 5.02513 cpuTemp: 55.65 memUsed(MB): 10312 / 15973.4 diskUsed(GB): 45.28 / 57.9994
2026-03-04 16:00:20.287 [DEBUG] [SystemMonitor] (sysinfo) totalBytes: 1.67493e+10 freeBytes: 5.93646e+09 memoryUsage(MB): 10312 / 15973.4
2026-03-04 16:00:20.292 [DEBUG] [SystemMonitor] cpuUsage: 4.28212 cpuTemp: 56.75 memUsed(MB): 10312 / 15973.4 diskUsed(GB): 45.28 / 57.9994
2026-03-04 16:00:21.287 [DEBUG] [SystemMonitor] (sysinfo) totalBytes: 1.67493e+10 freeBytes: 5.9362e+09 memoryUsage(MB): 10312.2 / 15973.4
2026-03-04 16:00:21.290 [DEBUG] [SystemMonitor] cpuUsage: 6.01504 cpuTemp: 57.3 memUsed(MB): 10312.2 / 15973.4 diskUsed(GB): 45.28 / 57.9994
2026-03-04 16:00:22.287 [DEBUG] [SystemMonitor] (sysinfo) totalBytes: 1.67493e+10 freeBytes: 5.9362e+09 memoryUsage(MB): 10312.2 / 15973.4
2026-03-04 16:00:22.292 [DEBUG] [SystemMonitor] cpuUsage: 4.5 cpuTemp: 56.75 memUsed(MB): 10312.2 / 15973.4 diskUsed(GB): 45.28 / 57.9994
2026-03-04 16:00:23.287 [DEBUG] [SystemMonitor] (sysinfo) totalBytes: 1.67493e+10 freeBytes: 5.93967e+09 memoryUsage(MB): 10308.9 / 15973.4
2026-03-04 16:00:23.292 [DEBUG] [SystemMonitor] cpuUsage: 4.27136 cpuTemp: 56.75 memUsed(MB): 10308.9 / 15973.4 diskUsed(GB): 45.28 / 57.9994
2026-03-04 16:00:24.287 [DEBUG] [SystemMonitor] (sysinfo) totalBytes: 1.67493e+10 freeBytes: 5.93918e+09 memoryUsage(MB): 10309.4 / 15973.4
2026-03-04 16:00:24.291 [DEBUG] [SystemMonitor] cpuUsage: 4.03023 cpuTemp: 56.2 memUsed(MB): 10309.4 / 15973.4 diskUsed(GB): 45.28 / 57.9994
2026-03-04 16:00:25.287 [DEBUG] [SystemMonitor] (sysinfo) totalBytes: 1.67493e+10 freeBytes: 5.93737e+09 memoryUsage(MB): 10311.1 / 15973.4
2026-03-04 16:00:25.291 [DEBUG] [SystemMonitor] cpuUsage: 4.52261 cpuTemp: 55.1 memUsed(MB): 10311.1 / 15973.4 diskUsed(GB): 45.28 / 57.9994
2026-03-04 16:00:26.287 [DEBUG] [SystemMonitor] (sysinfo) totalBytes: 1.67493e+10 freeBytes: 5.93445e+09 memoryUsage(MB): 10313.9 / 15973.4
2026-03-04 16:00:26.291 [DEBUG] [SystemMonitor] cpuUsage: 32.8321 cpuTemp: 56.2 memUsed(MB): 10313.9 / 15973.4 diskUsed(GB): 45.28 / 57.9994
2026-03-04 16:00:27.287 [DEBUG] [SystemMonitor] (sysinfo) totalBytes: 1.67493e+10 freeBytes: 5.941e+09 memoryUsage(MB): 10307.6 / 15973.4
2026-03-04 16:00:27.292 [DEBUG] [SystemMonitor] cpuUsage: 5.51378 cpuTemp: 56.75 memUsed(MB): 10307.6 / 15973.4 diskUsed(GB): 45.28 / 57.9994
2026-03-04 16:00:28.287 [DEBUG] [SystemMonitor] (sysinfo) totalBytes: 1.67493e+10 freeBytes: 5.94077e+09 memoryUsage(MB): 10307.8 / 15973.4
2026-03-04 16:00:28.292 [DEBUG] [SystemMonitor] cpuUsage: 3.77834 cpuTemp: 57.3 memUsed(MB): 10307.8 / 15973.4 diskUsed(GB): 45.28 / 57.9994
2026-03-04 16:00:29.287 [DEBUG] [SystemMonitor] (sysinfo) totalBytes: 1.67493e+10 freeBytes: 5.94042e+09 memoryUsage(MB): 10308.2 / 15973.4
2026-03-04 16:00:29.291 [DEBUG] [SystemMonitor] cpuUsage: 5.77889 cpuTemp: 55.1 memUsed(MB): 10308.2 / 15973.4 diskUsed(GB): 45.28 / 57.9994
2026-03-04 16:00:30.287 [DEBUG] [SystemMonitor] (sysinfo) totalBytes: 1.67493e+10 freeBytes: 5.93836e+09 memoryUsage(MB): 10310.1 / 15973.4
2026-03-04 16:00:30.292 [DEBUG] [SystemMonitor] cpuUsage: 4.0201 cpuTemp: 56.75 memUsed(MB): 10310.1 / 15973.4 diskUsed(GB): 45.28 / 57.9994
2026-03-04 16:00:31.287 [DEBUG] [SystemMonitor] (sysinfo) totalBytes: 1.67493e+10 freeBytes: 5.94807e+09 memoryUsage(MB): 10300.9 / 15973.4
2026-03-04 16:00:31.290 [DEBUG] [SystemMonitor] cpuUsage: 8.83838 cpuTemp: 56.2 memUsed(MB): 10300.9 / 15973.4 diskUsed(GB): 45.28 / 57.9994
2026-03-04 16:00:32.287 [DEBUG] [SystemMonitor] (sysinfo) totalBytes: 1.67493e+10 freeBytes: 5.94386e+09 memoryUsage(MB): 10304.9 / 15973.4
2026-03-04 16:00:32.291 [DEBUG] [SystemMonitor] cpuUsage: 7.28643 cpuTemp: 57.3 memUsed(MB): 10304.9 / 15973.4 diskUsed(GB): 45.28 / 57.9994
2026-03-04 16:00:33.287 [DEBUG] [SystemMonitor] (sysinfo) totalBytes: 1.67493e+10 freeBytes: 5.94475e+09 memoryUsage(MB): 10304 / 15973.4
2026-03-04 16:00:33.292 [DEBUG] [SystemMonitor] cpuUsage: 7.82828 cpuTemp: 56.75 memUsed(MB): 10304 / 15973.4 diskUsed(GB): 45.28 / 57.9994
2026-03-04 16:00:34.287 [DEBUG] [SystemMonitor] (sysinfo) totalBytes: 1.67493e+10 freeBytes: 5.94272e+09 memoryUsage(MB): 10306 / 15973.4
2026-03-04 16:00:34.291 [DEBUG] [SystemMonitor] cpuUsage: 8.33333 cpuTemp: 56.2 memUsed(MB): 10306 / 15973.4 diskUsed(GB): 45.28 / 57.9994
2026-03-04 16:00:35.286 [DEBUG] [SystemMonitor] (sysinfo) totalBytes: 1.67493e+10 freeBytes: 5.93596e+09 memoryUsage(MB): 10312.4 / 15973.4
2026-03-04 16:00:35.290 [DEBUG] [SystemMonitor] cpuUsage: 21.4646 cpuTemp: 57.3 memUsed(MB): 10312.4 / 15973.4 diskUsed(GB): 45.28 / 57.9994
2026-03-04 16:00:36.287 [DEBUG] [SystemMonitor] (sysinfo) totalBytes: 1.67493e+10 freeBytes: 5.93323e+09 memoryUsage(MB): 10315 / 15973.4
2026-03-04 16:00:36.292 [DEBUG] [SystemMonitor] cpuUsage: 11.8987 cpuTemp: 56.75 memUsed(MB): 10315 / 15973.4 diskUsed(GB): 45.28 / 57.9994
2026-03-04 16:00:37.287 [DEBUG] [SystemMonitor] (sysinfo) totalBytes: 1.67493e+10 freeBytes: 5.9415e+09 memoryUsage(MB): 10307.2 / 15973.4
2026-03-04 16:00:37.292 [DEBUG] [SystemMonitor] cpuUsage: 4.53401 cpuTemp: 56.2 memUsed(MB): 10307.2 / 15973.4 diskUsed(GB): 45.28 / 57.9994
2026-03-04 16:00:38.287 [DEBUG] [SystemMonitor] (sysinfo) totalBytes: 1.67493e+10 freeBytes: 5.93711e+09 memoryUsage(MB): 10311.3 / 15973.4
2026-03-04 16:00:38.291 [DEBUG] [SystemMonitor] cpuUsage: 9.79899 cpuTemp: 57.3 memUsed(MB): 10311.3 / 15973.4 diskUsed(GB): 45.28 / 57.9994
2026-03-04 16:00:39.287 [DEBUG] [SystemMonitor] (sysinfo) totalBytes: 1.67493e+10 freeBytes: 5.93124e+09 memoryUsage(MB): 10316.9 / 15973.4
2026-03-04 16:00:39.292 [DEBUG] [SystemMonitor] cpuUsage: 7.53769 cpuTemp: 55.65 memUsed(MB): 10316.9 / 15973.4 diskUsed(GB): 45.28 / 57.9994
2026-03-04 16:00:40.287 [DEBUG] [SystemMonitor] (sysinfo) totalBytes: 1.67493e+10 freeBytes: 5.93124e+09 memoryUsage(MB): 10316.9 / 15973.4
2026-03-04 16:00:40.291 [DEBUG] [SystemMonitor] cpuUsage: 5.03778 cpuTemp: 57.3 memUsed(MB): 10316.9 / 15973.4 diskUsed(GB): 45.28 / 57.9994
2026-03-04 16:00:41.287 [DEBUG] [SystemMonitor] (sysinfo) totalBytes: 1.67493e+10 freeBytes: 5.93098e+09 memoryUsage(MB): 10317.2 / 15973.4
2026-03-04 16:00:41.291 [DEBUG] [SystemMonitor] cpuUsage: 5.77889 cpuTemp: 57.3 memUsed(MB): 10317.2 / 15973.4 diskUsed(GB): 45.28 / 57.9994
2026-03-04 16:00:42.287 [DEBUG] [SystemMonitor] (sysinfo) totalBytes: 1.67493e+10 freeBytes: 5.93034e+09 memoryUsage(MB): 10317.8 / 15973.4
2026-03-04 16:00:42.292 [DEBUG] [SystemMonitor] cpuUsage: 8.08081 cpuTemp: 56.2 memUsed(MB): 10317.8 / 15973.4 diskUsed(GB): 45.28 / 57.9994
2026-03-04 16:00:43.287 [DEBUG] [SystemMonitor] (sysinfo) totalBytes: 1.67493e+10 freeBytes: 5.93318e+09 memoryUsage(MB): 10315.1 / 15973.4
2026-03-04 16:00:43.292 [DEBUG] [SystemMonitor] cpuUsage: 8.06045 cpuTemp: 57.3 memUsed(MB): 10315.1 / 15973.4 diskUsed(GB): 45.28 / 57.9994
2026-03-04 16:00:44.287 [DEBUG] [SystemMonitor] (sysinfo) totalBytes: 1.67493e+10 freeBytes: 5.93294e+09 memoryUsage(MB): 10315.3 / 15973.4
2026-03-04 16:00:44.291 [DEBUG] [SystemMonitor] cpuUsage: 5.55556 cpuTemp: 56.75 memUsed(MB): 10315.3 / 15973.4 diskUsed(GB): 45.28 / 57.9994
2026-03-04 16:00:45.287 [DEBUG] [SystemMonitor] (sysinfo) totalBytes: 1.67493e+10 freeBytes: 5.92658e+09 memoryUsage(MB): 10321.4 / 15973.4
2026-03-04 16:00:45.291 [DEBUG] [SystemMonitor] cpuUsage: 22.7273 cpuTemp: 58.4 memUsed(MB): 10321.4 / 15973.4 diskUsed(GB): 45.28 / 57.9994
2026-03-04 16:00:46.287 [DEBUG] [SystemMonitor] (sysinfo) totalBytes: 1.67493e+10 freeBytes: 5.92585e+09 memoryUsage(MB): 10322.1 / 15973.4
2026-03-04 16:00:46.292 [DEBUG] [SystemMonitor] cpuUsage: 20.5063 cpuTemp: 57.85 memUsed(MB): 10322.1 / 15973.4 diskUsed(GB): 45.28 / 57.9994
2026-03-04 16:00:47.287 [DEBUG] [SystemMonitor] (sysinfo) totalBytes: 1.67493e+10 freeBytes: 5.92536e+09 memoryUsage(MB): 10322.5 / 15973.4
2026-03-04 16:00:47.292 [DEBUG] [SystemMonitor] cpuUsage: 6.78392 cpuTemp: 55.65 memUsed(MB): 10322.5 / 15973.4 diskUsed(GB): 45.28 / 57.9994
2026-03-04 16:00:48.287 [DEBUG] [SystemMonitor] (sysinfo) totalBytes: 1.67493e+10 freeBytes: 5.92536e+09 memoryUsage(MB): 10322.5 / 15973.4
2026-03-04 16:00:48.291 [DEBUG] [SystemMonitor] cpuUsage: 5.28967 cpuTemp: 57.3 memUsed(MB): 10322.5 / 15973.4 diskUsed(GB): 45.28 / 57.9994
2026-03-04 16:00:49.287 [DEBUG] [SystemMonitor] (sysinfo) totalBytes: 1.67493e+10 freeBytes: 5.92279e+09 memoryUsage(MB): 10325 / 15973.4
2026-03-04 16:00:49.291 [DEBUG] [SystemMonitor] cpuUsage: 6.76692 cpuTemp: 56.75 memUsed(MB): 10325 / 15973.4 diskUsed(GB): 45.28 / 57.9994
2026-03-04 16:00:50.287 [DEBUG] [SystemMonitor] (sysinfo) totalBytes: 1.67493e+10 freeBytes: 5.92279e+09 memoryUsage(MB): 10325 / 15973.4
2026-03-04 16:00:50.292 [DEBUG] [SystemMonitor] cpuUsage: 5.26316 cpuTemp: 56.2 memUsed(MB): 10325 / 15973.4 diskUsed(GB): 45.28 / 57.9994
2026-03-04 16:00:51.287 [DEBUG] [SystemMonitor] (sysinfo) totalBytes: 1.67493e+10 freeBytes: 5.92181e+09 memoryUsage(MB): 10325.9 / 15973.4
2026-03-04 16:00:51.291 [DEBUG] [SystemMonitor] cpuUsage: 7.0529 cpuTemp: 57.3 memUsed(MB): 10325.9 / 15973.4 diskUsed(GB): 45.28 / 57.9994
2026-03-04 16:00:52.287 [DEBUG] [SystemMonitor] (sysinfo) totalBytes: 1.67493e+10 freeBytes: 5.92181e+09 memoryUsage(MB): 10325.9 / 15973.4
2026-03-04 16:00:52.291 [DEBUG] [SystemMonitor] cpuUsage: 4.77387 cpuTemp: 55.65 memUsed(MB): 10325.9 / 15973.4 diskUsed(GB): 45.28 / 57.9994
2026-03-04 16:00:53.287 [DEBUG] [SystemMonitor] (sysinfo) totalBytes: 1.67493e+10 freeBytes: 5.91886e+09 memoryUsage(MB): 10328.7 / 15973.4
2026-03-04 16:00:53.291 [DEBUG] [SystemMonitor] cpuUsage: 16.6667 cpuTemp: 55.65 memUsed(MB): 10328.7 / 15973.4 diskUsed(GB): 45.28 / 57.9994
2026-03-04 16:00:53.752 [INFO] [串口] ✓ 设置曝光时间(约 200.00 µs)命令已发送到 /dev/ttyUSB0: 08 A4 00 04 33 3E 09 D7
2026-03-04 16:00:54.286 [DEBUG] [SystemMonitor] (sysinfo) totalBytes: 1.67493e+10 freeBytes: 5.91886e+09 memoryUsage(MB): 10328.7 / 15973.4
2026-03-04 16:00:54.291 [DEBUG] [SystemMonitor] cpuUsage: 9.02256 cpuTemp: 57.3 memUsed(MB): 10328.7 / 15973.4 diskUsed(GB): 45.28 / 57.9994
2026-03-04 16:00:55.287 [DEBUG] [SystemMonitor] (sysinfo) totalBytes: 1.67493e+10 freeBytes: 5.91863e+09 memoryUsage(MB): 10329 / 15973.4
2026-03-04 16:00:55.292 [DEBUG] [SystemMonitor] cpuUsage: 6.04534 cpuTemp: 57.3 memUsed(MB): 10329 / 15973.4 diskUsed(GB): 45.28 / 57.9994
2026-03-04 16:00:56.287 [DEBUG] [SystemMonitor] (sysinfo) totalBytes: 1.67493e+10 freeBytes: 5.91785e+09 memoryUsage(MB): 10329.7 / 15973.4
2026-03-04 16:00:56.291 [DEBUG] [SystemMonitor] cpuUsage: 5.27638 cpuTemp: 56.75 memUsed(MB): 10329.7 / 15973.4 diskUsed(GB): 45.28 / 57.9994
2026-03-04 16:00:56.886 [INFO] [串口] ✓ 设置读出时间(约 208.00 µs)命令已发送到 /dev/ttyUSB0: 08 A5 00 00 8C 3E 09 D7
2026-03-04 16:00:57.287 [DEBUG] [SystemMonitor] (sysinfo) totalBytes: 1.67493e+10 freeBytes: 5.9192e+09 memoryUsage(MB): 10328.4 / 15973.4
2026-03-04 16:00:57.291 [DEBUG] [SystemMonitor] cpuUsage: 7.80856 cpuTemp: 56.2 memUsed(MB): 10328.4 / 15973.4 diskUsed(GB): 45.28 / 57.9994
2026-03-04 16:00:58.288 [DEBUG] [SystemMonitor] (sysinfo) totalBytes: 1.67493e+10 freeBytes: 5.9192e+09 memoryUsage(MB): 10328.4 / 15973.4
2026-03-04 16:00:58.292 [DEBUG] [SystemMonitor] cpuUsage: 4.52261 cpuTemp: 57.3 memUsed(MB): 10328.4 / 15973.4 diskUsed(GB): 45.28 / 57.9994
2026-03-04 16:00:59.287 [DEBUG] [SystemMonitor] (sysinfo) totalBytes: 1.67493e+10 freeBytes: 5.9192e+09 memoryUsage(MB): 10328.4 / 15973.4
2026-03-04 16:00:59.291 [DEBUG] [SystemMonitor] cpuUsage: 4.0201 cpuTemp: 56.2 memUsed(MB): 10328.4 / 15973.4 diskUsed(GB): 45.28 / 57.9994
2026-03-04 16:01:00.287 [DEBUG] [SystemMonitor] (sysinfo) totalBytes: 1.67493e+10 freeBytes: 5.91895e+09 memoryUsage(MB): 10328.7 / 15973.4
2026-03-04 16:01:00.291 [DEBUG] [SystemMonitor] cpuUsage: 4.0201 cpuTemp: 56.75 memUsed(MB): 10328.7 / 15973.4 diskUsed(GB): 45.28 / 57.9994
2026-03-04 16:01:01.047 [INFO] [串口] ✓ 设置曝光时间(约 200.00 µs)命令已发送到 /dev/ttyUSB0: 08 A4 00 04 33 3E 09 D7
2026-03-04 16:01:01.287 [DEBUG] [SystemMonitor] (sysinfo) totalBytes: 1.67493e+10 freeBytes: 5.92026e+09 memoryUsage(MB): 10327.4 / 15973.4
2026-03-04 16:01:01.298 [DEBUG] [SystemMonitor] cpuUsage: 22.1662 cpuTemp: 59.5 memUsed(MB): 10327.4 / 15973.4 diskUsed(GB): 45.28 / 57.9994
2026-03-04 16:01:02.287 [DEBUG] [SystemMonitor] (sysinfo) totalBytes: 1.67493e+10 freeBytes: 5.93061e+09 memoryUsage(MB): 10317.5 / 15973.4
2026-03-04 16:01:02.292 [DEBUG] [SystemMonitor] cpuUsage: 15.5779 cpuTemp: 56.2 memUsed(MB): 10317.5 / 15973.4 diskUsed(GB): 45.28 / 57.9994
2026-03-04 16:01:02.593 [INFO] [串口] ✓ 设置读出时间(约 208.00 µs)命令已发送到 /dev/ttyUSB0: 08 A5 00 00 8C 3E 09 D7
2026-03-04 16:01:03.287 [DEBUG] [SystemMonitor] (sysinfo) totalBytes: 1.67493e+10 freeBytes: 5.93061e+09 memoryUsage(MB): 10317.5 / 15973.4
2026-03-04 16:01:03.293 [DEBUG] [SystemMonitor] cpuUsage: 6.80101 cpuTemp: 57.3 memUsed(MB): 10317.5 / 15973.4 diskUsed(GB): 45.28 / 57.9994
2026-03-04 16:01:04.287 [DEBUG] [SystemMonitor] (sysinfo) totalBytes: 1.67493e+10 freeBytes: 5.937e+09 memoryUsage(MB): 10311.4 / 15973.4
2026-03-04 16:01:04.292 [DEBUG] [SystemMonitor] cpuUsage: 4.77387 cpuTemp: 58.4 memUsed(MB): 10311.4 / 15973.4 diskUsed(GB): 45.28 / 57.9994
2026-03-04 16:01:05.287 [DEBUG] [SystemMonitor] (sysinfo) totalBytes: 1.67493e+10 freeBytes: 5.937e+09 memoryUsage(MB): 10311.4 / 15973.4
2026-03-04 16:01:05.291 [DEBUG] [SystemMonitor] cpuUsage: 5.05051 cpuTemp: 57.3 memUsed(MB): 10311.4 / 15973.4 diskUsed(GB): 45.28 / 57.9994
2026-03-04 16:01:06.287 [DEBUG] [SystemMonitor] (sysinfo) totalBytes: 1.67493e+10 freeBytes: 5.93913e+09 memoryUsage(MB): 10309.4 / 15973.4
2026-03-04 16:01:06.292 [DEBUG] [SystemMonitor] cpuUsage: 5.27638 cpuTemp: 57.3 memUsed(MB): 10309.4 / 15973.4 diskUsed(GB): 45.28 / 57.9994
2026-03-04 16:01:07.287 [DEBUG] [SystemMonitor] (sysinfo) totalBytes: 1.67493e+10 freeBytes: 5.94047e+09 memoryUsage(MB): 10308.1 / 15973.4
2026-03-04 16:01:07.292 [DEBUG] [SystemMonitor] cpuUsage: 5.03778 cpuTemp: 56.75 memUsed(MB): 10308.1 / 15973.4 diskUsed(GB): 45.28 / 57.9994
2026-03-04 16:01:08.287 [DEBUG] [SystemMonitor] (sysinfo) totalBytes: 1.67493e+10 freeBytes: 5.93659e+09 memoryUsage(MB): 10311.8 / 15973.4
2026-03-04 16:01:08.291 [DEBUG] [SystemMonitor] cpuUsage: 5.51378 cpuTemp: 56.75 memUsed(MB): 10311.8 / 15973.4 diskUsed(GB): 45.28 / 57.9994
2026-03-04 16:01:09.287 [DEBUG] [SystemMonitor] (sysinfo) totalBytes: 1.67493e+10 freeBytes: 5.93603e+09 memoryUsage(MB): 10312.4 / 15973.4
2026-03-04 16:01:09.292 [DEBUG] [SystemMonitor] cpuUsage: 5.03778 cpuTemp: 57.3 memUsed(MB): 10312.4 / 15973.4 diskUsed(GB): 45.28 / 57.9994
2026-03-04 16:01:10.287 [DEBUG] [SystemMonitor] (sysinfo) totalBytes: 1.67493e+10 freeBytes: 5.93705e+09 memoryUsage(MB): 10311.4 / 15973.4
2026-03-04 16:01:10.292 [DEBUG] [SystemMonitor] cpuUsage: 5.26316 cpuTemp: 57.3 memUsed(MB): 10311.4 / 15973.4 diskUsed(GB): 45.28 / 57.9994
2026-03-04 16:01:11.287 [DEBUG] [SystemMonitor] (sysinfo) totalBytes: 1.67493e+10 freeBytes: 5.93705e+09 memoryUsage(MB): 10311.4 / 15973.4
2026-03-04 16:01:11.291 [DEBUG] [SystemMonitor] cpuUsage: 8.83838 cpuTemp: 56.2 memUsed(MB): 10311.4 / 15973.4 diskUsed(GB): 45.28 / 57.9994
2026-03-04 16:01:12.287 [DEBUG] [SystemMonitor] (sysinfo) totalBytes: 1.67493e+10 freeBytes: 5.93705e+09 memoryUsage(MB): 10311.4 / 15973.4
2026-03-04 16:01:12.291 [DEBUG] [SystemMonitor] cpuUsage: 5.02513 cpuTemp: 57.3 memUsed(MB): 10311.4 / 15973.4 diskUsed(GB): 45.28 / 57.9994
2026-03-04 16:01:13.287 [DEBUG] [SystemMonitor] (sysinfo) totalBytes: 1.67493e+10 freeBytes: 5.93679e+09 memoryUsage(MB): 10311.6 / 15973.4
2026-03-04 16:01:13.291 [DEBUG] [SystemMonitor] cpuUsage: 4.29293 cpuTemp: 56.2 memUsed(MB): 10311.6 / 15973.4 diskUsed(GB): 45.28 / 57.9994
2026-03-04 16:01:14.287 [DEBUG] [SystemMonitor] (sysinfo) totalBytes: 1.67493e+10 freeBytes: 5.93601e+09 memoryUsage(MB): 10312.4 / 15973.4
2026-03-04 16:01:14.292 [DEBUG] [SystemMonitor] cpuUsage: 5.76441 cpuTemp: 55.65 memUsed(MB): 10312.4 / 15973.4 diskUsed(GB): 45.28 / 57.9994
2026-03-04 16:01:15.287 [DEBUG] [SystemMonitor] (sysinfo) totalBytes: 1.67493e+10 freeBytes: 5.93576e+09 memoryUsage(MB): 10312.6 / 15973.4
2026-03-04 16:01:15.291 [DEBUG] [SystemMonitor] cpuUsage: 5.54156 cpuTemp: 57.3 memUsed(MB): 10312.6 / 15973.4 diskUsed(GB): 45.28 / 57.9994
2026-03-04 16:01:16.287 [DEBUG] [SystemMonitor] (sysinfo) totalBytes: 1.67493e+10 freeBytes: 5.93576e+09 memoryUsage(MB): 10312.6 / 15973.4
2026-03-04 16:01:16.292 [DEBUG] [SystemMonitor] cpuUsage: 5.02513 cpuTemp: 56.75 memUsed(MB): 10312.6 / 15973.4 diskUsed(GB): 45.28 / 57.9994
2026-03-04 16:01:17.287 [DEBUG] [SystemMonitor] (sysinfo) totalBytes: 1.67493e+10 freeBytes: 5.93576e+09 memoryUsage(MB): 10312.6 / 15973.4
2026-03-04 16:01:17.291 [DEBUG] [SystemMonitor] cpuUsage: 6.28141 cpuTemp: 56.2 memUsed(MB): 10312.6 / 15973.4 diskUsed(GB): 45.28 / 57.9994
2026-03-04 16:01:18.287 [DEBUG] [SystemMonitor] (sysinfo) totalBytes: 1.67493e+10 freeBytes: 5.93498e+09 memoryUsage(MB): 10313.4 / 15973.4
2026-03-04 16:01:18.291 [DEBUG] [SystemMonitor] cpuUsage: 5.55556 cpuTemp: 56.75 memUsed(MB): 10313.4 / 15973.4 diskUsed(GB): 45.28 / 57.9994
2026-03-04 16:01:19.287 [DEBUG] [SystemMonitor] (sysinfo) totalBytes: 1.67493e+10 freeBytes: 5.93498e+09 memoryUsage(MB): 10313.4 / 15973.4
2026-03-04 16:01:19.291 [DEBUG] [SystemMonitor] cpuUsage: 6.01504 cpuTemp: 56.2 memUsed(MB): 10313.4 / 15973.4 diskUsed(GB): 45.28 / 57.9994
2026-03-04 16:01:20.287 [DEBUG] [SystemMonitor] (sysinfo) totalBytes: 1.67493e+10 freeBytes: 5.93498e+09 memoryUsage(MB): 10313.4 / 15973.4
2026-03-04 16:01:20.291 [DEBUG] [SystemMonitor] cpuUsage: 5.28967 cpuTemp: 56.75 memUsed(MB): 10313.4 / 15973.4 diskUsed(GB): 45.28 / 57.9994
2026-03-04 16:01:21.287 [DEBUG] [SystemMonitor] (sysinfo) totalBytes: 1.67493e+10 freeBytes: 5.93447e+09 memoryUsage(MB): 10313.9 / 15973.4
2026-03-04 16:01:21.291 [DEBUG] [SystemMonitor] cpuUsage: 5.52764 cpuTemp: 56.75 memUsed(MB): 10313.9 / 15973.4 diskUsed(GB): 45.28 / 57.9994
2026-03-04 16:01:21.755 [INFO] [串口] ✓ 设置读出时间(约 1080.00 µs)命令已发送到 /dev/ttyUSB0: 08 A5 00 02 D6 3E 09 D7
2026-03-04 16:01:22.287 [DEBUG] [SystemMonitor] (sysinfo) totalBytes: 1.67493e+10 freeBytes: 5.92977e+09 memoryUsage(MB): 10318.3 / 15973.4
2026-03-04 16:01:22.291 [DEBUG] [SystemMonitor] cpuUsage: 7.55668 cpuTemp: 56.75 memUsed(MB): 10318.3 / 15973.4 diskUsed(GB): 45.28 / 57.9994
2026-03-04 16:01:22.791 [INFO] [串口] ✓ 设置曝光时间(约 1000.00 µs)命令已发送到 /dev/ttyUSB0: 08 A4 00 15 00 3E 09 D7
2026-03-04 16:01:23.287 [DEBUG] [SystemMonitor] (sysinfo) totalBytes: 1.67493e+10 freeBytes: 5.92931e+09 memoryUsage(MB): 10318.8 / 15973.4
2026-03-04 16:01:23.291 [DEBUG] [SystemMonitor] cpuUsage: 8.06045 cpuTemp: 57.3 memUsed(MB): 10318.8 / 15973.4 diskUsed(GB): 45.28 / 57.9994
2026-03-04 16:01:23.323 [INFO] [串口] ✓ 设置读出时间(约 1080.00 µs)命令已发送到 /dev/ttyUSB0: 08 A5 00 02 D6 3E 09 D7
2026-03-04 16:01:24.287 [DEBUG] [SystemMonitor] (sysinfo) totalBytes: 1.67493e+10 freeBytes: 5.92857e+09 memoryUsage(MB): 10319.5 / 15973.4
2026-03-04 16:01:24.291 [DEBUG] [SystemMonitor] cpuUsage: 6.78392 cpuTemp: 56.75 memUsed(MB): 10319.5 / 15973.4 diskUsed(GB): 45.28 / 57.9994
2026-03-04 16:01:25.286 [DEBUG] [SystemMonitor] (sysinfo) totalBytes: 1.67493e+10 freeBytes: 5.92831e+09 memoryUsage(MB): 10319.7 / 15973.4
2026-03-04 16:01:25.291 [DEBUG] [SystemMonitor] cpuUsage: 5.55556 cpuTemp: 56.2 memUsed(MB): 10319.7 / 15973.4 diskUsed(GB): 45.28 / 57.9994
2026-03-04 16:01:26.286 [DEBUG] [SystemMonitor] (sysinfo) totalBytes: 1.67493e+10 freeBytes: 5.91128e+09 memoryUsage(MB): 10336 / 15973.4
2026-03-04 16:01:26.292 [DEBUG] [SystemMonitor] cpuUsage: 10.5528 cpuTemp: 56.2 memUsed(MB): 10336 / 15973.4 diskUsed(GB): 45.28 / 57.9994
2026-03-04 16:01:27.287 [DEBUG] [SystemMonitor] (sysinfo) totalBytes: 1.67493e+10 freeBytes: 5.91128e+09 memoryUsage(MB): 10336 / 15973.4
2026-03-04 16:01:27.292 [DEBUG] [SystemMonitor] cpuUsage: 7.03518 cpuTemp: 56.2 memUsed(MB): 10336 / 15973.4 diskUsed(GB): 45.28 / 57.9994
2026-03-04 16:01:27.811 [INFO] [主界面] 点击 开始获取光谱 按钮
2026-03-04 16:01:27.828 [INFO] [串口] ✓ 启动命令已发送到 /dev/ttyUSB0: 08 6B 00 00 00 3E 09 D7
2026-03-04 16:01:27.834 [INFO] [UDP] UDP接收已在运行
2026-03-04 16:01:27.840 [INFO] [UDP] ✓ UDP接收已启动，端口: 1234
2026-03-04 16:01:28.296 [DEBUG] [SystemMonitor] (sysinfo) totalBytes: 1.67493e+10 freeBytes: 5.90707e+09 memoryUsage(MB): 10340 / 15973.4
2026-03-04 16:01:28.301 [DEBUG] [SystemMonitor] cpuUsage: 23.8095 cpuTemp: 58.95 memUsed(MB): 10340 / 15973.4 diskUsed(GB): 45.28 / 57.9994
2026-03-04 16:01:29.292 [DEBUG] [SystemMonitor] (sysinfo) totalBytes: 1.67493e+10 freeBytes: 5.8946e+09 memoryUsage(MB): 10351.9 / 15973.4
2026-03-04 16:01:29.297 [DEBUG] [SystemMonitor] cpuUsage: 34.5269 cpuTemp: 58.95 memUsed(MB): 10351.9 / 15973.4 diskUsed(GB): 45.28 / 57.9994
2026-03-04 16:01:30.302 [DEBUG] [SystemMonitor] (sysinfo) totalBytes: 1.67493e+10 freeBytes: 5.88029e+09 memoryUsage(MB): 10365.5 / 15973.4
2026-03-04 16:01:30.308 [DEBUG] [SystemMonitor] cpuUsage: 34.0102 cpuTemp: 60.05 memUsed(MB): 10365.5 / 15973.4 diskUsed(GB): 45.28 / 57.9994
2026-03-04 16:01:31.302 [DEBUG] [SystemMonitor] (sysinfo) totalBytes: 1.67493e+10 freeBytes: 5.86926e+09 memoryUsage(MB): 10376 / 15973.4
2026-03-04 16:01:31.309 [DEBUG] [SystemMonitor] cpuUsage: 35.0384 cpuTemp: 59.5 memUsed(MB): 10376 / 15973.4 diskUsed(GB): 45.28 / 57.9994
2026-03-04 16:01:32.287 [DEBUG] [SystemMonitor] (sysinfo) totalBytes: 1.67493e+10 freeBytes: 5.85288e+09 memoryUsage(MB): 10391.7 / 15973.4
2026-03-04 16:01:32.290 [DEBUG] [SystemMonitor] cpuUsage: 33.8542 cpuTemp: 58.95 memUsed(MB): 10391.7 / 15973.4 diskUsed(GB): 45.28 / 57.9994
2026-03-04 16:01:33.299 [DEBUG] [SystemMonitor] (sysinfo) totalBytes: 1.67493e+10 freeBytes: 5.83061e+09 memoryUsage(MB): 10412.9 / 15973.4
2026-03-04 16:01:33.306 [DEBUG] [SystemMonitor] cpuUsage: 34.005 cpuTemp: 60.6 memUsed(MB): 10412.9 / 15973.4 diskUsed(GB): 45.28 / 57.9994
2026-03-04 16:01:34.289 [DEBUG] [SystemMonitor] (sysinfo) totalBytes: 1.67493e+10 freeBytes: 5.81398e+09 memoryUsage(MB): 10428.8 / 15973.4
2026-03-04 16:01:34.295 [DEBUG] [SystemMonitor] cpuUsage: 34.9741 cpuTemp: 58.95 memUsed(MB): 10428.8 / 15973.4 diskUsed(GB): 45.28 / 57.9994
2026-03-04 16:01:35.289 [DEBUG] [SystemMonitor] (sysinfo) totalBytes: 1.67493e+10 freeBytes: 5.79838e+09 memoryUsage(MB): 10443.6 / 15973.4
2026-03-04 16:01:35.294 [DEBUG] [SystemMonitor] cpuUsage: 36.1538 cpuTemp: 60.05 memUsed(MB): 10443.6 / 15973.4 diskUsed(GB): 45.28 / 57.9994
2026-03-04 16:01:36.292 [DEBUG] [SystemMonitor] (sysinfo) totalBytes: 1.67493e+10 freeBytes: 5.78149e+09 memoryUsage(MB): 10459.7 / 15973.4
2026-03-04 16:01:36.296 [DEBUG] [SystemMonitor] cpuUsage: 40.458 cpuTemp: 60.6 memUsed(MB): 10459.7 / 15973.4 diskUsed(GB): 45.28 / 57.9994
2026-03-04 16:01:36.937 [DEBUG] [UdpCommunicator] Single spectrum length: 1024 , min: 287.528 , max: 24144.2 , packetCount: 3950
2026-03-04 16:01:36.943 [DEBUG] onSpectrumReady - 数据大小: 1024 minVal: 287.52835443037975 maxVal: 24144.165316455696
2026-03-04 16:01:37.289 [DEBUG] [SystemMonitor] (sysinfo) totalBytes: 1.67493e+10 freeBytes: 5.76925e+09 memoryUsage(MB): 10471.4 / 15973.4
2026-03-04 16:01:37.294 [DEBUG] [SystemMonitor] cpuUsage: 50.2564 cpuTemp: 61.7 memUsed(MB): 10471.4 / 15973.4 diskUsed(GB): 45.28 / 57.9994
2026-03-04 16:01:38.289 [DEBUG] [SystemMonitor] (sysinfo) totalBytes: 1.67493e+10 freeBytes: 5.76397e+09 memoryUsage(MB): 10476.5 / 15973.4
2026-03-04 16:01:38.293 [DEBUG] [SystemMonitor] cpuUsage: 34.6154 cpuTemp: 58.95 memUsed(MB): 10476.5 / 15973.4 diskUsed(GB): 45.28 / 57.9994
2026-03-04 16:01:39.301 [DEBUG] [SystemMonitor] (sysinfo) totalBytes: 1.67493e+10 freeBytes: 5.77254e+09 memoryUsage(MB): 10468.3 / 15973.4
2026-03-04 16:01:39.307 [DEBUG] [SystemMonitor] cpuUsage: 35.9296 cpuTemp: 60.05 memUsed(MB): 10468.3 / 15973.4 diskUsed(GB): 45.28 / 57.9994
2026-03-04 16:01:40.287 [DEBUG] [SystemMonitor] (sysinfo) totalBytes: 1.67493e+10 freeBytes: 5.7748e+09 memoryUsage(MB): 10466.1 / 15973.4
2026-03-04 16:01:40.291 [DEBUG] [SystemMonitor] cpuUsage: 34.1969 cpuTemp: 61.7 memUsed(MB): 10466.1 / 15973.4 diskUsed(GB): 45.28 / 57.9994
2026-03-04 16:01:41.289 [DEBUG] [SystemMonitor] (sysinfo) totalBytes: 1.67493e+10 freeBytes: 5.77164e+09 memoryUsage(MB): 10469.1 / 15973.4
2026-03-04 16:01:41.293 [DEBUG] [SystemMonitor] cpuUsage: 34.1837 cpuTemp: 61.15 memUsed(MB): 10469.1 / 15973.4 diskUsed(GB): 45.28 / 57.9994
2026-03-04 16:01:42.289 [DEBUG] [SystemMonitor] (sysinfo) totalBytes: 1.67493e+10 freeBytes: 5.77391e+09 memoryUsage(MB): 10467 / 15973.4
2026-03-04 16:01:42.293 [DEBUG] [SystemMonitor] cpuUsage: 32.7366 cpuTemp: 59.5 memUsed(MB): 10467 / 15973.4 diskUsed(GB): 45.28 / 57.9994
2026-03-04 16:01:43.289 [DEBUG] [SystemMonitor] (sysinfo) totalBytes: 1.67493e+10 freeBytes: 5.77448e+09 memoryUsage(MB): 10466.4 / 15973.4
2026-03-04 16:01:43.293 [DEBUG] [SystemMonitor] cpuUsage: 34.1026 cpuTemp: 61.15 memUsed(MB): 10466.4 / 15973.4 diskUsed(GB): 45.28 / 57.9994
2026-03-04 16:01:44.289 [DEBUG] [SystemMonitor] (sysinfo) totalBytes: 1.67493e+10 freeBytes: 5.79022e+09 memoryUsage(MB): 10451.4 / 15973.4
2026-03-04 16:01:44.293 [DEBUG] [SystemMonitor] cpuUsage: 36.7347 cpuTemp: 58.95 memUsed(MB): 10451.4 / 15973.4 diskUsed(GB): 45.28 / 57.9994
2026-03-04 16:01:45.289 [DEBUG] [SystemMonitor] (sysinfo) totalBytes: 1.67493e+10 freeBytes: 5.79088e+09 memoryUsage(MB): 10450.8 / 15973.4
2026-03-04 16:01:45.297 [DEBUG] [SystemMonitor] cpuUsage: 80.5556 cpuTemp: 63.35 memUsed(MB): 10450.8 / 15973.4 diskUsed(GB): 45.28 / 57.9994
2026-03-04 16:01:45.311 [DEBUG] [UdpCommunicator] Single spectrum length: 1024 , min: 290.082 , max: 24070.4 , packetCount: 3950
2026-03-04 16:01:45.318 [DEBUG] onSpectrumReady - 数据大小: 1024 minVal: 290.0820253164557 maxVal: 24070.410379746834
2026-03-04 16:01:46.292 [DEBUG] [SystemMonitor] (sysinfo) totalBytes: 1.67493e+10 freeBytes: 5.80291e+09 memoryUsage(MB): 10439.3 / 15973.4
2026-03-04 16:01:46.298 [DEBUG] [SystemMonitor] cpuUsage: 47.449 cpuTemp: 61.15 memUsed(MB): 10439.3 / 15973.4 diskUsed(GB): 45.28 / 57.9994
2026-03-04 16:01:46.721 [INFO] [主界面] 点击 停止获取光谱 按钮
2026-03-04 16:01:46.741 [INFO] [串口] ✓ 停止命令已发送到 /dev/ttyUSB0: 08 6B 00 00 00 3E 09 D7
2026-03-04 16:01:46.785 [INFO] [UDP] UDP接收已停止
2026-03-04 16:01:47.287 [DEBUG] [SystemMonitor] (sysinfo) totalBytes: 1.67493e+10 freeBytes: 5.94063e+09 memoryUsage(MB): 10308 / 15973.4
2026-03-04 16:01:47.294 [DEBUG] [SystemMonitor] cpuUsage: 25.1908 cpuTemp: 61.7 memUsed(MB): 10308 / 15973.4 diskUsed(GB): 45.28 / 57.9994
2026-03-04 16:01:48.287 [DEBUG] [SystemMonitor] (sysinfo) totalBytes: 1.67493e+10 freeBytes: 5.94235e+09 memoryUsage(MB): 10306.3 / 15973.4
2026-03-04 16:01:48.292 [DEBUG] [SystemMonitor] cpuUsage: 15.6962 cpuTemp: 60.6 memUsed(MB): 10306.3 / 15973.4 diskUsed(GB): 45.28 / 57.9994
2026-03-04 16:01:49.286 [DEBUG] [SystemMonitor] (sysinfo) totalBytes: 1.67493e+10 freeBytes: 5.94032e+09 memoryUsage(MB): 10308.3 / 15973.4
2026-03-04 16:01:49.290 [DEBUG] [SystemMonitor] cpuUsage: 5.28967 cpuTemp: 58.95 memUsed(MB): 10308.3 / 15973.4 diskUsed(GB): 45.28 / 57.9994
2026-03-04 16:01:50.287 [DEBUG] [SystemMonitor] (sysinfo) totalBytes: 1.67493e+10 freeBytes: 5.94009e+09 memoryUsage(MB): 10308.5 / 15973.4
2026-03-04 16:01:50.291 [DEBUG] [SystemMonitor] cpuUsage: 4.26065 cpuTemp: 59.5 memUsed(MB): 10308.5 / 15973.4 diskUsed(GB): 45.28 / 57.9994
2026-03-04 16:01:51.287 [DEBUG] [SystemMonitor] (sysinfo) totalBytes: 1.67493e+10 freeBytes: 5.93984e+09 memoryUsage(MB): 10308.7 / 15973.4
2026-03-04 16:01:51.291 [DEBUG] [SystemMonitor] cpuUsage: 5.25 cpuTemp: 57.85 memUsed(MB): 10308.7 / 15973.4 diskUsed(GB): 45.28 / 57.9994
2026-03-04 16:01:52.287 [DEBUG] [SystemMonitor] (sysinfo) totalBytes: 1.67493e+10 freeBytes: 5.93984e+09 memoryUsage(MB): 10308.7 / 15973.4
2026-03-04 16:01:52.292 [DEBUG] [SystemMonitor] cpuUsage: 4.26065 cpuTemp: 57.85 memUsed(MB): 10308.7 / 15973.4 diskUsed(GB): 45.28 / 57.9994
2026-03-04 16:01:53.287 [DEBUG] [SystemMonitor] (sysinfo) totalBytes: 1.67493e+10 freeBytes: 5.94199e+09 memoryUsage(MB): 10306.7 / 15973.4
2026-03-04 16:01:53.292 [DEBUG] [SystemMonitor] cpuUsage: 5.02513 cpuTemp: 57.85 memUsed(MB): 10306.7 / 15973.4 diskUsed(GB): 45.28 / 57.9994
2026-03-04 16:01:54.287 [DEBUG] [SystemMonitor] (sysinfo) totalBytes: 1.67493e+10 freeBytes: 5.93958e+09 memoryUsage(MB): 10309 / 15973.4
2026-03-04 16:01:54.292 [DEBUG] [SystemMonitor] cpuUsage: 4.03023 cpuTemp: 58.4 memUsed(MB): 10309 / 15973.4 diskUsed(GB): 45.28 / 57.9994
2026-03-04 16:01:55.287 [DEBUG] [SystemMonitor] (sysinfo) totalBytes: 1.67493e+10 freeBytes: 5.94149e+09 memoryUsage(MB): 10307.2 / 15973.4
2026-03-04 16:01:55.292 [DEBUG] [SystemMonitor] cpuUsage: 4.51128 cpuTemp: 58.95 memUsed(MB): 10307.2 / 15973.4 diskUsed(GB): 45.28 / 57.9994
2026-03-04 16:01:56.287 [DEBUG] [SystemMonitor] (sysinfo) totalBytes: 1.67493e+10 freeBytes: 5.94627e+09 memoryUsage(MB): 10302.6 / 15973.4
2026-03-04 16:01:56.292 [DEBUG] [SystemMonitor] cpuUsage: 4.52261 cpuTemp: 58.4 memUsed(MB): 10302.6 / 15973.4 diskUsed(GB): 45.28 / 57.9994
2026-03-04 16:01:57.287 [DEBUG] [SystemMonitor] (sysinfo) totalBytes: 1.67493e+10 freeBytes: 5.94376e+09 memoryUsage(MB): 10305 / 15973.4
2026-03-04 16:01:57.292 [DEBUG] [SystemMonitor] cpuUsage: 4.27136 cpuTemp: 58.95 memUsed(MB): 10305 / 15973.4 diskUsed(GB): 45.28 / 57.9994
2026-03-04 16:01:58.287 [DEBUG] [SystemMonitor] (sysinfo) totalBytes: 1.67493e+10 freeBytes: 5.93915e+09 memoryUsage(MB): 10309.4 / 15973.4
2026-03-04 16:01:58.291 [DEBUG] [SystemMonitor] cpuUsage: 5 cpuTemp: 57.85 memUsed(MB): 10309.4 / 15973.4 diskUsed(GB): 45.28 / 57.9994
2026-03-04 16:01:59.287 [DEBUG] [SystemMonitor] (sysinfo) totalBytes: 1.67493e+10 freeBytes: 5.93889e+09 memoryUsage(MB): 10309.6 / 15973.4
2026-03-04 16:01:59.292 [DEBUG] [SystemMonitor] cpuUsage: 4.03023 cpuTemp: 57.3 memUsed(MB): 10309.6 / 15973.4 diskUsed(GB): 45.28 / 57.9994
2026-03-04 16:02:00.287 [DEBUG] [SystemMonitor] (sysinfo) totalBytes: 1.67493e+10 freeBytes: 5.93841e+09 memoryUsage(MB): 10310.1 / 15973.4
2026-03-04 16:02:00.291 [DEBUG] [SystemMonitor] cpuUsage: 4.28212 cpuTemp: 58.4 memUsed(MB): 10310.1 / 15973.4 diskUsed(GB): 45.28 / 57.9994
2026-03-04 16:02:01.287 [DEBUG] [SystemMonitor] (sysinfo) totalBytes: 1.67493e+10 freeBytes: 5.93815e+09 memoryUsage(MB): 10310.3 / 15973.4
2026-03-04 16:02:01.291 [DEBUG] [SystemMonitor] cpuUsage: 5.51378 cpuTemp: 58.4 memUsed(MB): 10310.3 / 15973.4 diskUsed(GB): 45.28 / 57.9994
2026-03-04 16:02:02.287 [DEBUG] [SystemMonitor] (sysinfo) totalBytes: 1.67493e+10 freeBytes: 5.93766e+09 memoryUsage(MB): 10310.8 / 15973.4
2026-03-04 16:02:02.292 [DEBUG] [SystemMonitor] cpuUsage: 4.26065 cpuTemp: 57.85 memUsed(MB): 10310.8 / 15973.4 diskUsed(GB): 45.28 / 57.9994
2026-03-04 16:02:03.287 [DEBUG] [SystemMonitor] (sysinfo) totalBytes: 1.67493e+10 freeBytes: 5.934e+09 memoryUsage(MB): 10314.3 / 15973.4
2026-03-04 16:02:03.292 [DEBUG] [SystemMonitor] cpuUsage: 5.02513 cpuTemp: 57.3 memUsed(MB): 10314.3 / 15973.4 diskUsed(GB): 45.28 / 57.9994
2026-03-04 16:02:04.288 [DEBUG] [SystemMonitor] (sysinfo) totalBytes: 1.67493e+10 freeBytes: 5.92964e+09 memoryUsage(MB): 10318.5 / 15973.4
2026-03-04 16:02:04.292 [DEBUG] [SystemMonitor] cpuUsage: 4.77387 cpuTemp: 58.4 memUsed(MB): 10318.5 / 15973.4 diskUsed(GB): 45.28 / 57.9994
2026-03-04 16:02:05.287 [DEBUG] [SystemMonitor] (sysinfo) totalBytes: 1.67493e+10 freeBytes: 5.92887e+09 memoryUsage(MB): 10319.2 / 15973.4
2026-03-04 16:02:05.291 [DEBUG] [SystemMonitor] cpuUsage: 4.7619 cpuTemp: 58.4 memUsed(MB): 10319.2 / 15973.4 diskUsed(GB): 45.28 / 57.9994
2026-03-04 16:02:06.287 [DEBUG] [SystemMonitor] (sysinfo) totalBytes: 1.67493e+10 freeBytes: 5.92706e+09 memoryUsage(MB): 10320.9 / 15973.4
2026-03-04 16:02:06.291 [DEBUG] [SystemMonitor] cpuUsage: 3.78788 cpuTemp: 57.85 memUsed(MB): 10320.9 / 15973.4 diskUsed(GB): 45.28 / 57.9994
2026-03-04 16:02:07.287 [DEBUG] [SystemMonitor] (sysinfo) totalBytes: 1.67493e+10 freeBytes: 5.92976e+09 memoryUsage(MB): 10318.3 / 15973.4
2026-03-04 16:02:07.292 [DEBUG] [SystemMonitor] cpuUsage: 4.01003 cpuTemp: 57.85 memUsed(MB): 10318.3 / 15973.4 diskUsed(GB): 45.28 / 57.9994
2026-03-04 16:02:08.287 [DEBUG] [SystemMonitor] (sysinfo) totalBytes: 1.67493e+10 freeBytes: 5.9295e+09 memoryUsage(MB): 10318.6 / 15973.4
2026-03-04 16:02:08.291 [DEBUG] [SystemMonitor] cpuUsage: 3.52645 cpuTemp: 57.85 memUsed(MB): 10318.6 / 15973.4 diskUsed(GB): 45.28 / 57.9994
2026-03-04 16:02:09.287 [DEBUG] [SystemMonitor] (sysinfo) totalBytes: 1.67493e+10 freeBytes: 5.92925e+09 memoryUsage(MB): 10318.8 / 15973.4
2026-03-04 16:02:09.291 [DEBUG] [SystemMonitor] cpuUsage: 4.75 cpuTemp: 56.2 memUsed(MB): 10318.8 / 15973.4 diskUsed(GB): 45.28 / 57.9994
2026-03-04 16:02:10.287 [DEBUG] [SystemMonitor] (sysinfo) totalBytes: 1.67493e+10 freeBytes: 5.93028e+09 memoryUsage(MB): 10317.9 / 15973.4
2026-03-04 16:02:10.292 [DEBUG] [SystemMonitor] cpuUsage: 4.03023 cpuTemp: 57.85 memUsed(MB): 10317.9 / 15973.4 diskUsed(GB): 45.28 / 57.9994
2026-03-04 16:02:11.288 [DEBUG] [SystemMonitor] (sysinfo) totalBytes: 1.67493e+10 freeBytes: 5.93252e+09 memoryUsage(MB): 10315.7 / 15973.4
2026-03-04 16:02:11.292 [DEBUG] [SystemMonitor] cpuUsage: 5.27638 cpuTemp: 57.3 memUsed(MB): 10315.7 / 15973.4 diskUsed(GB): 45.28 / 57.9994
2026-03-04 16:02:12.287 [DEBUG] [SystemMonitor] (sysinfo) totalBytes: 1.67493e+10 freeBytes: 5.9274e+09 memoryUsage(MB): 10320.6 / 15973.4
2026-03-04 16:02:12.293 [DEBUG] [SystemMonitor] cpuUsage: 4.0201 cpuTemp: 56.75 memUsed(MB): 10320.6 / 15973.4 diskUsed(GB): 45.28 / 57.9994
2026-03-04 16:02:13.287 [DEBUG] [SystemMonitor] (sysinfo) totalBytes: 1.67493e+10 freeBytes: 5.93256e+09 memoryUsage(MB): 10315.7 / 15973.4
2026-03-04 16:02:13.291 [DEBUG] [SystemMonitor] cpuUsage: 4.27136 cpuTemp: 57.3 memUsed(MB): 10315.7 / 15973.4 diskUsed(GB): 45.28 / 57.9994
2026-03-04 16:02:14.288 [DEBUG] [SystemMonitor] (sysinfo) totalBytes: 1.67493e+10 freeBytes: 5.93024e+09 memoryUsage(MB): 10317.9 / 15973.4
2026-03-04 16:02:14.292 [DEBUG] [SystemMonitor] cpuUsage: 4.52261 cpuTemp: 56.2 memUsed(MB): 10317.9 / 15973.4 diskUsed(GB): 45.28 / 57.9994
2026-03-04 16:02:15.287 [DEBUG] [SystemMonitor] (sysinfo) totalBytes: 1.67493e+10 freeBytes: 5.93117e+09 memoryUsage(MB): 10317 / 15973.4
2026-03-04 16:02:15.292 [DEBUG] [SystemMonitor] cpuUsage: 4.7619 cpuTemp: 57.3 memUsed(MB): 10317 / 15973.4 diskUsed(GB): 45.28 / 57.9994
2026-03-04 16:02:16.287 [DEBUG] [SystemMonitor] (sysinfo) totalBytes: 1.67493e+10 freeBytes: 5.92679e+09 memoryUsage(MB): 10321.2 / 15973.4
2026-03-04 16:02:16.292 [DEBUG] [SystemMonitor] cpuUsage: 4.73815 cpuTemp: 56.75 memUsed(MB): 10321.2 / 15973.4 diskUsed(GB): 45.28 / 57.9994
2026-03-04 16:02:17.287 [DEBUG] [SystemMonitor] (sysinfo) totalBytes: 1.67493e+10 freeBytes: 5.92653e+09 memoryUsage(MB): 10321.4 / 15973.4
2026-03-04 16:02:17.292 [DEBUG] [SystemMonitor] cpuUsage: 4.53401 cpuTemp: 57.85 memUsed(MB): 10321.4 / 15973.4 diskUsed(GB): 45.28 / 57.9994
2026-03-04 16:02:18.287 [DEBUG] [SystemMonitor] (sysinfo) totalBytes: 1.67493e+10 freeBytes: 5.9224e+09 memoryUsage(MB): 10325.4 / 15973.4
2026-03-04 16:02:18.291 [DEBUG] [SystemMonitor] cpuUsage: 5.26316 cpuTemp: 55.65 memUsed(MB): 10325.4 / 15973.4 diskUsed(GB): 45.28 / 57.9994
2026-03-04 16:02:19.287 [DEBUG] [SystemMonitor] (sysinfo) totalBytes: 1.67493e+10 freeBytes: 5.9224e+09 memoryUsage(MB): 10325.4 / 15973.4
2026-03-04 16:02:19.291 [DEBUG] [SystemMonitor] cpuUsage: 4.78589 cpuTemp: 57.3 memUsed(MB): 10325.4 / 15973.4 diskUsed(GB): 45.28 / 57.9994
2026-03-04 16:02:20.287 [DEBUG] [SystemMonitor] (sysinfo) totalBytes: 1.67493e+10 freeBytes: 5.9224e+09 memoryUsage(MB): 10325.4 / 15973.4
2026-03-04 16:02:20.291 [DEBUG] [SystemMonitor] cpuUsage: 4.28212 cpuTemp: 57.85 memUsed(MB): 10325.4 / 15973.4 diskUsed(GB): 45.28 / 57.9994
2026-03-04 16:02:21.287 [DEBUG] [SystemMonitor] (sysinfo) totalBytes: 1.67493e+10 freeBytes: 5.92163e+09 memoryUsage(MB): 10326.1 / 15973.4
2026-03-04 16:02:21.292 [DEBUG] [SystemMonitor] cpuUsage: 5.02513 cpuTemp: 56.2 memUsed(MB): 10326.1 / 15973.4 diskUsed(GB): 45.28 / 57.9994
2026-03-04 16:02:22.287 [DEBUG] [SystemMonitor] (sysinfo) totalBytes: 1.67493e+10 freeBytes: 5.92062e+09 memoryUsage(MB): 10327.1 / 15973.4
2026-03-04 16:02:22.291 [DEBUG] [SystemMonitor] cpuUsage: 5.28967 cpuTemp: 56.2 memUsed(MB): 10327.1 / 15973.4 diskUsed(GB): 45.28 / 57.9994
2026-03-04 16:02:23.287 [DEBUG] [SystemMonitor] (sysinfo) totalBytes: 1.67493e+10 freeBytes: 5.92062e+09 memoryUsage(MB): 10327.1 / 15973.4
2026-03-04 16:02:23.291 [DEBUG] [SystemMonitor] cpuUsage: 4.26065 cpuTemp: 56.2 memUsed(MB): 10327.1 / 15973.4 diskUsed(GB): 45.28 / 57.9994
2026-03-04 16:02:24.287 [DEBUG] [SystemMonitor] (sysinfo) totalBytes: 1.67493e+10 freeBytes: 5.9204e+09 memoryUsage(MB): 10327.3 / 15973.4
2026-03-04 16:02:24.291 [DEBUG] [SystemMonitor] cpuUsage: 4.01003 cpuTemp: 56.75 memUsed(MB): 10327.3 / 15973.4 diskUsed(GB): 45.28 / 57.9994
2026-03-04 16:02:25.287 [DEBUG] [SystemMonitor] (sysinfo) totalBytes: 1.67493e+10 freeBytes: 5.92014e+09 memoryUsage(MB): 10327.5 / 15973.4
2026-03-04 16:02:25.292 [DEBUG] [SystemMonitor] cpuUsage: 5.02513 cpuTemp: 55.65 memUsed(MB): 10327.5 / 15973.4 diskUsed(GB): 45.28 / 57.9994
2026-03-04 16:02:26.288 [DEBUG] [SystemMonitor] (sysinfo) totalBytes: 1.67493e+10 freeBytes: 5.9032e+09 memoryUsage(MB): 10343.7 / 15973.4
2026-03-04 16:02:26.292 [DEBUG] [SystemMonitor] cpuUsage: 6.56566 cpuTemp: 57.3 memUsed(MB): 10343.7 / 15973.4 diskUsed(GB): 45.28 / 57.9994
2026-03-04 16:02:27.287 [DEBUG] [SystemMonitor] (sysinfo) totalBytes: 1.67493e+10 freeBytes: 5.90595e+09 memoryUsage(MB): 10341.1 / 15973.4
2026-03-04 16:02:27.292 [DEBUG] [SystemMonitor] cpuUsage: 28 cpuTemp: 57.3 memUsed(MB): 10341.1 / 15973.4 diskUsed(GB): 45.28 / 57.9994
2026-03-04 16:02:28.287 [DEBUG] [SystemMonitor] (sysinfo) totalBytes: 1.67493e+10 freeBytes: 5.92108e+09 memoryUsage(MB): 10326.6 / 15973.4
2026-03-04 16:02:28.292 [DEBUG] [SystemMonitor] cpuUsage: 4.27136 cpuTemp: 55.65 memUsed(MB): 10326.6 / 15973.4 diskUsed(GB): 45.28 / 57.9994
2026-03-04 16:02:29.287 [DEBUG] [SystemMonitor] (sysinfo) totalBytes: 1.67493e+10 freeBytes: 5.92056e+09 memoryUsage(MB): 10327.1 / 15973.4
2026-03-04 16:02:29.292 [DEBUG] [SystemMonitor] cpuUsage: 4.77387 cpuTemp: 57.3 memUsed(MB): 10327.1 / 15973.4 diskUsed(GB): 45.28 / 57.9994
2026-03-04 16:02:30.287 [DEBUG] [SystemMonitor] (sysinfo) totalBytes: 1.67493e+10 freeBytes: 5.93078e+09 memoryUsage(MB): 10317.4 / 15973.4
2026-03-04 16:02:30.292 [DEBUG] [SystemMonitor] cpuUsage: 4.7619 cpuTemp: 57.3 memUsed(MB): 10317.4 / 15973.4 diskUsed(GB): 45.28 / 57.9994
2026-03-04 16:02:31.287 [DEBUG] [SystemMonitor] (sysinfo) totalBytes: 1.67493e+10 freeBytes: 5.93979e+09 memoryUsage(MB): 10308.8 / 15973.4
2026-03-04 16:02:31.292 [DEBUG] [SystemMonitor] cpuUsage: 5.01253 cpuTemp: 56.2 memUsed(MB): 10308.8 / 15973.4 diskUsed(GB): 45.28 / 57.9994
2026-03-04 16:02:32.287 [DEBUG] [SystemMonitor] (sysinfo) totalBytes: 1.67493e+10 freeBytes: 5.93412e+09 memoryUsage(MB): 10314.2 / 15973.4
2026-03-04 16:02:32.292 [DEBUG] [SystemMonitor] cpuUsage: 4.03023 cpuTemp: 57.85 memUsed(MB): 10314.2 / 15973.4 diskUsed(GB): 45.28 / 57.9994
2026-03-04 16:02:33.287 [DEBUG] [SystemMonitor] (sysinfo) totalBytes: 1.67493e+10 freeBytes: 5.93335e+09 memoryUsage(MB): 10314.9 / 15973.4
2026-03-04 16:02:33.292 [DEBUG] [SystemMonitor] cpuUsage: 4.0201 cpuTemp: 57.85 memUsed(MB): 10314.9 / 15973.4 diskUsed(GB): 45.28 / 57.9994
2026-03-04 16:02:34.287 [DEBUG] [SystemMonitor] (sysinfo) totalBytes: 1.67493e+10 freeBytes: 5.93335e+09 memoryUsage(MB): 10314.9 / 15973.4
2026-03-04 16:02:34.292 [DEBUG] [SystemMonitor] cpuUsage: 5.76441 cpuTemp: 56.75 memUsed(MB): 10314.9 / 15973.4 diskUsed(GB): 45.28 / 57.9994
2026-03-04 16:02:35.287 [DEBUG] [SystemMonitor] (sysinfo) totalBytes: 1.67493e+10 freeBytes: 5.93102e+09 memoryUsage(MB): 10317.1 / 15973.4
2026-03-04 16:02:35.291 [DEBUG] [SystemMonitor] cpuUsage: 14.1058 cpuTemp: 56.2 memUsed(MB): 10317.1 / 15973.4 diskUsed(GB): 45.28 / 57.9994
2026-03-04 16:02:36.287 [DEBUG] [SystemMonitor] (sysinfo) totalBytes: 1.67493e+10 freeBytes: 5.92922e+09 memoryUsage(MB): 10318.9 / 15973.4
2026-03-04 16:02:36.292 [DEBUG] [SystemMonitor] cpuUsage: 4.27136 cpuTemp: 56.2 memUsed(MB): 10318.9 / 15973.4 diskUsed(GB): 45.28 / 57.9994
2026-03-04 16:02:37.287 [DEBUG] [SystemMonitor] (sysinfo) totalBytes: 1.67493e+10 freeBytes: 5.92535e+09 memoryUsage(MB): 10322.6 / 15973.4
2026-03-04 16:02:37.292 [DEBUG] [SystemMonitor] cpuUsage: 5.03778 cpuTemp: 57.3 memUsed(MB): 10322.6 / 15973.4 diskUsed(GB): 45.28 / 57.9994
2026-03-04 16:02:38.287 [DEBUG] [SystemMonitor] (sysinfo) totalBytes: 1.67493e+10 freeBytes: 5.92535e+09 memoryUsage(MB): 10322.6 / 15973.4
2026-03-04 16:02:38.291 [DEBUG] [SystemMonitor] cpuUsage: 4.52261 cpuTemp: 56.75 memUsed(MB): 10322.6 / 15973.4 diskUsed(GB): 45.28 / 57.9994
2026-03-04 16:02:39.287 [DEBUG] [SystemMonitor] (sysinfo) totalBytes: 1.67493e+10 freeBytes: 5.92535e+09 memoryUsage(MB): 10322.6 / 15973.4
2026-03-04 16:02:39.291 [DEBUG] [SystemMonitor] cpuUsage: 6.06061 cpuTemp: 56.2 memUsed(MB): 10322.6 / 15973.4 diskUsed(GB): 45.28 / 57.9994
2026-03-04 16:02:40.287 [DEBUG] [SystemMonitor] (sysinfo) totalBytes: 1.67493e+10 freeBytes: 5.92434e+09 memoryUsage(MB): 10323.5 / 15973.4
2026-03-04 16:02:40.291 [DEBUG] [SystemMonitor] cpuUsage: 5.77889 cpuTemp: 55.65 memUsed(MB): 10323.5 / 15973.4 diskUsed(GB): 45.28 / 57.9994
2026-03-04 16:02:41.287 [DEBUG] [SystemMonitor] (sysinfo) totalBytes: 1.67493e+10 freeBytes: 5.92334e+09 memoryUsage(MB): 10324.5 / 15973.4
2026-03-04 16:02:41.292 [DEBUG] [SystemMonitor] cpuUsage: 4.78589 cpuTemp: 56.75 memUsed(MB): 10324.5 / 15973.4 diskUsed(GB): 45.28 / 57.9994
2026-03-04 16:02:42.287 [DEBUG] [SystemMonitor] (sysinfo) totalBytes: 1.67493e+10 freeBytes: 5.93069e+09 memoryUsage(MB): 10317.5 / 15973.4
2026-03-04 16:02:42.292 [DEBUG] [SystemMonitor] cpuUsage: 4.52261 cpuTemp: 55.65 memUsed(MB): 10317.5 / 15973.4 diskUsed(GB): 45.28 / 57.9994
2026-03-04 16:02:43.287 [DEBUG] [SystemMonitor] (sysinfo) totalBytes: 1.67493e+10 freeBytes: 5.92995e+09 memoryUsage(MB): 10318.2 / 15973.4
2026-03-04 16:02:43.292 [DEBUG] [SystemMonitor] cpuUsage: 4.51128 cpuTemp: 57.3 memUsed(MB): 10318.2 / 15973.4 diskUsed(GB): 45.28 / 57.9994
2026-03-04 16:02:44.287 [DEBUG] [SystemMonitor] (sysinfo) totalBytes: 1.67493e+10 freeBytes: 5.92969e+09 memoryUsage(MB): 10318.4 / 15973.4
2026-03-04 16:02:44.291 [DEBUG] [SystemMonitor] cpuUsage: 4.27136 cpuTemp: 56.2 memUsed(MB): 10318.4 / 15973.4 diskUsed(GB): 45.28 / 57.9994
2026-03-04 16:02:45.287 [DEBUG] [SystemMonitor] (sysinfo) totalBytes: 1.67493e+10 freeBytes: 5.92969e+09 memoryUsage(MB): 10318.4 / 15973.4
2026-03-04 16:02:45.292 [DEBUG] [SystemMonitor] cpuUsage: 4.28212 cpuTemp: 55.65 memUsed(MB): 10318.4 / 15973.4 diskUsed(GB): 45.28 / 57.9994
2026-03-04 16:02:46.287 [DEBUG] [SystemMonitor] (sysinfo) totalBytes: 1.67493e+10 freeBytes: 5.9292e+09 memoryUsage(MB): 10318.9 / 15973.4
2026-03-04 16:02:46.292 [DEBUG] [SystemMonitor] cpuUsage: 4.26065 cpuTemp: 56.75 memUsed(MB): 10318.9 / 15973.4 diskUsed(GB): 45.28 / 57.9994
2026-03-04 16:02:47.287 [DEBUG] [SystemMonitor] (sysinfo) totalBytes: 1.67493e+10 freeBytes: 5.9274e+09 memoryUsage(MB): 10320.6 / 15973.4
2026-03-04 16:02:47.292 [DEBUG] [SystemMonitor] cpuUsage: 6.01504 cpuTemp: 56.75 memUsed(MB): 10320.6 / 15973.4 diskUsed(GB): 45.28 / 57.9994
2026-03-04 16:02:48.287 [DEBUG] [SystemMonitor] (sysinfo) totalBytes: 1.67493e+10 freeBytes: 5.92508e+09 memoryUsage(MB): 10322.8 / 15973.4
2026-03-04 16:02:48.292 [DEBUG] [SystemMonitor] cpuUsage: 5.27638 cpuTemp: 56.2 memUsed(MB): 10322.8 / 15973.4 diskUsed(GB): 45.28 / 57.9994
2026-03-04 16:02:49.287 [DEBUG] [SystemMonitor] (sysinfo) totalBytes: 1.67493e+10 freeBytes: 5.92121e+09 memoryUsage(MB): 10326.5 / 15973.4
2026-03-04 16:02:49.291 [DEBUG] [SystemMonitor] cpuUsage: 4.3038 cpuTemp: 55.65 memUsed(MB): 10326.5 / 15973.4 diskUsed(GB): 45.28 / 57.9994
2026-03-04 16:02:50.287 [DEBUG] [SystemMonitor] (sysinfo) totalBytes: 1.67493e+10 freeBytes: 5.92399e+09 memoryUsage(MB): 10323.9 / 15973.4
2026-03-04 16:02:50.290 [DEBUG] [SystemMonitor] cpuUsage: 5.52764 cpuTemp: 57.3 memUsed(MB): 10323.9 / 15973.4 diskUsed(GB): 45.28 / 57.9994
2026-03-04 16:02:51.287 [DEBUG] [SystemMonitor] (sysinfo) totalBytes: 1.67493e+10 freeBytes: 5.92373e+09 memoryUsage(MB): 10324.1 / 15973.4
2026-03-04 16:02:51.294 [DEBUG] [SystemMonitor] cpuUsage: 4.03023 cpuTemp: 56.75 memUsed(MB): 10324.1 / 15973.4 diskUsed(GB): 45.28 / 57.9994
2026-03-04 16:02:52.287 [DEBUG] [SystemMonitor] (sysinfo) totalBytes: 1.67493e+10 freeBytes: 5.92373e+09 memoryUsage(MB): 10324.1 / 15973.4
2026-03-04 16:02:52.291 [DEBUG] [SystemMonitor] cpuUsage: 3.52645 cpuTemp: 55.65 memUsed(MB): 10324.1 / 15973.4 diskUsed(GB): 45.28 / 57.9994
2026-03-04 16:02:53.287 [DEBUG] [SystemMonitor] (sysinfo) totalBytes: 1.67493e+10 freeBytes: 5.9235e+09 memoryUsage(MB): 10324.3 / 15973.4
2026-03-04 16:02:53.290 [DEBUG] [SystemMonitor] cpuUsage: 4.28212 cpuTemp: 55.65 memUsed(MB): 10324.3 / 15973.4 diskUsed(GB): 45.28 / 57.9994
2026-03-04 16:02:54.287 [DEBUG] [SystemMonitor] (sysinfo) totalBytes: 1.67493e+10 freeBytes: 5.91886e+09 memoryUsage(MB): 10328.7 / 15973.4
2026-03-04 16:02:54.292 [DEBUG] [SystemMonitor] cpuUsage: 5.01253 cpuTemp: 55.65 memUsed(MB): 10328.7 / 15973.4 diskUsed(GB): 45.28 / 57.9994
2026-03-04 16:02:55.287 [DEBUG] [SystemMonitor] (sysinfo) totalBytes: 1.67493e+10 freeBytes: 5.92478e+09 memoryUsage(MB): 10323.1 / 15973.4
2026-03-04 16:02:55.292 [DEBUG] [SystemMonitor] cpuUsage: 4.73815 cpuTemp: 56.2 memUsed(MB): 10323.1 / 15973.4 diskUsed(GB): 45.28 / 57.9994
2026-03-04 16:02:56.287 [DEBUG] [SystemMonitor] (sysinfo) totalBytes: 1.67493e+10 freeBytes: 5.92744e+09 memoryUsage(MB): 10320.6 / 15973.4
2026-03-04 16:02:56.291 [DEBUG] [SystemMonitor] cpuUsage: 4.0404 cpuTemp: 56.2 memUsed(MB): 10320.6 / 15973.4 diskUsed(GB): 45.28 / 57.9994
2026-03-04 16:02:57.288 [DEBUG] [SystemMonitor] (sysinfo) totalBytes: 1.67493e+10 freeBytes: 5.92744e+09 memoryUsage(MB): 10320.6 / 15973.4
2026-03-04 16:02:57.292 [DEBUG] [SystemMonitor] cpuUsage: 4.0201 cpuTemp: 56.2 memUsed(MB): 10320.6 / 15973.4 diskUsed(GB): 45.28 / 57.9994
2026-03-04 16:02:58.287 [DEBUG] [SystemMonitor] (sysinfo) totalBytes: 1.67493e+10 freeBytes: 5.93631e+09 memoryUsage(MB): 10312.1 / 15973.4
2026-03-04 16:02:58.292 [DEBUG] [SystemMonitor] cpuUsage: 3.77834 cpuTemp: 56.2 memUsed(MB): 10312.1 / 15973.4 diskUsed(GB): 45.28 / 57.9994
2026-03-04 16:02:59.287 [DEBUG] [SystemMonitor] (sysinfo) totalBytes: 1.67493e+10 freeBytes: 5.93558e+09 memoryUsage(MB): 10312.8 / 15973.4
2026-03-04 16:02:59.291 [DEBUG] [SystemMonitor] cpuUsage: 4.7619 cpuTemp: 55.65 memUsed(MB): 10312.8 / 15973.4 diskUsed(GB): 45.28 / 57.9994
2026-03-04 16:03:00.287 [DEBUG] [SystemMonitor] (sysinfo) totalBytes: 1.67493e+10 freeBytes: 5.93558e+09 memoryUsage(MB): 10312.8 / 15973.4
2026-03-04 16:03:00.292 [DEBUG] [SystemMonitor] cpuUsage: 7.80856 cpuTemp: 56.75 memUsed(MB): 10312.8 / 15973.4 diskUsed(GB): 45.28 / 57.9994
2026-03-04 16:03:01.287 [DEBUG] [SystemMonitor] (sysinfo) totalBytes: 1.67493e+10 freeBytes: 5.93509e+09 memoryUsage(MB): 10313.3 / 15973.4
2026-03-04 16:03:01.292 [DEBUG] [SystemMonitor] cpuUsage: 11.335 cpuTemp: 57.3 memUsed(MB): 10313.3 / 15973.4 diskUsed(GB): 45.28 / 57.9994
2026-03-04 16:03:02.287 [DEBUG] [SystemMonitor] (sysinfo) totalBytes: 1.67493e+10 freeBytes: 5.93611e+09 memoryUsage(MB): 10312.3 / 15973.4
2026-03-04 16:03:02.292 [DEBUG] [SystemMonitor] cpuUsage: 42.132 cpuTemp: 56.75 memUsed(MB): 10312.3 / 15973.4 diskUsed(GB): 45.28 / 57.9994
2026-03-04 16:03:03.287 [DEBUG] [SystemMonitor] (sysinfo) totalBytes: 1.67493e+10 freeBytes: 5.93548e+09 memoryUsage(MB): 10312.9 / 15973.4
2026-03-04 16:03:03.291 [DEBUG] [SystemMonitor] cpuUsage: 5.28967 cpuTemp: 57.3 memUsed(MB): 10312.9 / 15973.4 diskUsed(GB): 45.28 / 57.9994
2026-03-04 16:03:04.287 [DEBUG] [SystemMonitor] (sysinfo) totalBytes: 1.67493e+10 freeBytes: 5.94189e+09 memoryUsage(MB): 10306.8 / 15973.4
2026-03-04 16:03:04.291 [DEBUG] [SystemMonitor] cpuUsage: 5.77889 cpuTemp: 56.2 memUsed(MB): 10306.8 / 15973.4 diskUsed(GB): 45.28 / 57.9994
2026-03-04 16:03:05.287 [DEBUG] [SystemMonitor] (sysinfo) totalBytes: 1.67493e+10 freeBytes: 5.94688e+09 memoryUsage(MB): 10302 / 15973.4
2026-03-04 16:03:05.291 [DEBUG] [SystemMonitor] cpuUsage: 4.7619 cpuTemp: 56.2 memUsed(MB): 10302 / 15973.4 diskUsed(GB): 45.28 / 57.9994
2026-03-04 16:03:06.286 [DEBUG] [SystemMonitor] (sysinfo) totalBytes: 1.67493e+10 freeBytes: 5.94536e+09 memoryUsage(MB): 10303.5 / 15973.4
2026-03-04 16:03:06.290 [DEBUG] [SystemMonitor] cpuUsage: 5.30303 cpuTemp: 56.75 memUsed(MB): 10303.5 / 15973.4 diskUsed(GB): 45.28 / 57.9994
2026-03-04 16:03:07.287 [DEBUG] [SystemMonitor] (sysinfo) totalBytes: 1.67493e+10 freeBytes: 5.94511e+09 memoryUsage(MB): 10303.7 / 15973.4
2026-03-04 16:03:07.292 [DEBUG] [SystemMonitor] cpuUsage: 6.56566 cpuTemp: 56.2 memUsed(MB): 10303.7 / 15973.4 diskUsed(GB): 45.28 / 57.9994
2026-03-04 16:03:08.287 [DEBUG] [SystemMonitor] (sysinfo) totalBytes: 1.67493e+10 freeBytes: 5.94511e+09 memoryUsage(MB): 10303.7 / 15973.4
2026-03-04 16:03:08.292 [DEBUG] [SystemMonitor] cpuUsage: 5.75 cpuTemp: 56.2 memUsed(MB): 10303.7 / 15973.4 diskUsed(GB): 45.28 / 57.9994
2026-03-04 16:03:09.287 [DEBUG] [SystemMonitor] (sysinfo) totalBytes: 1.67493e+10 freeBytes: 5.94511e+09 memoryUsage(MB): 10303.7 / 15973.4
2026-03-04 16:03:09.291 [DEBUG] [SystemMonitor] cpuUsage: 6.04534 cpuTemp: 55.65 memUsed(MB): 10303.7 / 15973.4 diskUsed(GB): 45.28 / 57.9994
2026-03-04 16:03:10.287 [DEBUG] [SystemMonitor] (sysinfo) totalBytes: 1.67493e+10 freeBytes: 5.94511e+09 memoryUsage(MB): 10303.7 / 15973.4
2026-03-04 16:03:10.291 [DEBUG] [SystemMonitor] cpuUsage: 5.27638 cpuTemp: 56.2 memUsed(MB): 10303.7 / 15973.4 diskUsed(GB): 45.28 / 57.9994
2026-03-04 16:03:11.288 [DEBUG] [SystemMonitor] (sysinfo) totalBytes: 1.67493e+10 freeBytes: 5.95076e+09 memoryUsage(MB): 10298.3 / 15973.4
2026-03-04 16:03:11.292 [DEBUG] [SystemMonitor] cpuUsage: 6.01504 cpuTemp: 55.65 memUsed(MB): 10298.3 / 15973.4 diskUsed(GB): 45.28 / 57.9994
2026-03-04 16:03:12.287 [DEBUG] [SystemMonitor] (sysinfo) totalBytes: 1.67493e+10 freeBytes: 5.95076e+09 memoryUsage(MB): 10298.3 / 15973.4
2026-03-04 16:03:12.292 [DEBUG] [SystemMonitor] cpuUsage: 4.53401 cpuTemp: 56.75 memUsed(MB): 10298.3 / 15973.4 diskUsed(GB): 45.28 / 57.9994
2026-03-04 16:03:13.287 [DEBUG] [SystemMonitor] (sysinfo) totalBytes: 1.67493e+10 freeBytes: 5.95053e+09 memoryUsage(MB): 10298.5 / 15973.4
2026-03-04 16:03:13.292 [DEBUG] [SystemMonitor] cpuUsage: 5.02513 cpuTemp: 56.75 memUsed(MB): 10298.5 / 15973.4 diskUsed(GB): 45.28 / 57.9994
2026-03-04 16:03:14.287 [DEBUG] [SystemMonitor] (sysinfo) totalBytes: 1.67493e+10 freeBytes: 5.95053e+09 memoryUsage(MB): 10298.5 / 15973.4
2026-03-04 16:03:14.291 [DEBUG] [SystemMonitor] cpuUsage: 4.78589 cpuTemp: 56.75 memUsed(MB): 10298.5 / 15973.4 diskUsed(GB): 45.28 / 57.9994
2026-03-04 16:03:15.287 [DEBUG] [SystemMonitor] (sysinfo) totalBytes: 1.67493e+10 freeBytes: 5.95053e+09 memoryUsage(MB): 10298.5 / 15973.4
2026-03-04 16:03:15.292 [DEBUG] [SystemMonitor] cpuUsage: 4.52261 cpuTemp: 56.2 memUsed(MB): 10298.5 / 15973.4 diskUsed(GB): 45.28 / 57.9994
2026-03-04 16:03:16.287 [DEBUG] [SystemMonitor] (sysinfo) totalBytes: 1.67493e+10 freeBytes: 5.95053e+09 memoryUsage(MB): 10298.5 / 15973.4
2026-03-04 16:03:16.291 [DEBUG] [SystemMonitor] cpuUsage: 4.75 cpuTemp: 55.65 memUsed(MB): 10298.5 / 15973.4 diskUsed(GB): 45.28 / 57.9994
2026-03-04 16:03:17.287 [DEBUG] [SystemMonitor] (sysinfo) totalBytes: 1.67493e+10 freeBytes: 5.94976e+09 memoryUsage(MB): 10299.3 / 15973.4
2026-03-04 16:03:17.291 [DEBUG] [SystemMonitor] cpuUsage: 5.77889 cpuTemp: 56.75 memUsed(MB): 10299.3 / 15973.4 diskUsed(GB): 45.28 / 57.9994
2026-03-04 16:03:18.287 [DEBUG] [SystemMonitor] (sysinfo) totalBytes: 1.67493e+10 freeBytes: 5.94589e+09 memoryUsage(MB): 10303 / 15973.4
2026-03-04 16:03:18.291 [DEBUG] [SystemMonitor] cpuUsage: 4.51128 cpuTemp: 55.65 memUsed(MB): 10303 / 15973.4 diskUsed(GB): 45.28 / 57.9994
2026-03-04 16:03:19.287 [DEBUG] [SystemMonitor] (sysinfo) totalBytes: 1.67493e+10 freeBytes: 5.94511e+09 memoryUsage(MB): 10303.7 / 15973.4
2026-03-04 16:03:19.291 [DEBUG] [SystemMonitor] cpuUsage: 5.51378 cpuTemp: 56.75 memUsed(MB): 10303.7 / 15973.4 diskUsed(GB): 45.28 / 57.9994
2026-03-04 16:03:20.287 [DEBUG] [SystemMonitor] (sysinfo) totalBytes: 1.67493e+10 freeBytes: 5.94331e+09 memoryUsage(MB): 10305.4 / 15973.4
2026-03-04 16:03:20.292 [DEBUG] [SystemMonitor] cpuUsage: 5.76441 cpuTemp: 55.65 memUsed(MB): 10305.4 / 15973.4 diskUsed(GB): 45.28 / 57.9994
2026-03-04 16:03:21.287 [DEBUG] [SystemMonitor] (sysinfo) totalBytes: 1.67493e+10 freeBytes: 5.93841e+09 memoryUsage(MB): 10310.1 / 15973.4
2026-03-04 16:03:21.291 [DEBUG] [SystemMonitor] cpuUsage: 7.53769 cpuTemp: 56.75 memUsed(MB): 10310.1 / 15973.4 diskUsed(GB): 45.28 / 57.9994
2026-03-04 16:03:22.287 [DEBUG] [SystemMonitor] (sysinfo) totalBytes: 1.67493e+10 freeBytes: 5.93841e+09 memoryUsage(MB): 10310.1 / 15973.4
2026-03-04 16:03:22.291 [DEBUG] [SystemMonitor] cpuUsage: 4.52261 cpuTemp: 54.55 memUsed(MB): 10310.1 / 15973.4 diskUsed(GB): 45.28 / 57.9994
2026-03-04 16:03:23.287 [DEBUG] [SystemMonitor] (sysinfo) totalBytes: 1.67493e+10 freeBytes: 5.93841e+09 memoryUsage(MB): 10310.1 / 15973.4
2026-03-04 16:03:23.291 [DEBUG] [SystemMonitor] cpuUsage: 6.80101 cpuTemp: 56.2 memUsed(MB): 10310.1 / 15973.4 diskUsed(GB): 45.28 / 57.9994
2026-03-04 16:03:24.287 [DEBUG] [SystemMonitor] (sysinfo) totalBytes: 1.67493e+10 freeBytes: 5.94649e+09 memoryUsage(MB): 10302.4 / 15973.4
2026-03-04 16:03:24.291 [DEBUG] [SystemMonitor] cpuUsage: 5.02513 cpuTemp: 56.2 memUsed(MB): 10302.4 / 15973.4 diskUsed(GB): 45.28 / 57.9994
2026-03-04 16:03:25.287 [DEBUG] [SystemMonitor] (sysinfo) totalBytes: 1.67493e+10 freeBytes: 5.94185e+09 memoryUsage(MB): 10306.8 / 15973.4
2026-03-04 16:03:25.291 [DEBUG] [SystemMonitor] cpuUsage: 5.28967 cpuTemp: 55.1 memUsed(MB): 10306.8 / 15973.4 diskUsed(GB): 45.28 / 57.9994
2026-03-04 16:03:26.287 [DEBUG] [SystemMonitor] (sysinfo) totalBytes: 1.67493e+10 freeBytes: 5.92331e+09 memoryUsage(MB): 10324.5 / 15973.4
2026-03-04 16:03:26.291 [DEBUG] [SystemMonitor] cpuUsage: 14.8615 cpuTemp: 57.3 memUsed(MB): 10324.5 / 15973.4 diskUsed(GB): 45.28 / 57.9994
2026-03-04 16:03:27.287 [DEBUG] [SystemMonitor] (sysinfo) totalBytes: 1.67493e+10 freeBytes: 5.92302e+09 memoryUsage(MB): 10324.8 / 15973.4
2026-03-04 16:03:27.292 [DEBUG] [SystemMonitor] cpuUsage: 5.27638 cpuTemp: 56.75 memUsed(MB): 10324.8 / 15973.4 diskUsed(GB): 45.28 / 57.9994
2026-03-04 16:03:28.287 [DEBUG] [SystemMonitor] (sysinfo) totalBytes: 1.67493e+10 freeBytes: 5.92302e+09 memoryUsage(MB): 10324.8 / 15973.4
2026-03-04 16:03:28.292 [DEBUG] [SystemMonitor] cpuUsage: 4.03023 cpuTemp: 57.3 memUsed(MB): 10324.8 / 15973.4 diskUsed(GB): 45.28 / 57.9994
2026-03-04 16:03:29.287 [DEBUG] [SystemMonitor] (sysinfo) totalBytes: 1.67493e+10 freeBytes: 5.92337e+09 memoryUsage(MB): 10324.4 / 15973.4
2026-03-04 16:03:29.291 [DEBUG] [SystemMonitor] cpuUsage: 5.27638 cpuTemp: 56.75 memUsed(MB): 10324.4 / 15973.4 diskUsed(GB): 45.28 / 57.9994
2026-03-04 16:03:30.287 [DEBUG] [SystemMonitor] (sysinfo) totalBytes: 1.67493e+10 freeBytes: 5.93963e+09 memoryUsage(MB): 10308.9 / 15973.4
2026-03-04 16:03:30.294 [DEBUG] [SystemMonitor] cpuUsage: 5.52764 cpuTemp: 56.75 memUsed(MB): 10308.9 / 15973.4 diskUsed(GB): 45.28 / 57.9994
2026-03-04 16:03:31.287 [DEBUG] [SystemMonitor] (sysinfo) totalBytes: 1.67493e+10 freeBytes: 5.94585e+09 memoryUsage(MB): 10303 / 15973.4
2026-03-04 16:03:31.292 [DEBUG] [SystemMonitor] cpuUsage: 5.28967 cpuTemp: 55.65 memUsed(MB): 10303 / 15973.4 diskUsed(GB): 45.28 / 57.9994
2026-03-04 16:03:32.287 [DEBUG] [SystemMonitor] (sysinfo) totalBytes: 1.67493e+10 freeBytes: 5.94585e+09 memoryUsage(MB): 10303 / 15973.4
2026-03-04 16:03:32.291 [DEBUG] [SystemMonitor] cpuUsage: 4.78589 cpuTemp: 56.75 memUsed(MB): 10303 / 15973.4 diskUsed(GB): 45.28 / 57.9994
2026-03-04 16:03:33.287 [DEBUG] [SystemMonitor] (sysinfo) totalBytes: 1.67493e+10 freeBytes: 5.94482e+09 memoryUsage(MB): 10304 / 15973.4
2026-03-04 16:03:33.292 [DEBUG] [SystemMonitor] cpuUsage: 4.78589 cpuTemp: 55.65 memUsed(MB): 10304 / 15973.4 diskUsed(GB): 45.28 / 57.9994
2026-03-04 16:03:34.287 [DEBUG] [SystemMonitor] (sysinfo) totalBytes: 1.67493e+10 freeBytes: 5.94459e+09 memoryUsage(MB): 10304.2 / 15973.4
2026-03-04 16:03:34.291 [DEBUG] [SystemMonitor] cpuUsage: 4.7619 cpuTemp: 55.65 memUsed(MB): 10304.2 / 15973.4 diskUsed(GB): 45.28 / 57.9994
2026-03-04 16:03:35.287 [DEBUG] [SystemMonitor] (sysinfo) totalBytes: 1.67493e+10 freeBytes: 5.94434e+09 memoryUsage(MB): 10304.4 / 15973.4
2026-03-04 16:03:35.292 [DEBUG] [SystemMonitor] cpuUsage: 5.27638 cpuTemp: 55.1 memUsed(MB): 10304.4 / 15973.4 diskUsed(GB): 45.28 / 57.9994
2026-03-04 16:03:36.287 [DEBUG] [SystemMonitor] (sysinfo) totalBytes: 1.67493e+10 freeBytes: 5.93866e+09 memoryUsage(MB): 10309.9 / 15973.4
2026-03-04 16:03:36.292 [DEBUG] [SystemMonitor] cpuUsage: 5.26316 cpuTemp: 55.65 memUsed(MB): 10309.9 / 15973.4 diskUsed(GB): 45.28 / 57.9994
2026-03-04 16:03:37.287 [DEBUG] [SystemMonitor] (sysinfo) totalBytes: 1.67493e+10 freeBytes: 5.93866e+09 memoryUsage(MB): 10309.9 / 15973.4
2026-03-04 16:03:37.292 [DEBUG] [SystemMonitor] cpuUsage: 4.54545 cpuTemp: 56.2 memUsed(MB): 10309.9 / 15973.4 diskUsed(GB): 45.28 / 57.9994
2026-03-04 16:03:38.287 [DEBUG] [SystemMonitor] (sysinfo) totalBytes: 1.67493e+10 freeBytes: 5.93789e+09 memoryUsage(MB): 10310.6 / 15973.4
2026-03-04 16:03:38.292 [DEBUG] [SystemMonitor] cpuUsage: 5.51378 cpuTemp: 56.2 memUsed(MB): 10310.6 / 15973.4 diskUsed(GB): 45.28 / 57.9994
2026-03-04 16:03:39.287 [DEBUG] [SystemMonitor] (sysinfo) totalBytes: 1.67493e+10 freeBytes: 5.93789e+09 memoryUsage(MB): 10310.6 / 15973.4
2026-03-04 16:03:39.291 [DEBUG] [SystemMonitor] cpuUsage: 5.52764 cpuTemp: 55.1 memUsed(MB): 10310.6 / 15973.4 diskUsed(GB): 45.28 / 57.9994
2026-03-04 16:03:40.287 [DEBUG] [SystemMonitor] (sysinfo) totalBytes: 1.67493e+10 freeBytes: 5.93763e+09 memoryUsage(MB): 10310.8 / 15973.4
2026-03-04 16:03:40.292 [DEBUG] [SystemMonitor] cpuUsage: 5.51378 cpuTemp: 56.2 memUsed(MB): 10310.8 / 15973.4 diskUsed(GB): 45.28 / 57.9994
2026-03-04 16:03:41.287 [DEBUG] [SystemMonitor] (sysinfo) totalBytes: 1.67493e+10 freeBytes: 5.94176e+09 memoryUsage(MB): 10306.9 / 15973.4
2026-03-04 16:03:41.291 [DEBUG] [SystemMonitor] cpuUsage: 4.28212 cpuTemp: 55.65 memUsed(MB): 10306.9 / 15973.4 diskUsed(GB): 45.28 / 57.9994
2026-03-04 16:03:42.287 [DEBUG] [SystemMonitor] (sysinfo) totalBytes: 1.67493e+10 freeBytes: 5.9415e+09 memoryUsage(MB): 10307.2 / 15973.4
2026-03-04 16:03:42.292 [DEBUG] [SystemMonitor] cpuUsage: 3.77834 cpuTemp: 54.55 memUsed(MB): 10307.2 / 15973.4 diskUsed(GB): 45.28 / 57.9994
2026-03-04 16:03:43.287 [DEBUG] [SystemMonitor] (sysinfo) totalBytes: 1.67493e+10 freeBytes: 5.93016e+09 memoryUsage(MB): 10318 / 15973.4
2026-03-04 16:03:43.291 [DEBUG] [SystemMonitor] cpuUsage: 6.01504 cpuTemp: 56.75 memUsed(MB): 10318 / 15973.4 diskUsed(GB): 45.28 / 57.9994
2026-03-04 16:03:44.287 [DEBUG] [SystemMonitor] (sysinfo) totalBytes: 1.67493e+10 freeBytes: 5.92758e+09 memoryUsage(MB): 10320.4 / 15973.4
2026-03-04 16:03:44.292 [DEBUG] [SystemMonitor] cpuUsage: 4.01003 cpuTemp: 56.2 memUsed(MB): 10320.4 / 15973.4 diskUsed(GB): 45.28 / 57.9994
2026-03-04 16:03:45.287 [DEBUG] [SystemMonitor] (sysinfo) totalBytes: 1.67493e+10 freeBytes: 5.91778e+09 memoryUsage(MB): 10329.8 / 15973.4
2026-03-04 16:03:45.291 [DEBUG] [SystemMonitor] cpuUsage: 5.54156 cpuTemp: 55.65 memUsed(MB): 10329.8 / 15973.4 diskUsed(GB): 45.28 / 57.9994
2026-03-04 16:03:46.288 [DEBUG] [SystemMonitor] (sysinfo) totalBytes: 1.67493e+10 freeBytes: 5.922e+09 memoryUsage(MB): 10325.8 / 15973.4
2026-03-04 16:03:46.297 [DEBUG] [SystemMonitor] cpuUsage: 16.5829 cpuTemp: 57.3 memUsed(MB): 10325.8 / 15973.4 diskUsed(GB): 45.28 / 57.9994
2026-03-04 16:03:47.287 [DEBUG] [SystemMonitor] (sysinfo) totalBytes: 1.67493e+10 freeBytes: 5.9324e+09 memoryUsage(MB): 10315.8 / 15973.4
2026-03-04 16:03:47.292 [DEBUG] [SystemMonitor] cpuUsage: 16.4141 cpuTemp: 55.65 memUsed(MB): 10315.8 / 15973.4 diskUsed(GB): 45.28 / 57.9994
2026-03-04 16:03:48.287 [DEBUG] [SystemMonitor] (sysinfo) totalBytes: 1.67493e+10 freeBytes: 5.95362e+09 memoryUsage(MB): 10295.6 / 15973.4
2026-03-04 16:03:48.292 [DEBUG] [SystemMonitor] cpuUsage: 4.5 cpuTemp: 55.1 memUsed(MB): 10295.6 / 15973.4 diskUsed(GB): 45.28 / 57.9994
2026-03-04 16:03:49.287 [DEBUG] [SystemMonitor] (sysinfo) totalBytes: 1.67493e+10 freeBytes: 5.95336e+09 memoryUsage(MB): 10295.8 / 15973.4
2026-03-04 16:03:49.292 [DEBUG] [SystemMonitor] cpuUsage: 4.0201 cpuTemp: 56.75 memUsed(MB): 10295.8 / 15973.4 diskUsed(GB): 45.28 / 57.9994
2026-03-04 16:03:50.287 [DEBUG] [SystemMonitor] (sysinfo) totalBytes: 1.67493e+10 freeBytes: 5.94949e+09 memoryUsage(MB): 10299.5 / 15973.4
2026-03-04 16:03:50.292 [DEBUG] [SystemMonitor] cpuUsage: 3.77834 cpuTemp: 56.2 memUsed(MB): 10299.5 / 15973.4 diskUsed(GB): 45.28 / 57.9994
2026-03-04 16:03:51.287 [DEBUG] [SystemMonitor] (sysinfo) totalBytes: 1.67493e+10 freeBytes: 5.94524e+09 memoryUsage(MB): 10303.6 / 15973.4
2026-03-04 16:03:51.292 [DEBUG] [SystemMonitor] cpuUsage: 4.77387 cpuTemp: 54.55 memUsed(MB): 10303.6 / 15973.4 diskUsed(GB): 45.28 / 57.9994
2026-03-04 16:03:52.287 [DEBUG] [SystemMonitor] (sysinfo) totalBytes: 1.67493e+10 freeBytes: 5.94498e+09 memoryUsage(MB): 10303.8 / 15973.4
2026-03-04 16:03:52.291 [DEBUG] [SystemMonitor] cpuUsage: 4.27136 cpuTemp: 55.1 memUsed(MB): 10303.8 / 15973.4 diskUsed(GB): 45.28 / 57.9994
2026-03-04 16:03:53.287 [DEBUG] [SystemMonitor] (sysinfo) totalBytes: 1.67493e+10 freeBytes: 5.94498e+09 memoryUsage(MB): 10303.8 / 15973.4
2026-03-04 16:03:53.291 [DEBUG] [SystemMonitor] cpuUsage: 3.76884 cpuTemp: 56.75 memUsed(MB): 10303.8 / 15973.4 diskUsed(GB): 45.28 / 57.9994
2026-03-04 16:03:54.287 [DEBUG] [SystemMonitor] (sysinfo) totalBytes: 1.67493e+10 freeBytes: 5.94473e+09 memoryUsage(MB): 10304.1 / 15973.4
2026-03-04 16:03:54.292 [DEBUG] [SystemMonitor] cpuUsage: 3.51759 cpuTemp: 55.1 memUsed(MB): 10304.1 / 15973.4 diskUsed(GB): 45.28 / 57.9994
2026-03-04 16:03:55.287 [DEBUG] [SystemMonitor] (sysinfo) totalBytes: 1.67493e+10 freeBytes: 5.94395e+09 memoryUsage(MB): 10304.8 / 15973.4
2026-03-04 16:03:55.292 [DEBUG] [SystemMonitor] cpuUsage: 3.77834 cpuTemp: 55.65 memUsed(MB): 10304.8 / 15973.4 diskUsed(GB): 45.28 / 57.9994
2026-03-04 16:03:56.287 [DEBUG] [SystemMonitor] (sysinfo) totalBytes: 1.67493e+10 freeBytes: 5.94395e+09 memoryUsage(MB): 10304.8 / 15973.4
2026-03-04 16:03:56.292 [DEBUG] [SystemMonitor] cpuUsage: 4.25 cpuTemp: 56.75 memUsed(MB): 10304.8 / 15973.4 diskUsed(GB): 45.28 / 57.9994
2026-03-04 16:03:57.287 [DEBUG] [SystemMonitor] (sysinfo) totalBytes: 1.67493e+10 freeBytes: 5.94395e+09 memoryUsage(MB): 10304.8 / 15973.4
2026-03-04 16:03:57.291 [DEBUG] [SystemMonitor] cpuUsage: 4.51128 cpuTemp: 55.1 memUsed(MB): 10304.8 / 15973.4 diskUsed(GB): 45.28 / 57.9994
2026-03-04 16:03:58.287 [DEBUG] [SystemMonitor] (sysinfo) totalBytes: 1.67493e+10 freeBytes: 5.94447e+09 memoryUsage(MB): 10304.3 / 15973.4
2026-03-04 16:03:58.291 [DEBUG] [SystemMonitor] cpuUsage: 4.03023 cpuTemp: 55.1 memUsed(MB): 10304.3 / 15973.4 diskUsed(GB): 45.28 / 57.9994
2026-03-04 16:03:59.287 [DEBUG] [SystemMonitor] (sysinfo) totalBytes: 1.67493e+10 freeBytes: 5.94447e+09 memoryUsage(MB): 10304.3 / 15973.4
2026-03-04 16:03:59.292 [DEBUG] [SystemMonitor] cpuUsage: 4.03023 cpuTemp: 55.1 memUsed(MB): 10304.3 / 15973.4 diskUsed(GB): 45.28 / 57.9994
2026-03-04 16:04:00.287 [DEBUG] [SystemMonitor] (sysinfo) totalBytes: 1.67493e+10 freeBytes: 5.9424e+09 memoryUsage(MB): 10306.3 / 15973.4
2026-03-04 16:04:00.292 [DEBUG] [SystemMonitor] cpuUsage: 4.48878 cpuTemp: 56.2 memUsed(MB): 10306.3 / 15973.4 diskUsed(GB): 45.28 / 57.9994
2026-03-04 16:04:01.287 [DEBUG] [SystemMonitor] (sysinfo) totalBytes: 1.67493e+10 freeBytes: 5.94286e+09 memoryUsage(MB): 10305.9 / 15973.4
2026-03-04 16:04:01.291 [DEBUG] [SystemMonitor] cpuUsage: 3.5443 cpuTemp: 56.2 memUsed(MB): 10305.9 / 15973.4 diskUsed(GB): 45.28 / 57.9994
2026-03-04 16:04:02.288 [DEBUG] [SystemMonitor] (sysinfo) totalBytes: 1.67493e+10 freeBytes: 5.95519e+09 memoryUsage(MB): 10294.1 / 15973.4
2026-03-04 16:04:02.292 [DEBUG] [SystemMonitor] cpuUsage: 4.2394 cpuTemp: 56.2 memUsed(MB): 10294.1 / 15973.4 diskUsed(GB): 45.28 / 57.9994
2026-03-04 16:04:03.287 [DEBUG] [SystemMonitor] (sysinfo) totalBytes: 1.67493e+10 freeBytes: 5.95443e+09 memoryUsage(MB): 10294.8 / 15973.4
2026-03-04 16:04:03.291 [DEBUG] [SystemMonitor] cpuUsage: 3.77834 cpuTemp: 54.55 memUsed(MB): 10294.8 / 15973.4 diskUsed(GB): 45.28 / 57.9994
2026-03-04 16:04:04.287 [DEBUG] [SystemMonitor] (sysinfo) totalBytes: 1.67493e+10 freeBytes: 5.94978e+09 memoryUsage(MB): 10299.3 / 15973.4
2026-03-04 16:04:04.291 [DEBUG] [SystemMonitor] cpuUsage: 4.0201 cpuTemp: 56.75 memUsed(MB): 10299.3 / 15973.4 diskUsed(GB): 45.28 / 57.9994
2026-03-04 16:04:05.287 [DEBUG] [SystemMonitor] (sysinfo) totalBytes: 1.67493e+10 freeBytes: 5.94978e+09 memoryUsage(MB): 10299.3 / 15973.4
2026-03-04 16:04:05.292 [DEBUG] [SystemMonitor] cpuUsage: 3.51759 cpuTemp: 56.2 memUsed(MB): 10299.3 / 15973.4 diskUsed(GB): 45.28 / 57.9994
2026-03-04 16:04:06.287 [DEBUG] [SystemMonitor] (sysinfo) totalBytes: 1.67493e+10 freeBytes: 5.94817e+09 memoryUsage(MB): 10300.8 / 15973.4
2026-03-04 16:04:06.291 [DEBUG] [SystemMonitor] cpuUsage: 11.8388 cpuTemp: 56.75 memUsed(MB): 10300.8 / 15973.4 diskUsed(GB): 45.28 / 57.9994
2026-03-04 16:04:07.287 [DEBUG] [SystemMonitor] (sysinfo) totalBytes: 1.67493e+10 freeBytes: 5.95079e+09 memoryUsage(MB): 10298.3 / 15973.4
2026-03-04 16:04:07.292 [DEBUG] [SystemMonitor] cpuUsage: 4.7619 cpuTemp: 56.75 memUsed(MB): 10298.3 / 15973.4 diskUsed(GB): 45.28 / 57.9994
2026-03-04 16:04:08.287 [DEBUG] [SystemMonitor] (sysinfo) totalBytes: 1.67493e+10 freeBytes: 5.95079e+09 memoryUsage(MB): 10298.3 / 15973.4
2026-03-04 16:04:08.292 [DEBUG] [SystemMonitor] cpuUsage: 3.51759 cpuTemp: 56.2 memUsed(MB): 10298.3 / 15973.4 diskUsed(GB): 45.28 / 57.9994
2026-03-04 16:04:09.287 [DEBUG] [SystemMonitor] (sysinfo) totalBytes: 1.67493e+10 freeBytes: 5.95079e+09 memoryUsage(MB): 10298.3 / 15973.4
2026-03-04 16:04:09.294 [DEBUG] [SystemMonitor] cpuUsage: 4.27136 cpuTemp: 56.75 memUsed(MB): 10298.3 / 15973.4 diskUsed(GB): 45.28 / 57.9994
2026-03-04 16:04:10.288 [DEBUG] [SystemMonitor] (sysinfo) totalBytes: 1.67493e+10 freeBytes: 5.94666e+09 memoryUsage(MB): 10302.2 / 15973.4
2026-03-04 16:04:10.292 [DEBUG] [SystemMonitor] cpuUsage: 4.52261 cpuTemp: 56.75 memUsed(MB): 10302.2 / 15973.4 diskUsed(GB): 45.28 / 57.9994
2026-03-04 16:04:11.287 [DEBUG] [SystemMonitor] (sysinfo) totalBytes: 1.67493e+10 freeBytes: 5.9464e+09 memoryUsage(MB): 10302.5 / 15973.4
2026-03-04 16:04:11.292 [DEBUG] [SystemMonitor] cpuUsage: 5.26316 cpuTemp: 55.65 memUsed(MB): 10302.5 / 15973.4 diskUsed(GB): 45.28 / 57.9994
2026-03-04 16:04:12.286 [DEBUG] [SystemMonitor] (sysinfo) totalBytes: 1.67493e+10 freeBytes: 5.9464e+09 memoryUsage(MB): 10302.5 / 15973.4
2026-03-04 16:04:12.291 [DEBUG] [SystemMonitor] cpuUsage: 3.26633 cpuTemp: 56.2 memUsed(MB): 10302.5 / 15973.4 diskUsed(GB): 45.28 / 57.9994
2026-03-04 16:04:13.287 [DEBUG] [SystemMonitor] (sysinfo) totalBytes: 1.67493e+10 freeBytes: 5.94459e+09 memoryUsage(MB): 10304.2 / 15973.4
2026-03-04 16:04:13.291 [DEBUG] [SystemMonitor] cpuUsage: 4.5 cpuTemp: 55.65 memUsed(MB): 10304.2 / 15973.4 diskUsed(GB): 45.28 / 57.9994
2026-03-04 16:04:14.287 [DEBUG] [SystemMonitor] (sysinfo) totalBytes: 1.67493e+10 freeBytes: 5.95489e+09 memoryUsage(MB): 10294.4 / 15973.4
2026-03-04 16:04:14.292 [DEBUG] [SystemMonitor] cpuUsage: 5.03778 cpuTemp: 55.65 memUsed(MB): 10294.4 / 15973.4 diskUsed(GB): 45.28 / 57.9994
2026-03-04 16:04:15.287 [DEBUG] [SystemMonitor] (sysinfo) totalBytes: 1.67493e+10 freeBytes: 5.95118e+09 memoryUsage(MB): 10297.9 / 15973.4
2026-03-04 16:04:15.291 [DEBUG] [SystemMonitor] cpuUsage: 4.51128 cpuTemp: 56.2 memUsed(MB): 10297.9 / 15973.4 diskUsed(GB): 45.28 / 57.9994
2026-03-04 16:04:16.287 [DEBUG] [SystemMonitor] (sysinfo) totalBytes: 1.67493e+10 freeBytes: 5.94788e+09 memoryUsage(MB): 10301.1 / 15973.4
2026-03-04 16:04:16.292 [DEBUG] [SystemMonitor] cpuUsage: 4.03023 cpuTemp: 55.65 memUsed(MB): 10301.1 / 15973.4 diskUsed(GB): 45.28 / 57.9994
2026-03-04 16:04:17.287 [DEBUG] [SystemMonitor] (sysinfo) totalBytes: 1.67493e+10 freeBytes: 5.94762e+09 memoryUsage(MB): 10301.3 / 15973.4
2026-03-04 16:04:17.292 [DEBUG] [SystemMonitor] cpuUsage: 4.52261 cpuTemp: 56.75 memUsed(MB): 10301.3 / 15973.4 diskUsed(GB): 45.28 / 57.9994
2026-03-04 16:04:18.287 [DEBUG] [SystemMonitor] (sysinfo) totalBytes: 1.67493e+10 freeBytes: 5.94762e+09 memoryUsage(MB): 10301.3 / 15973.4
2026-03-04 16:04:18.291 [DEBUG] [SystemMonitor] cpuUsage: 3.27456 cpuTemp: 55.65 memUsed(MB): 10301.3 / 15973.4 diskUsed(GB): 45.28 / 57.9994
2026-03-04 16:04:19.287 [DEBUG] [SystemMonitor] (sysinfo) totalBytes: 1.67493e+10 freeBytes: 5.94737e+09 memoryUsage(MB): 10301.6 / 15973.4
2026-03-04 16:04:19.292 [DEBUG] [SystemMonitor] cpuUsage: 3.52645 cpuTemp: 56.2 memUsed(MB): 10301.6 / 15973.4 diskUsed(GB): 45.28 / 57.9994
2026-03-04 16:04:20.287 [DEBUG] [SystemMonitor] (sysinfo) totalBytes: 1.67493e+10 freeBytes: 5.94737e+09 memoryUsage(MB): 10301.6 / 15973.4
2026-03-04 16:04:20.291 [DEBUG] [SystemMonitor] cpuUsage: 4.01003 cpuTemp: 55.65 memUsed(MB): 10301.6 / 15973.4 diskUsed(GB): 45.28 / 57.9994
2026-03-04 16:04:21.287 [DEBUG] [SystemMonitor] (sysinfo) totalBytes: 1.67493e+10 freeBytes: 5.95186e+09 memoryUsage(MB): 10297.3 / 15973.4
2026-03-04 16:04:21.292 [DEBUG] [SystemMonitor] cpuUsage: 4.77387 cpuTemp: 55.65 memUsed(MB): 10297.3 / 15973.4 diskUsed(GB): 45.28 / 57.9994
2026-03-04 16:04:22.287 [DEBUG] [SystemMonitor] (sysinfo) totalBytes: 1.67493e+10 freeBytes: 5.95186e+09 memoryUsage(MB): 10297.3 / 15973.4
2026-03-04 16:04:22.291 [DEBUG] [SystemMonitor] cpuUsage: 3.52645 cpuTemp: 56.75 memUsed(MB): 10297.3 / 15973.4 diskUsed(GB): 45.28 / 57.9994
2026-03-04 16:04:23.287 [DEBUG] [SystemMonitor] (sysinfo) totalBytes: 1.67493e+10 freeBytes: 5.94521e+09 memoryUsage(MB): 10303.6 / 15973.4
2026-03-04 16:04:23.291 [DEBUG] [SystemMonitor] cpuUsage: 4.52261 cpuTemp: 56.75 memUsed(MB): 10303.6 / 15973.4 diskUsed(GB): 45.28 / 57.9994
2026-03-04 16:04:24.287 [DEBUG] [SystemMonitor] (sysinfo) totalBytes: 1.67493e+10 freeBytes: 5.9447e+09 memoryUsage(MB): 10304.1 / 15973.4
2026-03-04 16:04:24.292 [DEBUG] [SystemMonitor] cpuUsage: 4.01003 cpuTemp: 55.1 memUsed(MB): 10304.1 / 15973.4 diskUsed(GB): 45.28 / 57.9994
2026-03-04 16:04:25.287 [DEBUG] [SystemMonitor] (sysinfo) totalBytes: 1.67493e+10 freeBytes: 5.94444e+09 memoryUsage(MB): 10304.3 / 15973.4
2026-03-04 16:04:25.292 [DEBUG] [SystemMonitor] cpuUsage: 4.26065 cpuTemp: 55.65 memUsed(MB): 10304.3 / 15973.4 diskUsed(GB): 45.28 / 57.9994
2026-03-04 16:04:26.287 [DEBUG] [SystemMonitor] (sysinfo) totalBytes: 1.67493e+10 freeBytes: 5.92726e+09 memoryUsage(MB): 10320.7 / 15973.4
2026-03-04 16:04:26.291 [DEBUG] [SystemMonitor] cpuUsage: 4.7619 cpuTemp: 55.65 memUsed(MB): 10320.7 / 15973.4 diskUsed(GB): 45.28 / 57.9994
2026-03-04 16:04:27.288 [DEBUG] [SystemMonitor] (sysinfo) totalBytes: 1.67493e+10 freeBytes: 5.93018e+09 memoryUsage(MB): 10317.9 / 15973.4
2026-03-04 16:04:27.292 [DEBUG] [SystemMonitor] cpuUsage: 3.26633 cpuTemp: 56.2 memUsed(MB): 10317.9 / 15973.4 diskUsed(GB): 45.28 / 57.9994
2026-03-04 16:04:28.287 [DEBUG] [SystemMonitor] (sysinfo) totalBytes: 1.67493e+10 freeBytes: 5.92811e+09 memoryUsage(MB): 10319.9 / 15973.4
2026-03-04 16:04:28.292 [DEBUG] [SystemMonitor] cpuUsage: 3.76884 cpuTemp: 56.75 memUsed(MB): 10319.9 / 15973.4 diskUsed(GB): 45.28 / 57.9994
2026-03-04 16:04:29.287 [DEBUG] [SystemMonitor] (sysinfo) totalBytes: 1.67493e+10 freeBytes: 5.92399e+09 memoryUsage(MB): 10323.9 / 15973.4
2026-03-04 16:04:29.292 [DEBUG] [SystemMonitor] cpuUsage: 4.03023 cpuTemp: 56.2 memUsed(MB): 10323.9 / 15973.4 diskUsed(GB): 45.28 / 57.9994
2026-03-04 16:04:30.287 [DEBUG] [SystemMonitor] (sysinfo) totalBytes: 1.67493e+10 freeBytes: 5.92477e+09 memoryUsage(MB): 10323.1 / 15973.4
2026-03-04 16:04:30.292 [DEBUG] [SystemMonitor] cpuUsage: 5.26316 cpuTemp: 55.65 memUsed(MB): 10323.1 / 15973.4 diskUsed(GB): 45.28 / 57.9994
2026-03-04 16:04:31.287 [DEBUG] [SystemMonitor] (sysinfo) totalBytes: 1.67493e+10 freeBytes: 5.93939e+09 memoryUsage(MB): 10309.2 / 15973.4
2026-03-04 16:04:31.292 [DEBUG] [SystemMonitor] cpuUsage: 4.27136 cpuTemp: 56.2 memUsed(MB): 10309.2 / 15973.4 diskUsed(GB): 45.28 / 57.9994
2026-03-04 16:04:32.287 [DEBUG] [SystemMonitor] (sysinfo) totalBytes: 1.67493e+10 freeBytes: 5.95344e+09 memoryUsage(MB): 10295.8 / 15973.4
2026-03-04 16:04:32.292 [DEBUG] [SystemMonitor] cpuUsage: 27.3183 cpuTemp: 55.65 memUsed(MB): 10295.8 / 15973.4 diskUsed(GB): 45.28 / 57.9994
2026-03-04 16:04:33.287 [DEBUG] [SystemMonitor] (sysinfo) totalBytes: 1.67493e+10 freeBytes: 5.96081e+09 memoryUsage(MB): 10288.7 / 15973.4
2026-03-04 16:04:33.292 [DEBUG] [SystemMonitor] cpuUsage: 4.51128 cpuTemp: 56.75 memUsed(MB): 10288.7 / 15973.4 diskUsed(GB): 45.28 / 57.9994
2026-03-04 16:04:34.287 [DEBUG] [SystemMonitor] (sysinfo) totalBytes: 1.67493e+10 freeBytes: 5.96081e+09 memoryUsage(MB): 10288.7 / 15973.4
2026-03-04 16:04:34.291 [DEBUG] [SystemMonitor] cpuUsage: 4.0201 cpuTemp: 56.75 memUsed(MB): 10288.7 / 15973.4 diskUsed(GB): 45.28 / 57.9994
2026-03-04 16:04:35.287 [DEBUG] [SystemMonitor] (sysinfo) totalBytes: 1.67493e+10 freeBytes: 5.96059e+09 memoryUsage(MB): 10288.9 / 15973.4
2026-03-04 16:04:35.291 [DEBUG] [SystemMonitor] cpuUsage: 4.3038 cpuTemp: 56.75 memUsed(MB): 10288.9 / 15973.4 diskUsed(GB): 45.28 / 57.9994
2026-03-04 16:04:36.287 [DEBUG] [SystemMonitor] (sysinfo) totalBytes: 1.67493e+10 freeBytes: 5.96036e+09 memoryUsage(MB): 10289.2 / 15973.4
2026-03-04 16:04:36.292 [DEBUG] [SystemMonitor] cpuUsage: 3.76884 cpuTemp: 55.65 memUsed(MB): 10289.2 / 15973.4 diskUsed(GB): 45.28 / 57.9994
2026-03-04 16:04:37.287 [DEBUG] [SystemMonitor] (sysinfo) totalBytes: 1.67493e+10 freeBytes: 5.96036e+09 memoryUsage(MB): 10289.2 / 15973.4
2026-03-04 16:04:37.292 [DEBUG] [SystemMonitor] cpuUsage: 3.76884 cpuTemp: 55.65 memUsed(MB): 10289.2 / 15973.4 diskUsed(GB): 45.28 / 57.9994
2026-03-04 16:04:38.287 [DEBUG] [SystemMonitor] (sysinfo) totalBytes: 1.67493e+10 freeBytes: 5.95825e+09 memoryUsage(MB): 10291.2 / 15973.4
2026-03-04 16:04:38.292 [DEBUG] [SystemMonitor] cpuUsage: 4.52261 cpuTemp: 56.75 memUsed(MB): 10291.2 / 15973.4 diskUsed(GB): 45.28 / 57.9994
2026-03-04 16:04:39.287 [DEBUG] [SystemMonitor] (sysinfo) totalBytes: 1.67493e+10 freeBytes: 5.95917e+09 memoryUsage(MB): 10290.3 / 15973.4
2026-03-04 16:04:39.291 [DEBUG] [SystemMonitor] cpuUsage: 5.77889 cpuTemp: 55.65 memUsed(MB): 10290.3 / 15973.4 diskUsed(GB): 45.28 / 57.9994
2026-03-04 16:04:40.287 [DEBUG] [SystemMonitor] (sysinfo) totalBytes: 1.67493e+10 freeBytes: 5.95862e+09 memoryUsage(MB): 10290.8 / 15973.4
2026-03-04 16:04:40.291 [DEBUG] [SystemMonitor] cpuUsage: 13.3166 cpuTemp: 57.3 memUsed(MB): 10290.8 / 15973.4 diskUsed(GB): 45.28 / 57.9994
2026-03-04 16:04:41.287 [DEBUG] [SystemMonitor] (sysinfo) totalBytes: 1.67493e+10 freeBytes: 5.95883e+09 memoryUsage(MB): 10290.6 / 15973.4
2026-03-04 16:04:41.291 [DEBUG] [SystemMonitor] cpuUsage: 4.0201 cpuTemp: 56.75 memUsed(MB): 10290.6 / 15973.4 diskUsed(GB): 45.28 / 57.9994
2026-03-04 16:04:42.287 [DEBUG] [SystemMonitor] (sysinfo) totalBytes: 1.67493e+10 freeBytes: 5.95708e+09 memoryUsage(MB): 10292.3 / 15973.4
2026-03-04 16:04:42.291 [DEBUG] [SystemMonitor] cpuUsage: 3.52645 cpuTemp: 56.2 memUsed(MB): 10292.3 / 15973.4 diskUsed(GB): 45.28 / 57.9994
2026-03-04 16:04:43.287 [DEBUG] [SystemMonitor] (sysinfo) totalBytes: 1.67493e+10 freeBytes: 5.95708e+09 memoryUsage(MB): 10292.3 / 15973.4
2026-03-04 16:04:43.290 [DEBUG] [SystemMonitor] cpuUsage: 4.75 cpuTemp: 55.65 memUsed(MB): 10292.3 / 15973.4 diskUsed(GB): 45.28 / 57.9994
2026-03-04 16:04:44.287 [DEBUG] [SystemMonitor] (sysinfo) totalBytes: 1.67493e+10 freeBytes: 5.95321e+09 memoryUsage(MB): 10296 / 15973.4
2026-03-04 16:04:44.291 [DEBUG] [SystemMonitor] cpuUsage: 4.27136 cpuTemp: 56.75 memUsed(MB): 10296 / 15973.4 diskUsed(GB): 45.28 / 57.9994
2026-03-04 16:04:45.287 [DEBUG] [SystemMonitor] (sysinfo) totalBytes: 1.67493e+10 freeBytes: 5.96095e+09 memoryUsage(MB): 10288.6 / 15973.4
2026-03-04 16:04:45.292 [DEBUG] [SystemMonitor] cpuUsage: 4.03023 cpuTemp: 56.75 memUsed(MB): 10288.6 / 15973.4 diskUsed(GB): 45.28 / 57.9994
2026-03-04 16:04:46.287 [DEBUG] [SystemMonitor] (sysinfo) totalBytes: 1.67493e+10 freeBytes: 5.96095e+09 memoryUsage(MB): 10288.6 / 15973.4
2026-03-04 16:04:46.292 [DEBUG] [SystemMonitor] cpuUsage: 3.52645 cpuTemp: 56.2 memUsed(MB): 10288.6 / 15973.4 diskUsed(GB): 45.28 / 57.9994
2026-03-04 16:04:47.287 [DEBUG] [SystemMonitor] (sysinfo) totalBytes: 1.67493e+10 freeBytes: 5.96376e+09 memoryUsage(MB): 10285.9 / 15973.4
2026-03-04 16:04:47.292 [DEBUG] [SystemMonitor] cpuUsage: 7 cpuTemp: 56.75 memUsed(MB): 10285.9 / 15973.4 diskUsed(GB): 45.28 / 57.9994
2026-03-04 16:04:48.287 [DEBUG] [SystemMonitor] (sysinfo) totalBytes: 1.67493e+10 freeBytes: 5.9635e+09 memoryUsage(MB): 10286.2 / 15973.4
2026-03-04 16:04:48.294 [DEBUG] [SystemMonitor] cpuUsage: 4.03023 cpuTemp: 56.75 memUsed(MB): 10286.2 / 15973.4 diskUsed(GB): 45.28 / 57.9994
2026-03-04 16:04:49.287 [DEBUG] [SystemMonitor] (sysinfo) totalBytes: 1.67493e+10 freeBytes: 5.96324e+09 memoryUsage(MB): 10286.4 / 15973.4
2026-03-04 16:04:49.292 [DEBUG] [SystemMonitor] cpuUsage: 4.03023 cpuTemp: 56.75 memUsed(MB): 10286.4 / 15973.4 diskUsed(GB): 45.28 / 57.9994
2026-03-04 16:04:50.287 [DEBUG] [SystemMonitor] (sysinfo) totalBytes: 1.67493e+10 freeBytes: 5.96324e+09 memoryUsage(MB): 10286.4 / 15973.4
2026-03-04 16:04:50.292 [DEBUG] [SystemMonitor] cpuUsage: 3.27456 cpuTemp: 55.65 memUsed(MB): 10286.4 / 15973.4 diskUsed(GB): 45.28 / 57.9994
2026-03-04 16:04:51.287 [DEBUG] [SystemMonitor] (sysinfo) totalBytes: 1.67493e+10 freeBytes: 5.96093e+09 memoryUsage(MB): 10288.6 / 15973.4
2026-03-04 16:04:51.291 [DEBUG] [SystemMonitor] cpuUsage: 4.78589 cpuTemp: 56.2 memUsed(MB): 10288.6 / 15973.4 diskUsed(GB): 45.28 / 57.9994
2026-03-04 16:04:52.288 [DEBUG] [SystemMonitor] (sysinfo) totalBytes: 1.67493e+10 freeBytes: 5.96093e+09 memoryUsage(MB): 10288.6 / 15973.4
2026-03-04 16:04:52.292 [DEBUG] [SystemMonitor] cpuUsage: 3.75 cpuTemp: 56.75 memUsed(MB): 10288.6 / 15973.4 diskUsed(GB): 45.28 / 57.9994
2026-03-04 16:04:53.287 [DEBUG] [SystemMonitor] (sysinfo) totalBytes: 1.67493e+10 freeBytes: 5.9607e+09 memoryUsage(MB): 10288.8 / 15973.4
2026-03-04 16:04:53.292 [DEBUG] [SystemMonitor] cpuUsage: 3.28283 cpuTemp: 56.2 memUsed(MB): 10288.8 / 15973.4 diskUsed(GB): 45.28 / 57.9994
2026-03-04 16:04:54.287 [DEBUG] [SystemMonitor] (sysinfo) totalBytes: 1.67493e+10 freeBytes: 5.95657e+09 memoryUsage(MB): 10292.8 / 15973.4
2026-03-04 16:04:54.292 [DEBUG] [SystemMonitor] cpuUsage: 3.26633 cpuTemp: 56.2 memUsed(MB): 10292.8 / 15973.4 diskUsed(GB): 45.28 / 57.9994
2026-03-04 16:04:55.287 [DEBUG] [SystemMonitor] (sysinfo) totalBytes: 1.67493e+10 freeBytes: 5.95717e+09 memoryUsage(MB): 10292.2 / 15973.4
2026-03-04 16:04:55.291 [DEBUG] [SystemMonitor] cpuUsage: 3.26633 cpuTemp: 57.3 memUsed(MB): 10292.2 / 15973.4 diskUsed(GB): 45.28 / 57.9994
2026-03-04 16:04:56.288 [DEBUG] [SystemMonitor] (sysinfo) totalBytes: 1.67493e+10 freeBytes: 5.95725e+09 memoryUsage(MB): 10292.1 / 15973.4
2026-03-04 16:04:56.292 [DEBUG] [SystemMonitor] cpuUsage: 3.01508 cpuTemp: 56.2 memUsed(MB): 10292.1 / 15973.4 diskUsed(GB): 45.28 / 57.9994
2026-03-04 16:04:57.287 [DEBUG] [SystemMonitor] (sysinfo) totalBytes: 1.67493e+10 freeBytes: 5.95699e+09 memoryUsage(MB): 10292.4 / 15973.4
2026-03-04 16:04:57.292 [DEBUG] [SystemMonitor] cpuUsage: 3.02267 cpuTemp: 56.75 memUsed(MB): 10292.4 / 15973.4 diskUsed(GB): 45.28 / 57.9994
2026-03-04 16:04:58.287 [DEBUG] [SystemMonitor] (sysinfo) totalBytes: 1.67493e+10 freeBytes: 5.95699e+09 memoryUsage(MB): 10292.4 / 15973.4
2026-03-04 16:04:58.291 [DEBUG] [SystemMonitor] cpuUsage: 3.26633 cpuTemp: 57.3 memUsed(MB): 10292.4 / 15973.4 diskUsed(GB): 45.28 / 57.9994
2026-03-04 16:04:59.288 [DEBUG] [SystemMonitor] (sysinfo) totalBytes: 1.67493e+10 freeBytes: 5.95648e+09 memoryUsage(MB): 10292.9 / 15973.4
2026-03-04 16:04:59.292 [DEBUG] [SystemMonitor] cpuUsage: 6.01504 cpuTemp: 55.65 memUsed(MB): 10292.9 / 15973.4 diskUsed(GB): 45.28 / 57.9994
2026-03-04 16:05:00.286 [DEBUG] [SystemMonitor] (sysinfo) totalBytes: 1.67493e+10 freeBytes: 5.95622e+09 memoryUsage(MB): 10293.1 / 15973.4
2026-03-04 16:05:00.291 [DEBUG] [SystemMonitor] cpuUsage: 3.76884 cpuTemp: 56.75 memUsed(MB): 10293.1 / 15973.4 diskUsed(GB): 45.28 / 57.9994
2026-03-04 16:05:01.287 [DEBUG] [SystemMonitor] (sysinfo) totalBytes: 1.67493e+10 freeBytes: 5.95519e+09 memoryUsage(MB): 10294.1 / 15973.4
2026-03-04 16:05:01.292 [DEBUG] [SystemMonitor] cpuUsage: 4.01003 cpuTemp: 55.65 memUsed(MB): 10294.1 / 15973.4 diskUsed(GB): 45.28 / 57.9994
2026-03-04 16:05:02.287 [DEBUG] [SystemMonitor] (sysinfo) totalBytes: 1.67493e+10 freeBytes: 5.9539e+09 memoryUsage(MB): 10295.3 / 15973.4
2026-03-04 16:05:02.293 [DEBUG] [SystemMonitor] cpuUsage: 3.58974 cpuTemp: 56.75 memUsed(MB): 10295.3 / 15973.4 diskUsed(GB): 45.28 / 57.9994
2026-03-04 16:05:03.287 [DEBUG] [SystemMonitor] (sysinfo) totalBytes: 1.67493e+10 freeBytes: 5.95522e+09 memoryUsage(MB): 10294.1 / 15973.4
2026-03-04 16:05:03.291 [DEBUG] [SystemMonitor] cpuUsage: 5 cpuTemp: 57.3 memUsed(MB): 10294.1 / 15973.4 diskUsed(GB): 45.28 / 57.9994
2026-03-04 16:05:04.287 [DEBUG] [SystemMonitor] (sysinfo) totalBytes: 1.67493e+10 freeBytes: 5.95496e+09 memoryUsage(MB): 10294.3 / 15973.4
2026-03-04 16:05:04.292 [DEBUG] [SystemMonitor] cpuUsage: 3.50877 cpuTemp: 57.3 memUsed(MB): 10294.3 / 15973.4 diskUsed(GB): 45.28 / 57.9994
2026-03-04 16:05:05.288 [DEBUG] [SystemMonitor] (sysinfo) totalBytes: 1.67493e+10 freeBytes: 5.95496e+09 memoryUsage(MB): 10294.3 / 15973.4
2026-03-04 16:05:05.292 [DEBUG] [SystemMonitor] cpuUsage: 3.5 cpuTemp: 57.3 memUsed(MB): 10294.3 / 15973.4 diskUsed(GB): 45.28 / 57.9994
2026-03-04 16:05:06.287 [DEBUG] [SystemMonitor] (sysinfo) totalBytes: 1.67493e+10 freeBytes: 5.95445e+09 memoryUsage(MB): 10294.8 / 15973.4
2026-03-04 16:05:06.292 [DEBUG] [SystemMonitor] cpuUsage: 2.77078 cpuTemp: 55.65 memUsed(MB): 10294.8 / 15973.4 diskUsed(GB): 45.28 / 57.9994
2026-03-04 16:05:07.287 [DEBUG] [SystemMonitor] (sysinfo) totalBytes: 1.67493e+10 freeBytes: 5.95393e+09 memoryUsage(MB): 10295.3 / 15973.4
2026-03-04 16:05:07.291 [DEBUG] [SystemMonitor] cpuUsage: 3.50877 cpuTemp: 56.75 memUsed(MB): 10295.3 / 15973.4 diskUsed(GB): 45.28 / 57.9994
2026-03-04 16:05:08.287 [DEBUG] [SystemMonitor] (sysinfo) totalBytes: 1.67493e+10 freeBytes: 5.95368e+09 memoryUsage(MB): 10295.5 / 15973.4
2026-03-04 16:05:08.292 [DEBUG] [SystemMonitor] cpuUsage: 2.77078 cpuTemp: 55.65 memUsed(MB): 10295.5 / 15973.4 diskUsed(GB): 45.28 / 57.9994
2026-03-04 16:05:09.287 [DEBUG] [SystemMonitor] (sysinfo) totalBytes: 1.67493e+10 freeBytes: 5.95342e+09 memoryUsage(MB): 10295.8 / 15973.4
2026-03-04 16:05:09.291 [DEBUG] [SystemMonitor] cpuUsage: 4.27136 cpuTemp: 56.2 memUsed(MB): 10295.8 / 15973.4 diskUsed(GB): 45.28 / 57.9994
2026-03-04 16:05:10.288 [DEBUG] [SystemMonitor] (sysinfo) totalBytes: 1.67493e+10 freeBytes: 5.95342e+09 memoryUsage(MB): 10295.8 / 15973.4
2026-03-04 16:05:10.292 [DEBUG] [SystemMonitor] cpuUsage: 4.31472 cpuTemp: 56.75 memUsed(MB): 10295.8 / 15973.4 diskUsed(GB): 45.28 / 57.9994
2026-03-04 16:05:11.287 [DEBUG] [SystemMonitor] (sysinfo) totalBytes: 1.67493e+10 freeBytes: 5.95342e+09 memoryUsage(MB): 10295.8 / 15973.4
2026-03-04 16:05:11.291 [DEBUG] [SystemMonitor] cpuUsage: 3.76884 cpuTemp: 56.75 memUsed(MB): 10295.8 / 15973.4 diskUsed(GB): 45.28 / 57.9994
2026-03-04 16:05:12.288 [DEBUG] [SystemMonitor] (sysinfo) totalBytes: 1.67493e+10 freeBytes: 5.95342e+09 memoryUsage(MB): 10295.8 / 15973.4
2026-03-04 16:05:12.292 [DEBUG] [SystemMonitor] cpuUsage: 2.76382 cpuTemp: 56.75 memUsed(MB): 10295.8 / 15973.4 diskUsed(GB): 45.28 / 57.9994
2026-03-04 16:05:13.287 [DEBUG] [SystemMonitor] (sysinfo) totalBytes: 1.67493e+10 freeBytes: 5.95316e+09 memoryUsage(MB): 10296 / 15973.4
2026-03-04 16:05:13.291 [DEBUG] [SystemMonitor] cpuUsage: 3.51759 cpuTemp: 55.65 memUsed(MB): 10296 / 15973.4 diskUsed(GB): 45.28 / 57.9994
2026-03-04 16:05:14.287 [DEBUG] [SystemMonitor] (sysinfo) totalBytes: 1.67493e+10 freeBytes: 5.95316e+09 memoryUsage(MB): 10296 / 15973.4
2026-03-04 16:05:14.292 [DEBUG] [SystemMonitor] cpuUsage: 3.25815 cpuTemp: 55.1 memUsed(MB): 10296 / 15973.4 diskUsed(GB): 45.28 / 57.9994
2026-03-04 16:05:15.287 [DEBUG] [SystemMonitor] (sysinfo) totalBytes: 1.67493e+10 freeBytes: 5.95316e+09 memoryUsage(MB): 10296 / 15973.4
2026-03-04 16:05:15.291 [DEBUG] [SystemMonitor] cpuUsage: 3.50877 cpuTemp: 56.2 memUsed(MB): 10296 / 15973.4 diskUsed(GB): 45.28 / 57.9994
2026-03-04 16:05:16.287 [DEBUG] [SystemMonitor] (sysinfo) totalBytes: 1.67493e+10 freeBytes: 5.95316e+09 memoryUsage(MB): 10296 / 15973.4
2026-03-04 16:05:16.292 [DEBUG] [SystemMonitor] cpuUsage: 2.77778 cpuTemp: 56.75 memUsed(MB): 10296 / 15973.4 diskUsed(GB): 45.28 / 57.9994
2026-03-04 16:05:17.287 [DEBUG] [SystemMonitor] (sysinfo) totalBytes: 1.67493e+10 freeBytes: 5.95293e+09 memoryUsage(MB): 10296.3 / 15973.4
2026-03-04 16:05:17.296 [DEBUG] [SystemMonitor] cpuUsage: 10.5263 cpuTemp: 56.75 memUsed(MB): 10296.3 / 15973.4 diskUsed(GB): 45.28 / 57.9994
2026-03-04 16:05:18.287 [DEBUG] [SystemMonitor] (sysinfo) totalBytes: 1.67493e+10 freeBytes: 5.96487e+09 memoryUsage(MB): 10284.9 / 15973.4
2026-03-04 16:05:18.291 [DEBUG] [SystemMonitor] cpuUsage: 21.7172 cpuTemp: 57.3 memUsed(MB): 10284.9 / 15973.4 diskUsed(GB): 45.28 / 57.9994
2026-03-04 16:05:19.287 [DEBUG] [SystemMonitor] (sysinfo) totalBytes: 1.67493e+10 freeBytes: 5.9641e+09 memoryUsage(MB): 10285.6 / 15973.4
2026-03-04 16:05:19.291 [DEBUG] [SystemMonitor] cpuUsage: 5.06329 cpuTemp: 57.3 memUsed(MB): 10285.6 / 15973.4 diskUsed(GB): 45.28 / 57.9994
2026-03-04 16:05:20.287 [DEBUG] [SystemMonitor] (sysinfo) totalBytes: 1.67493e+10 freeBytes: 5.9641e+09 memoryUsage(MB): 10285.6 / 15973.4
2026-03-04 16:05:20.292 [DEBUG] [SystemMonitor] cpuUsage: 3.26633 cpuTemp: 56.75 memUsed(MB): 10285.6 / 15973.4 diskUsed(GB): 45.28 / 57.9994
2026-03-04 16:05:21.287 [DEBUG] [SystemMonitor] (sysinfo) totalBytes: 1.67493e+10 freeBytes: 5.96359e+09 memoryUsage(MB): 10286.1 / 15973.4
2026-03-04 16:05:21.292 [DEBUG] [SystemMonitor] cpuUsage: 3.76884 cpuTemp: 56.2 memUsed(MB): 10286.1 / 15973.4 diskUsed(GB): 45.28 / 57.9994
2026-03-04 16:05:22.287 [DEBUG] [SystemMonitor] (sysinfo) totalBytes: 1.67493e+10 freeBytes: 5.96359e+09 memoryUsage(MB): 10286.1 / 15973.4
2026-03-04 16:05:22.292 [DEBUG] [SystemMonitor] cpuUsage: 3.25815 cpuTemp: 57.3 memUsed(MB): 10286.1 / 15973.4 diskUsed(GB): 45.28 / 57.9994
2026-03-04 16:05:23.287 [DEBUG] [SystemMonitor] (sysinfo) totalBytes: 1.67493e+10 freeBytes: 5.96256e+09 memoryUsage(MB): 10287.1 / 15973.4
2026-03-04 16:05:23.292 [DEBUG] [SystemMonitor] cpuUsage: 3.52645 cpuTemp: 56.75 memUsed(MB): 10287.1 / 15973.4 diskUsed(GB): 45.28 / 57.9994
2026-03-04 16:05:24.287 [DEBUG] [SystemMonitor] (sysinfo) totalBytes: 1.67493e+10 freeBytes: 5.96207e+09 memoryUsage(MB): 10287.5 / 15973.4
2026-03-04 16:05:24.292 [DEBUG] [SystemMonitor] cpuUsage: 3.25815 cpuTemp: 56.2 memUsed(MB): 10287.5 / 15973.4 diskUsed(GB): 45.28 / 57.9994
2026-03-04 16:05:25.287 [DEBUG] [SystemMonitor] (sysinfo) totalBytes: 1.67493e+10 freeBytes: 5.96207e+09 memoryUsage(MB): 10287.5 / 15973.4
2026-03-04 16:05:25.292 [DEBUG] [SystemMonitor] cpuUsage: 3.51759 cpuTemp: 55.65 memUsed(MB): 10287.5 / 15973.4 diskUsed(GB): 45.28 / 57.9994
2026-03-04 16:05:26.287 [DEBUG] [SystemMonitor] (sysinfo) totalBytes: 1.67493e+10 freeBytes: 5.94349e+09 memoryUsage(MB): 10305.3 / 15973.4
2026-03-04 16:05:26.291 [DEBUG] [SystemMonitor] cpuUsage: 6.31313 cpuTemp: 56.2 memUsed(MB): 10305.3 / 15973.4 diskUsed(GB): 45.28 / 57.9994
2026-03-04 16:05:27.287 [DEBUG] [SystemMonitor] (sysinfo) totalBytes: 1.67493e+10 freeBytes: 5.94323e+09 memoryUsage(MB): 10305.5 / 15973.4
2026-03-04 16:05:27.293 [DEBUG] [SystemMonitor] cpuUsage: 4.3257 cpuTemp: 57.3 memUsed(MB): 10305.5 / 15973.4 diskUsed(GB): 45.28 / 57.9994
2026-03-04 16:05:28.287 [DEBUG] [SystemMonitor] (sysinfo) totalBytes: 1.67493e+10 freeBytes: 5.94472e+09 memoryUsage(MB): 10304.1 / 15973.4
2026-03-04 16:05:28.292 [DEBUG] [SystemMonitor] cpuUsage: 3.26633 cpuTemp: 57.3 memUsed(MB): 10304.1 / 15973.4 diskUsed(GB): 45.28 / 57.9994
2026-03-04 16:05:29.287 [DEBUG] [SystemMonitor] (sysinfo) totalBytes: 1.67493e+10 freeBytes: 5.94421e+09 memoryUsage(MB): 10304.6 / 15973.4
2026-03-04 16:05:29.292 [DEBUG] [SystemMonitor] cpuUsage: 3.99002 cpuTemp: 56.75 memUsed(MB): 10304.6 / 15973.4 diskUsed(GB): 45.28 / 57.9994
2026-03-04 16:05:30.287 [DEBUG] [SystemMonitor] (sysinfo) totalBytes: 1.67493e+10 freeBytes: 5.94395e+09 memoryUsage(MB): 10304.8 / 15973.4
2026-03-04 16:05:30.291 [DEBUG] [SystemMonitor] cpuUsage: 3.02267 cpuTemp: 57.3 memUsed(MB): 10304.8 / 15973.4 diskUsed(GB): 45.28 / 57.9994
2026-03-04 16:05:31.287 [DEBUG] [SystemMonitor] (sysinfo) totalBytes: 1.67493e+10 freeBytes: 5.96384e+09 memoryUsage(MB): 10285.8 / 15973.4
2026-03-04 16:05:31.291 [DEBUG] [SystemMonitor] cpuUsage: 3.76884 cpuTemp: 55.65 memUsed(MB): 10285.8 / 15973.4 diskUsed(GB): 45.28 / 57.9994
2026-03-04 16:05:32.287 [DEBUG] [SystemMonitor] (sysinfo) totalBytes: 1.67493e+10 freeBytes: 5.96384e+09 memoryUsage(MB): 10285.8 / 15973.4
2026-03-04 16:05:32.292 [DEBUG] [SystemMonitor] cpuUsage: 2.76382 cpuTemp: 57.85 memUsed(MB): 10285.8 / 15973.4 diskUsed(GB): 45.28 / 57.9994
2026-03-04 16:05:33.287 [DEBUG] [SystemMonitor] (sysinfo) totalBytes: 1.67493e+10 freeBytes: 5.96332e+09 memoryUsage(MB): 10286.3 / 15973.4
2026-03-04 16:05:33.291 [DEBUG] [SystemMonitor] cpuUsage: 3.7594 cpuTemp: 56.75 memUsed(MB): 10286.3 / 15973.4 diskUsed(GB): 45.28 / 57.9994
2026-03-04 16:05:34.287 [DEBUG] [SystemMonitor] (sysinfo) totalBytes: 1.67493e+10 freeBytes: 5.96281e+09 memoryUsage(MB): 10286.8 / 15973.4
2026-03-04 16:05:34.292 [DEBUG] [SystemMonitor] cpuUsage: 3.0303 cpuTemp: 56.75 memUsed(MB): 10286.8 / 15973.4 diskUsed(GB): 45.28 / 57.9994
2026-03-04 16:05:35.287 [DEBUG] [SystemMonitor] (sysinfo) totalBytes: 1.67493e+10 freeBytes: 5.96255e+09 memoryUsage(MB): 10287.1 / 15973.4
2026-03-04 16:05:35.291 [DEBUG] [SystemMonitor] cpuUsage: 4.3257 cpuTemp: 56.75 memUsed(MB): 10287.1 / 15973.4 diskUsed(GB): 45.28 / 57.9994
2026-03-04 16:05:36.288 [DEBUG] [SystemMonitor] (sysinfo) totalBytes: 1.67493e+10 freeBytes: 5.96229e+09 memoryUsage(MB): 10287.3 / 15973.4
2026-03-04 16:05:36.292 [DEBUG] [SystemMonitor] cpuUsage: 4.0201 cpuTemp: 56.75 memUsed(MB): 10287.3 / 15973.4 diskUsed(GB): 45.28 / 57.9994
2026-03-04 16:05:37.287 [DEBUG] [SystemMonitor] (sysinfo) totalBytes: 1.67493e+10 freeBytes: 5.96203e+09 memoryUsage(MB): 10287.6 / 15973.4
2026-03-04 16:05:37.291 [DEBUG] [SystemMonitor] cpuUsage: 3.25815 cpuTemp: 56.2 memUsed(MB): 10287.6 / 15973.4 diskUsed(GB): 45.28 / 57.9994
2026-03-04 16:05:38.287 [DEBUG] [SystemMonitor] (sysinfo) totalBytes: 1.67493e+10 freeBytes: 5.96126e+09 memoryUsage(MB): 10288.3 / 15973.4
2026-03-04 16:05:38.292 [DEBUG] [SystemMonitor] cpuUsage: 3.26633 cpuTemp: 56.2 memUsed(MB): 10288.3 / 15973.4 diskUsed(GB): 45.28 / 57.9994
2026-03-04 16:05:39.287 [DEBUG] [SystemMonitor] (sysinfo) totalBytes: 1.67493e+10 freeBytes: 5.95868e+09 memoryUsage(MB): 10290.8 / 15973.4
2026-03-04 16:05:39.291 [DEBUG] [SystemMonitor] cpuUsage: 14.3216 cpuTemp: 56.2 memUsed(MB): 10290.8 / 15973.4 diskUsed(GB): 45.28 / 57.9994
2026-03-04 16:05:40.287 [DEBUG] [SystemMonitor] (sysinfo) totalBytes: 1.67493e+10 freeBytes: 5.95868e+09 memoryUsage(MB): 10290.8 / 15973.4
2026-03-04 16:05:40.291 [DEBUG] [SystemMonitor] cpuUsage: 3.50877 cpuTemp: 55.65 memUsed(MB): 10290.8 / 15973.4 diskUsed(GB): 45.28 / 57.9994
2026-03-04 16:05:41.287 [DEBUG] [SystemMonitor] (sysinfo) totalBytes: 1.67493e+10 freeBytes: 5.95765e+09 memoryUsage(MB): 10291.7 / 15973.4
2026-03-04 16:05:41.291 [DEBUG] [SystemMonitor] cpuUsage: 3.52645 cpuTemp: 56.75 memUsed(MB): 10291.7 / 15973.4 diskUsed(GB): 45.28 / 57.9994
2026-03-04 16:05:42.287 [DEBUG] [SystemMonitor] (sysinfo) totalBytes: 1.67493e+10 freeBytes: 5.95765e+09 memoryUsage(MB): 10291.7 / 15973.4
2026-03-04 16:05:42.292 [DEBUG] [SystemMonitor] cpuUsage: 3.00752 cpuTemp: 56.75 memUsed(MB): 10291.7 / 15973.4 diskUsed(GB): 45.28 / 57.9994
2026-03-04 16:05:43.287 [DEBUG] [SystemMonitor] (sysinfo) totalBytes: 1.67493e+10 freeBytes: 5.95714e+09 memoryUsage(MB): 10292.2 / 15973.4
2026-03-04 16:05:43.291 [DEBUG] [SystemMonitor] cpuUsage: 3.5533 cpuTemp: 56.75 memUsed(MB): 10292.2 / 15973.4 diskUsed(GB): 45.28 / 57.9994
2026-03-04 16:05:44.287 [DEBUG] [SystemMonitor] (sysinfo) totalBytes: 1.67493e+10 freeBytes: 5.95688e+09 memoryUsage(MB): 10292.5 / 15973.4
2026-03-04 16:05:44.292 [DEBUG] [SystemMonitor] cpuUsage: 3.5533 cpuTemp: 56.75 memUsed(MB): 10292.5 / 15973.4 diskUsed(GB): 45.28 / 57.9994
2026-03-04 16:05:45.287 [DEBUG] [SystemMonitor] (sysinfo) totalBytes: 1.67493e+10 freeBytes: 5.95688e+09 memoryUsage(MB): 10292.5 / 15973.4
2026-03-04 16:05:45.292 [DEBUG] [SystemMonitor] cpuUsage: 3.50877 cpuTemp: 57.85 memUsed(MB): 10292.5 / 15973.4 diskUsed(GB): 45.28 / 57.9994
2026-03-04 16:05:46.287 [DEBUG] [SystemMonitor] (sysinfo) totalBytes: 1.67493e+10 freeBytes: 5.95636e+09 memoryUsage(MB): 10293 / 15973.4
2026-03-04 16:05:46.292 [DEBUG] [SystemMonitor] cpuUsage: 2.77078 cpuTemp: 56.75 memUsed(MB): 10293 / 15973.4 diskUsed(GB): 45.28 / 57.9994
2026-03-04 16:05:47.287 [DEBUG] [SystemMonitor] (sysinfo) totalBytes: 1.67493e+10 freeBytes: 5.95507e+09 memoryUsage(MB): 10294.2 / 15973.4
2026-03-04 16:05:47.291 [DEBUG] [SystemMonitor] cpuUsage: 4.77387 cpuTemp: 56.75 memUsed(MB): 10294.2 / 15973.4 diskUsed(GB): 45.28 / 57.9994
2026-03-04 16:05:48.287 [DEBUG] [SystemMonitor] (sysinfo) totalBytes: 1.67493e+10 freeBytes: 5.95456e+09 memoryUsage(MB): 10294.7 / 15973.4
2026-03-04 16:05:48.292 [DEBUG] [SystemMonitor] cpuUsage: 4 cpuTemp: 56.75 memUsed(MB): 10294.7 / 15973.4 diskUsed(GB): 45.28 / 57.9994
2026-03-04 16:05:49.287 [DEBUG] [SystemMonitor] (sysinfo) totalBytes: 1.67493e+10 freeBytes: 5.95404e+09 memoryUsage(MB): 10295.2 / 15973.4
2026-03-04 16:05:49.292 [DEBUG] [SystemMonitor] cpuUsage: 3.27456 cpuTemp: 56.75 memUsed(MB): 10295.2 / 15973.4 diskUsed(GB): 45.28 / 57.9994
2026-03-04 16:05:50.287 [DEBUG] [SystemMonitor] (sysinfo) totalBytes: 1.67493e+10 freeBytes: 5.95404e+09 memoryUsage(MB): 10295.2 / 15973.4
2026-03-04 16:05:50.291 [DEBUG] [SystemMonitor] cpuUsage: 3.75 cpuTemp: 57.85 memUsed(MB): 10295.2 / 15973.4 diskUsed(GB): 45.28 / 57.9994
2026-03-04 16:05:51.287 [DEBUG] [SystemMonitor] (sysinfo) totalBytes: 1.67493e+10 freeBytes: 5.9568e+09 memoryUsage(MB): 10292.6 / 15973.4
2026-03-04 16:05:51.292 [DEBUG] [SystemMonitor] cpuUsage: 5.02513 cpuTemp: 56.75 memUsed(MB): 10292.6 / 15973.4 diskUsed(GB): 45.28 / 57.9994
2026-03-04 16:05:52.287 [DEBUG] [SystemMonitor] (sysinfo) totalBytes: 1.67493e+10 freeBytes: 5.95643e+09 memoryUsage(MB): 10292.9 / 15973.4
2026-03-04 16:05:52.291 [DEBUG] [SystemMonitor] cpuUsage: 4.83461 cpuTemp: 55.1 memUsed(MB): 10292.9 / 15973.4 diskUsed(GB): 45.28 / 57.9994
2026-03-04 16:05:53.287 [DEBUG] [SystemMonitor] (sysinfo) totalBytes: 1.67493e+10 freeBytes: 5.95813e+09 memoryUsage(MB): 10291.3 / 15973.4
2026-03-04 16:05:53.292 [DEBUG] [SystemMonitor] cpuUsage: 4 cpuTemp: 56.2 memUsed(MB): 10291.3 / 15973.4 diskUsed(GB): 45.28 / 57.9994
2026-03-04 16:05:54.287 [DEBUG] [SystemMonitor] (sysinfo) totalBytes: 1.67493e+10 freeBytes: 5.95813e+09 memoryUsage(MB): 10291.3 / 15973.4
2026-03-04 16:05:54.292 [DEBUG] [SystemMonitor] cpuUsage: 3.50877 cpuTemp: 57.85 memUsed(MB): 10291.3 / 15973.4 diskUsed(GB): 45.28 / 57.9994
2026-03-04 16:05:55.287 [DEBUG] [SystemMonitor] (sysinfo) totalBytes: 1.67493e+10 freeBytes: 5.95813e+09 memoryUsage(MB): 10291.3 / 15973.4
2026-03-04 16:05:55.292 [DEBUG] [SystemMonitor] cpuUsage: 3.02267 cpuTemp: 56.75 memUsed(MB): 10291.3 / 15973.4 diskUsed(GB): 45.28 / 57.9994
2026-03-04 16:05:56.287 [DEBUG] [SystemMonitor] (sysinfo) totalBytes: 1.67493e+10 freeBytes: 5.95761e+09 memoryUsage(MB): 10291.8 / 15973.4
2026-03-04 16:05:56.292 [DEBUG] [SystemMonitor] cpuUsage: 3.5 cpuTemp: 55.65 memUsed(MB): 10291.8 / 15973.4 diskUsed(GB): 45.28 / 57.9994
2026-03-04 16:05:57.287 [DEBUG] [SystemMonitor] (sysinfo) totalBytes: 1.67493e+10 freeBytes: 5.9571e+09 memoryUsage(MB): 10292.3 / 15973.4
2026-03-04 16:05:57.292 [DEBUG] [SystemMonitor] cpuUsage: 3.02267 cpuTemp: 56.2 memUsed(MB): 10292.3 / 15973.4 diskUsed(GB): 45.28 / 57.9994
2026-03-04 16:05:58.287 [DEBUG] [SystemMonitor] (sysinfo) totalBytes: 1.67493e+10 freeBytes: 5.9571e+09 memoryUsage(MB): 10292.3 / 15973.4
2026-03-04 16:05:58.291 [DEBUG] [SystemMonitor] cpuUsage: 3.50877 cpuTemp: 55.65 memUsed(MB): 10292.3 / 15973.4 diskUsed(GB): 45.28 / 57.9994
2026-03-04 16:05:59.287 [DEBUG] [SystemMonitor] (sysinfo) totalBytes: 1.67493e+10 freeBytes: 5.95633e+09 memoryUsage(MB): 10293 / 15973.4
2026-03-04 16:05:59.291 [DEBUG] [SystemMonitor] cpuUsage: 22.6131 cpuTemp: 58.95 memUsed(MB): 10293 / 15973.4 diskUsed(GB): 45.28 / 57.9994
2026-03-04 16:06:00.287 [DEBUG] [SystemMonitor] (sysinfo) totalBytes: 1.67493e+10 freeBytes: 5.96842e+09 memoryUsage(MB): 10281.5 / 15973.4
2026-03-04 16:06:00.292 [DEBUG] [SystemMonitor] cpuUsage: 8.88325 cpuTemp: 57.85 memUsed(MB): 10281.5 / 15973.4 diskUsed(GB): 45.28 / 57.9994
2026-03-04 16:06:01.288 [DEBUG] [SystemMonitor] (sysinfo) totalBytes: 1.67493e+10 freeBytes: 5.96688e+09 memoryUsage(MB): 10282.9 / 15973.4
2026-03-04 16:06:01.292 [DEBUG] [SystemMonitor] cpuUsage: 3.53535 cpuTemp: 56.2 memUsed(MB): 10282.9 / 15973.4 diskUsed(GB): 45.28 / 57.9994
2026-03-04 16:06:02.287 [DEBUG] [SystemMonitor] (sysinfo) totalBytes: 1.67493e+10 freeBytes: 5.96688e+09 memoryUsage(MB): 10282.9 / 15973.4
2026-03-04 16:06:02.292 [DEBUG] [SystemMonitor] cpuUsage: 3.25815 cpuTemp: 55.65 memUsed(MB): 10282.9 / 15973.4 diskUsed(GB): 45.28 / 57.9994
2026-03-04 16:06:03.287 [DEBUG] [SystemMonitor] (sysinfo) totalBytes: 1.67493e+10 freeBytes: 5.96688e+09 memoryUsage(MB): 10282.9 / 15973.4
2026-03-04 16:06:03.291 [DEBUG] [SystemMonitor] cpuUsage: 3.26633 cpuTemp: 57.3 memUsed(MB): 10282.9 / 15973.4 diskUsed(GB): 45.28 / 57.9994
2026-03-04 16:06:04.287 [DEBUG] [SystemMonitor] (sysinfo) totalBytes: 1.67493e+10 freeBytes: 5.96636e+09 memoryUsage(MB): 10283.4 / 15973.4
2026-03-04 16:06:04.292 [DEBUG] [SystemMonitor] cpuUsage: 3.26633 cpuTemp: 55.65 memUsed(MB): 10283.4 / 15973.4 diskUsed(GB): 45.28 / 57.9994
2026-03-04 16:06:05.287 [DEBUG] [SystemMonitor] (sysinfo) totalBytes: 1.67493e+10 freeBytes: 5.96585e+09 memoryUsage(MB): 10283.9 / 15973.4
2026-03-04 16:06:05.291 [DEBUG] [SystemMonitor] cpuUsage: 3.26633 cpuTemp: 56.2 memUsed(MB): 10283.9 / 15973.4 diskUsed(GB): 45.28 / 57.9994
2026-03-04 16:06:06.288 [DEBUG] [SystemMonitor] (sysinfo) totalBytes: 1.67493e+10 freeBytes: 5.96585e+09 memoryUsage(MB): 10283.9 / 15973.4
2026-03-04 16:06:06.294 [DEBUG] [SystemMonitor] cpuUsage: 3.25815 cpuTemp: 56.2 memUsed(MB): 10283.9 / 15973.4 diskUsed(GB): 45.28 / 57.9994
2026-03-04 16:06:07.288 [DEBUG] [SystemMonitor] (sysinfo) totalBytes: 1.67493e+10 freeBytes: 5.96533e+09 memoryUsage(MB): 10284.4 / 15973.4
2026-03-04 16:06:07.292 [DEBUG] [SystemMonitor] cpuUsage: 3.0303 cpuTemp: 56.75 memUsed(MB): 10284.4 / 15973.4 diskUsed(GB): 45.28 / 57.9994
2026-03-04 16:06:08.287 [DEBUG] [SystemMonitor] (sysinfo) totalBytes: 1.67493e+10 freeBytes: 5.96772e+09 memoryUsage(MB): 10282.1 / 15973.4
2026-03-04 16:06:08.292 [DEBUG] [SystemMonitor] cpuUsage: 4.29293 cpuTemp: 57.3 memUsed(MB): 10282.1 / 15973.4 diskUsed(GB): 45.28 / 57.9994
2026-03-04 16:06:09.287 [DEBUG] [SystemMonitor] (sysinfo) totalBytes: 1.67493e+10 freeBytes: 5.96688e+09 memoryUsage(MB): 10282.9 / 15973.4
2026-03-04 16:06:09.291 [DEBUG] [SystemMonitor] cpuUsage: 5.05051 cpuTemp: 56.75 memUsed(MB): 10282.9 / 15973.4 diskUsed(GB): 45.28 / 57.9994
2026-03-04 16:06:10.287 [DEBUG] [SystemMonitor] (sysinfo) totalBytes: 1.67493e+10 freeBytes: 5.96662e+09 memoryUsage(MB): 10283.2 / 15973.4
2026-03-04 16:06:10.292 [DEBUG] [SystemMonitor] cpuUsage: 2.77778 cpuTemp: 56.2 memUsed(MB): 10283.2 / 15973.4 diskUsed(GB): 45.28 / 57.9994
2026-03-04 16:06:11.288 [DEBUG] [SystemMonitor] (sysinfo) totalBytes: 1.67493e+10 freeBytes: 5.96636e+09 memoryUsage(MB): 10283.4 / 15973.4
2026-03-04 16:06:11.292 [DEBUG] [SystemMonitor] cpuUsage: 3.76884 cpuTemp: 57.3 memUsed(MB): 10283.4 / 15973.4 diskUsed(GB): 45.28 / 57.9994
2026-03-04 16:06:12.287 [DEBUG] [SystemMonitor] (sysinfo) totalBytes: 1.67493e+10 freeBytes: 5.96611e+09 memoryUsage(MB): 10283.7 / 15973.4
2026-03-04 16:06:12.292 [DEBUG] [SystemMonitor] cpuUsage: 2.76382 cpuTemp: 57.85 memUsed(MB): 10283.7 / 15973.4 diskUsed(GB): 45.28 / 57.9994
2026-03-04 16:06:13.287 [DEBUG] [SystemMonitor] (sysinfo) totalBytes: 1.67493e+10 freeBytes: 5.96559e+09 memoryUsage(MB): 10284.2 / 15973.4
2026-03-04 16:06:13.291 [DEBUG] [SystemMonitor] cpuUsage: 3.26633 cpuTemp: 55.65 memUsed(MB): 10284.2 / 15973.4 diskUsed(GB): 45.28 / 57.9994
2026-03-04 16:06:14.287 [DEBUG] [SystemMonitor] (sysinfo) totalBytes: 1.67493e+10 freeBytes: 5.96559e+09 memoryUsage(MB): 10284.2 / 15973.4
2026-03-04 16:06:14.292 [DEBUG] [SystemMonitor] cpuUsage: 3.02267 cpuTemp: 56.2 memUsed(MB): 10284.2 / 15973.4 diskUsed(GB): 45.28 / 57.9994
2026-03-04 16:06:15.287 [DEBUG] [SystemMonitor] (sysinfo) totalBytes: 1.67493e+10 freeBytes: 5.96533e+09 memoryUsage(MB): 10284.4 / 15973.4
2026-03-04 16:06:15.292 [DEBUG] [SystemMonitor] cpuUsage: 3.27456 cpuTemp: 55.65 memUsed(MB): 10284.4 / 15973.4 diskUsed(GB): 45.28 / 57.9994
2026-03-04 16:06:16.288 [DEBUG] [SystemMonitor] (sysinfo) totalBytes: 1.67493e+10 freeBytes: 5.9643e+09 memoryUsage(MB): 10285.4 / 15973.4
2026-03-04 16:06:16.292 [DEBUG] [SystemMonitor] cpuUsage: 3.7594 cpuTemp: 56.75 memUsed(MB): 10285.4 / 15973.4 diskUsed(GB): 45.28 / 57.9994
2026-03-04 16:06:17.287 [DEBUG] [SystemMonitor] (sysinfo) totalBytes: 1.67493e+10 freeBytes: 5.96353e+09 memoryUsage(MB): 10286.1 / 15973.4
2026-03-04 16:06:17.291 [DEBUG] [SystemMonitor] cpuUsage: 4.33673 cpuTemp: 57.3 memUsed(MB): 10286.1 / 15973.4 diskUsed(GB): 45.28 / 57.9994
2026-03-04 16:06:18.287 [DEBUG] [SystemMonitor] (sysinfo) totalBytes: 1.67493e+10 freeBytes: 5.96276e+09 memoryUsage(MB): 10286.9 / 15973.4
2026-03-04 16:06:18.292 [DEBUG] [SystemMonitor] cpuUsage: 3.25815 cpuTemp: 57.3 memUsed(MB): 10286.9 / 15973.4 diskUsed(GB): 45.28 / 57.9994
2026-03-04 16:06:19.287 [DEBUG] [SystemMonitor] (sysinfo) totalBytes: 1.67493e+10 freeBytes: 5.9625e+09 memoryUsage(MB): 10287.1 / 15973.4
2026-03-04 16:06:19.291 [DEBUG] [SystemMonitor] cpuUsage: 3.51759 cpuTemp: 55.65 memUsed(MB): 10287.1 / 15973.4 diskUsed(GB): 45.28 / 57.9994
2026-03-04 16:06:20.287 [DEBUG] [SystemMonitor] (sysinfo) totalBytes: 1.67493e+10 freeBytes: 5.96147e+09 memoryUsage(MB): 10288.1 / 15973.4
2026-03-04 16:06:20.292 [DEBUG] [SystemMonitor] cpuUsage: 4.01003 cpuTemp: 57.3 memUsed(MB): 10288.1 / 15973.4 diskUsed(GB): 45.28 / 57.9994
2026-03-04 16:06:21.287 [DEBUG] [SystemMonitor] (sysinfo) totalBytes: 1.67493e+10 freeBytes: 5.95992e+09 memoryUsage(MB): 10289.6 / 15973.4
2026-03-04 16:06:21.292 [DEBUG] [SystemMonitor] cpuUsage: 4.0201 cpuTemp: 57.3 memUsed(MB): 10289.6 / 15973.4 diskUsed(GB): 45.28 / 57.9994
2026-03-04 16:06:22.287 [DEBUG] [SystemMonitor] (sysinfo) totalBytes: 1.67493e+10 freeBytes: 5.96167e+09 memoryUsage(MB): 10287.9 / 15973.4
2026-03-04 16:06:22.292 [DEBUG] [SystemMonitor] cpuUsage: 3.02267 cpuTemp: 56.75 memUsed(MB): 10287.9 / 15973.4 diskUsed(GB): 45.28 / 57.9994
2026-03-04 16:06:23.287 [DEBUG] [SystemMonitor] (sysinfo) totalBytes: 1.67493e+10 freeBytes: 5.96116e+09 memoryUsage(MB): 10288.4 / 15973.4
2026-03-04 16:06:23.292 [DEBUG] [SystemMonitor] cpuUsage: 3.75 cpuTemp: 56.75 memUsed(MB): 10288.4 / 15973.4 diskUsed(GB): 45.28 / 57.9994
2026-03-04 16:06:24.287 [DEBUG] [SystemMonitor] (sysinfo) totalBytes: 1.67493e+10 freeBytes: 5.96138e+09 memoryUsage(MB): 10288.2 / 15973.4
2026-03-04 16:06:24.292 [DEBUG] [SystemMonitor] cpuUsage: 3.51759 cpuTemp: 55.65 memUsed(MB): 10288.2 / 15973.4 diskUsed(GB): 45.28 / 57.9994
2026-03-04 16:06:25.287 [DEBUG] [SystemMonitor] (sysinfo) totalBytes: 1.67493e+10 freeBytes: 5.96003e+09 memoryUsage(MB): 10289.5 / 15973.4
2026-03-04 16:06:25.291 [DEBUG] [SystemMonitor] cpuUsage: 3.81679 cpuTemp: 55.65 memUsed(MB): 10289.5 / 15973.4 diskUsed(GB): 45.28 / 57.9994
2026-03-04 16:06:26.287 [DEBUG] [SystemMonitor] (sysinfo) totalBytes: 1.67493e+10 freeBytes: 5.93729e+09 memoryUsage(MB): 10311.2 / 15973.4
2026-03-04 16:06:26.292 [DEBUG] [SystemMonitor] cpuUsage: 7.03518 cpuTemp: 56.2 memUsed(MB): 10311.2 / 15973.4 diskUsed(GB): 45.28 / 57.9994
2026-03-04 16:06:27.287 [DEBUG] [SystemMonitor] (sysinfo) totalBytes: 1.67493e+10 freeBytes: 5.94187e+09 memoryUsage(MB): 10306.8 / 15973.4
2026-03-04 16:06:27.292 [DEBUG] [SystemMonitor] cpuUsage: 3.26633 cpuTemp: 56.2 memUsed(MB): 10306.8 / 15973.4 diskUsed(GB): 45.28 / 57.9994
2026-03-04 16:06:28.287 [DEBUG] [SystemMonitor] (sysinfo) totalBytes: 1.67493e+10 freeBytes: 5.94187e+09 memoryUsage(MB): 10306.8 / 15973.4
2026-03-04 16:06:28.292 [DEBUG] [SystemMonitor] cpuUsage: 3.25 cpuTemp: 57.3 memUsed(MB): 10306.8 / 15973.4 diskUsed(GB): 45.28 / 57.9994
2026-03-04 16:06:29.287 [DEBUG] [SystemMonitor] (sysinfo) totalBytes: 1.67493e+10 freeBytes: 5.94187e+09 memoryUsage(MB): 10306.8 / 15973.4
2026-03-04 16:06:29.291 [DEBUG] [SystemMonitor] cpuUsage: 3.7594 cpuTemp: 57.3 memUsed(MB): 10306.8 / 15973.4 diskUsed(GB): 45.28 / 57.9994
2026-03-04 16:06:30.287 [DEBUG] [SystemMonitor] (sysinfo) totalBytes: 1.67493e+10 freeBytes: 5.9411e+09 memoryUsage(MB): 10307.5 / 15973.4
2026-03-04 16:06:30.292 [DEBUG] [SystemMonitor] cpuUsage: 3.25815 cpuTemp: 57.3 memUsed(MB): 10307.5 / 15973.4 diskUsed(GB): 45.28 / 57.9994
2026-03-04 16:06:31.287 [DEBUG] [SystemMonitor] (sysinfo) totalBytes: 1.67493e+10 freeBytes: 5.95888e+09 memoryUsage(MB): 10290.6 / 15973.4
2026-03-04 16:06:31.291 [DEBUG] [SystemMonitor] cpuUsage: 4.5 cpuTemp: 56.2 memUsed(MB): 10290.6 / 15973.4 diskUsed(GB): 45.28 / 57.9994
2026-03-04 16:06:32.287 [DEBUG] [SystemMonitor] (sysinfo) totalBytes: 1.67493e+10 freeBytes: 5.95837e+09 memoryUsage(MB): 10291.1 / 15973.4
2026-03-04 16:06:32.291 [DEBUG] [SystemMonitor] cpuUsage: 3.02267 cpuTemp: 57.85 memUsed(MB): 10291.1 / 15973.4 diskUsed(GB): 45.28 / 57.9994
2026-03-04 16:06:33.287 [DEBUG] [SystemMonitor] (sysinfo) totalBytes: 1.67493e+10 freeBytes: 5.96017e+09 memoryUsage(MB): 10289.3 / 15973.4
2026-03-04 16:06:33.291 [DEBUG] [SystemMonitor] cpuUsage: 3.78788 cpuTemp: 55.65 memUsed(MB): 10289.3 / 15973.4 diskUsed(GB): 45.28 / 57.9994
2026-03-04 16:06:34.287 [DEBUG] [SystemMonitor] (sysinfo) totalBytes: 1.67493e+10 freeBytes: 5.95966e+09 memoryUsage(MB): 10289.8 / 15973.4
2026-03-04 16:06:34.292 [DEBUG] [SystemMonitor] cpuUsage: 3.5533 cpuTemp: 57.3 memUsed(MB): 10289.8 / 15973.4 diskUsed(GB): 45.28 / 57.9994
2026-03-04 16:06:35.287 [DEBUG] [SystemMonitor] (sysinfo) totalBytes: 1.67493e+10 freeBytes: 5.9594e+09 memoryUsage(MB): 10290.1 / 15973.4
2026-03-04 16:06:35.291 [DEBUG] [SystemMonitor] cpuUsage: 3.7594 cpuTemp: 56.2 memUsed(MB): 10290.1 / 15973.4 diskUsed(GB): 45.28 / 57.9994
2026-03-04 16:06:36.287 [DEBUG] [SystemMonitor] (sysinfo) totalBytes: 1.67493e+10 freeBytes: 5.95914e+09 memoryUsage(MB): 10290.3 / 15973.4
2026-03-04 16:06:36.291 [DEBUG] [SystemMonitor] cpuUsage: 3.26633 cpuTemp: 56.2 memUsed(MB): 10290.3 / 15973.4 diskUsed(GB): 45.28 / 57.9994
2026-03-04 16:06:37.287 [DEBUG] [SystemMonitor] (sysinfo) totalBytes: 1.67493e+10 freeBytes: 5.95914e+09 memoryUsage(MB): 10290.3 / 15973.4
2026-03-04 16:06:37.292 [DEBUG] [SystemMonitor] cpuUsage: 3.01508 cpuTemp: 56.2 memUsed(MB): 10290.3 / 15973.4 diskUsed(GB): 45.28 / 57.9994
2026-03-04 16:06:38.287 [DEBUG] [SystemMonitor] (sysinfo) totalBytes: 1.67493e+10 freeBytes: 5.95888e+09 memoryUsage(MB): 10290.6 / 15973.4
2026-03-04 16:06:38.291 [DEBUG] [SystemMonitor] cpuUsage: 3.26633 cpuTemp: 57.3 memUsed(MB): 10290.6 / 15973.4 diskUsed(GB): 45.28 / 57.9994
2026-03-04 16:06:39.287 [DEBUG] [SystemMonitor] (sysinfo) totalBytes: 1.67493e+10 freeBytes: 5.95888e+09 memoryUsage(MB): 10290.6 / 15973.4
2026-03-04 16:06:39.291 [DEBUG] [SystemMonitor] cpuUsage: 5.01253 cpuTemp: 56.2 memUsed(MB): 10290.6 / 15973.4 diskUsed(GB): 45.28 / 57.9994
2026-03-04 16:06:40.287 [DEBUG] [SystemMonitor] (sysinfo) totalBytes: 1.67493e+10 freeBytes: 5.95814e+09 memoryUsage(MB): 10291.3 / 15973.4
2026-03-04 16:06:40.291 [DEBUG] [SystemMonitor] cpuUsage: 3.52645 cpuTemp: 58.4 memUsed(MB): 10291.3 / 15973.4 diskUsed(GB): 45.28 / 57.9994
2026-03-04 16:06:41.287 [DEBUG] [SystemMonitor] (sysinfo) totalBytes: 1.67493e+10 freeBytes: 5.95633e+09 memoryUsage(MB): 10293 / 15973.4
2026-03-04 16:06:41.291 [DEBUG] [SystemMonitor] cpuUsage: 3.77834 cpuTemp: 56.2 memUsed(MB): 10293 / 15973.4 diskUsed(GB): 45.28 / 57.9994
2026-03-04 16:06:42.287 [DEBUG] [SystemMonitor] (sysinfo) totalBytes: 1.67493e+10 freeBytes: 5.95608e+09 memoryUsage(MB): 10293.3 / 15973.4
2026-03-04 16:06:42.293 [DEBUG] [SystemMonitor] cpuUsage: 3.56234 cpuTemp: 57.3 memUsed(MB): 10293.3 / 15973.4 diskUsed(GB): 45.28 / 57.9994
2026-03-04 16:06:43.287 [DEBUG] [SystemMonitor] (sysinfo) totalBytes: 1.67493e+10 freeBytes: 5.95582e+09 memoryUsage(MB): 10293.5 / 15973.4
2026-03-04 16:06:43.291 [DEBUG] [SystemMonitor] cpuUsage: 4.7619 cpuTemp: 56.75 memUsed(MB): 10293.5 / 15973.4 diskUsed(GB): 45.28 / 57.9994
2026-03-04 16:06:44.287 [DEBUG] [SystemMonitor] (sysinfo) totalBytes: 1.67493e+10 freeBytes: 5.95453e+09 memoryUsage(MB): 10294.7 / 15973.4
2026-03-04 16:06:44.292 [DEBUG] [SystemMonitor] cpuUsage: 26.6332 cpuTemp: 57.85 memUsed(MB): 10294.7 / 15973.4 diskUsed(GB): 45.28 / 57.9994
2026-03-04 16:06:45.287 [DEBUG] [SystemMonitor] (sysinfo) totalBytes: 1.67493e+10 freeBytes: 5.96231e+09 memoryUsage(MB): 10287.3 / 15973.4
2026-03-04 16:06:45.294 [DEBUG] [SystemMonitor] cpuUsage: 3.7594 cpuTemp: 57.3 memUsed(MB): 10287.3 / 15973.4 diskUsed(GB): 45.28 / 57.9994
2026-03-04 16:06:46.287 [DEBUG] [SystemMonitor] (sysinfo) totalBytes: 1.67493e+10 freeBytes: 5.96179e+09 memoryUsage(MB): 10287.8 / 15973.4
2026-03-04 16:06:46.292 [DEBUG] [SystemMonitor] cpuUsage: 3.51759 cpuTemp: 58.4 memUsed(MB): 10287.8 / 15973.4 diskUsed(GB): 45.28 / 57.9994
2026-03-04 16:06:47.287 [DEBUG] [SystemMonitor] (sysinfo) totalBytes: 1.67493e+10 freeBytes: 5.95921e+09 memoryUsage(MB): 10290.3 / 15973.4
2026-03-04 16:06:47.292 [DEBUG] [SystemMonitor] cpuUsage: 5.5 cpuTemp: 56.2 memUsed(MB): 10290.3 / 15973.4 diskUsed(GB): 45.28 / 57.9994
2026-03-04 16:06:48.287 [DEBUG] [SystemMonitor] (sysinfo) totalBytes: 1.67493e+10 freeBytes: 5.95921e+09 memoryUsage(MB): 10290.3 / 15973.4
2026-03-04 16:06:48.291 [DEBUG] [SystemMonitor] cpuUsage: 4.0201 cpuTemp: 56.2 memUsed(MB): 10290.3 / 15973.4 diskUsed(GB): 45.28 / 57.9994
2026-03-04 16:06:49.287 [DEBUG] [SystemMonitor] (sysinfo) totalBytes: 1.67493e+10 freeBytes: 5.95895e+09 memoryUsage(MB): 10290.5 / 15973.4
2026-03-04 16:06:49.291 [DEBUG] [SystemMonitor] cpuUsage: 4.01003 cpuTemp: 56.2 memUsed(MB): 10290.5 / 15973.4 diskUsed(GB): 45.28 / 57.9994
2026-03-04 16:06:50.287 [DEBUG] [SystemMonitor] (sysinfo) totalBytes: 1.67493e+10 freeBytes: 5.96098e+09 memoryUsage(MB): 10288.6 / 15973.4
2026-03-04 16:06:50.292 [DEBUG] [SystemMonitor] cpuUsage: 3.81679 cpuTemp: 57.3 memUsed(MB): 10288.6 / 15973.4 diskUsed(GB): 45.28 / 57.9994
2026-03-04 16:06:51.287 [DEBUG] [SystemMonitor] (sysinfo) totalBytes: 1.67493e+10 freeBytes: 5.95973e+09 memoryUsage(MB): 10289.8 / 15973.4
2026-03-04 16:06:51.291 [DEBUG] [SystemMonitor] cpuUsage: 4.0201 cpuTemp: 56.75 memUsed(MB): 10289.8 / 15973.4 diskUsed(GB): 45.28 / 57.9994
2026-03-04 16:06:52.287 [DEBUG] [SystemMonitor] (sysinfo) totalBytes: 1.67493e+10 freeBytes: 5.95973e+09 memoryUsage(MB): 10289.8 / 15973.4
2026-03-04 16:06:52.292 [DEBUG] [SystemMonitor] cpuUsage: 3.00752 cpuTemp: 55.65 memUsed(MB): 10289.8 / 15973.4 diskUsed(GB): 45.28 / 57.9994
2026-03-04 16:06:53.287 [DEBUG] [SystemMonitor] (sysinfo) totalBytes: 1.67493e+10 freeBytes: 5.95947e+09 memoryUsage(MB): 10290 / 15973.4
2026-03-04 16:06:53.291 [DEBUG] [SystemMonitor] cpuUsage: 3.51759 cpuTemp: 57.3 memUsed(MB): 10290 / 15973.4 diskUsed(GB): 45.28 / 57.9994
2026-03-04 16:06:54.287 [DEBUG] [SystemMonitor] (sysinfo) totalBytes: 1.67493e+10 freeBytes: 5.95947e+09 memoryUsage(MB): 10290 / 15973.4
2026-03-04 16:06:54.292 [DEBUG] [SystemMonitor] cpuUsage: 3.26633 cpuTemp: 56.2 memUsed(MB): 10290 / 15973.4 diskUsed(GB): 45.28 / 57.9994
2026-03-04 16:06:55.287 [DEBUG] [SystemMonitor] (sysinfo) totalBytes: 1.67493e+10 freeBytes: 5.95947e+09 memoryUsage(MB): 10290 / 15973.4
2026-03-04 16:06:55.292 [DEBUG] [SystemMonitor] cpuUsage: 3.50877 cpuTemp: 57.3 memUsed(MB): 10290 / 15973.4 diskUsed(GB): 45.28 / 57.9994
2026-03-04 16:06:56.287 [DEBUG] [SystemMonitor] (sysinfo) totalBytes: 1.67493e+10 freeBytes: 5.95947e+09 memoryUsage(MB): 10290 / 15973.4
2026-03-04 16:06:56.292 [DEBUG] [SystemMonitor] cpuUsage: 3.50877 cpuTemp: 57.85 memUsed(MB): 10290 / 15973.4 diskUsed(GB): 45.28 / 57.9994
2026-03-04 16:06:57.287 [DEBUG] [SystemMonitor] (sysinfo) totalBytes: 1.67493e+10 freeBytes: 5.95921e+09 memoryUsage(MB): 10290.3 / 15973.4
2026-03-04 16:06:57.291 [DEBUG] [SystemMonitor] cpuUsage: 3.51759 cpuTemp: 56.75 memUsed(MB): 10290.3 / 15973.4 diskUsed(GB): 45.28 / 57.9994
2026-03-04 16:06:58.287 [DEBUG] [SystemMonitor] (sysinfo) totalBytes: 1.67493e+10 freeBytes: 5.95792e+09 memoryUsage(MB): 10291.5 / 15973.4
2026-03-04 16:06:58.292 [DEBUG] [SystemMonitor] cpuUsage: 3.29114 cpuTemp: 55.1 memUsed(MB): 10291.5 / 15973.4 diskUsed(GB): 45.28 / 57.9994
2026-03-04 16:06:59.287 [DEBUG] [SystemMonitor] (sysinfo) totalBytes: 1.67493e+10 freeBytes: 5.95741e+09 memoryUsage(MB): 10292 / 15973.4
2026-03-04 16:06:59.291 [DEBUG] [SystemMonitor] cpuUsage: 5.05051 cpuTemp: 57.3 memUsed(MB): 10292 / 15973.4 diskUsed(GB): 45.28 / 57.9994
2026-03-04 16:07:00.287 [DEBUG] [SystemMonitor] (sysinfo) totalBytes: 1.67493e+10 freeBytes: 5.95741e+09 memoryUsage(MB): 10292 / 15973.4
2026-03-04 16:07:00.291 [DEBUG] [SystemMonitor] cpuUsage: 3.25815 cpuTemp: 56.75 memUsed(MB): 10292 / 15973.4 diskUsed(GB): 45.28 / 57.9994
2026-03-04 16:07:01.287 [DEBUG] [SystemMonitor] (sysinfo) totalBytes: 1.67493e+10 freeBytes: 5.95689e+09 memoryUsage(MB): 10292.5 / 15973.4
2026-03-04 16:07:01.292 [DEBUG] [SystemMonitor] cpuUsage: 3.53535 cpuTemp: 56.2 memUsed(MB): 10292.5 / 15973.4 diskUsed(GB): 45.28 / 57.9994
2026-03-04 16:07:02.287 [DEBUG] [SystemMonitor] (sysinfo) totalBytes: 1.67493e+10 freeBytes: 5.95586e+09 memoryUsage(MB): 10293.5 / 15973.4
2026-03-04 16:07:02.292 [DEBUG] [SystemMonitor] cpuUsage: 3.25815 cpuTemp: 57.3 memUsed(MB): 10293.5 / 15973.4 diskUsed(GB): 45.28 / 57.9994
2026-03-04 16:07:03.287 [DEBUG] [SystemMonitor] (sysinfo) totalBytes: 1.67493e+10 freeBytes: 5.96322e+09 memoryUsage(MB): 10286.4 / 15973.4
2026-03-04 16:07:03.291 [DEBUG] [SystemMonitor] cpuUsage: 3.51759 cpuTemp: 56.2 memUsed(MB): 10286.4 / 15973.4 diskUsed(GB): 45.28 / 57.9994
2026-03-04 16:07:04.287 [DEBUG] [SystemMonitor] (sysinfo) totalBytes: 1.67493e+10 freeBytes: 5.96296e+09 memoryUsage(MB): 10286.7 / 15973.4
2026-03-04 16:07:04.292 [DEBUG] [SystemMonitor] cpuUsage: 3.5 cpuTemp: 55.65 memUsed(MB): 10286.7 / 15973.4 diskUsed(GB): 45.28 / 57.9994
2026-03-04 16:07:05.287 [DEBUG] [SystemMonitor] (sysinfo) totalBytes: 1.67493e+10 freeBytes: 5.9627e+09 memoryUsage(MB): 10286.9 / 15973.4
2026-03-04 16:07:05.292 [DEBUG] [SystemMonitor] cpuUsage: 3.0303 cpuTemp: 56.75 memUsed(MB): 10286.9 / 15973.4 diskUsed(GB): 45.28 / 57.9994
2026-03-04 16:07:06.287 [DEBUG] [SystemMonitor] (sysinfo) totalBytes: 1.67493e+10 freeBytes: 5.96717e+09 memoryUsage(MB): 10282.7 / 15973.4
2026-03-04 16:07:06.291 [DEBUG] [SystemMonitor] cpuUsage: 3.51759 cpuTemp: 56.75 memUsed(MB): 10282.7 / 15973.4 diskUsed(GB): 45.28 / 57.9994
2026-03-04 16:07:07.287 [DEBUG] [SystemMonitor] (sysinfo) totalBytes: 1.67493e+10 freeBytes: 5.96615e+09 memoryUsage(MB): 10283.6 / 15973.4
2026-03-04 16:07:07.292 [DEBUG] [SystemMonitor] cpuUsage: 3.32481 cpuTemp: 57.85 memUsed(MB): 10283.6 / 15973.4 diskUsed(GB): 45.28 / 57.9994
2026-03-04 16:07:08.287 [DEBUG] [SystemMonitor] (sysinfo) totalBytes: 1.67493e+10 freeBytes: 5.96537e+09 memoryUsage(MB): 10284.4 / 15973.4
2026-03-04 16:07:08.292 [DEBUG] [SystemMonitor] cpuUsage: 3.01508 cpuTemp: 57.3 memUsed(MB): 10284.4 / 15973.4 diskUsed(GB): 45.28 / 57.9994
2026-03-04 16:07:09.287 [DEBUG] [SystemMonitor] (sysinfo) totalBytes: 1.67493e+10 freeBytes: 5.96512e+09 memoryUsage(MB): 10284.6 / 15973.4
2026-03-04 16:07:09.292 [DEBUG] [SystemMonitor] cpuUsage: 3.75 cpuTemp: 57.3 memUsed(MB): 10284.6 / 15973.4 diskUsed(GB): 45.28 / 57.9994
2026-03-04 16:07:10.288 [DEBUG] [SystemMonitor] (sysinfo) totalBytes: 1.67493e+10 freeBytes: 5.96486e+09 memoryUsage(MB): 10284.9 / 15973.4
2026-03-04 16:07:10.292 [DEBUG] [SystemMonitor] cpuUsage: 3.50877 cpuTemp: 56.2 memUsed(MB): 10284.9 / 15973.4 diskUsed(GB): 45.28 / 57.9994
2026-03-04 16:07:11.287 [DEBUG] [SystemMonitor] (sysinfo) totalBytes: 1.67493e+10 freeBytes: 5.96357e+09 memoryUsage(MB): 10286.1 / 15973.4
2026-03-04 16:07:11.292 [DEBUG] [SystemMonitor] cpuUsage: 3.52645 cpuTemp: 57.3 memUsed(MB): 10286.1 / 15973.4 diskUsed(GB): 45.28 / 57.9994
2026-03-04 16:07:12.287 [DEBUG] [SystemMonitor] (sysinfo) totalBytes: 1.67493e+10 freeBytes: 5.96357e+09 memoryUsage(MB): 10286.1 / 15973.4
2026-03-04 16:07:12.292 [DEBUG] [SystemMonitor] cpuUsage: 3.2419 cpuTemp: 56.2 memUsed(MB): 10286.1 / 15973.4 diskUsed(GB): 45.28 / 57.9994
2026-03-04 16:07:13.287 [DEBUG] [SystemMonitor] (sysinfo) totalBytes: 1.67493e+10 freeBytes: 5.96305e+09 memoryUsage(MB): 10286.6 / 15973.4
2026-03-04 16:07:13.290 [DEBUG] [SystemMonitor] cpuUsage: 3.52645 cpuTemp: 57.3 memUsed(MB): 10286.6 / 15973.4 diskUsed(GB): 45.28 / 57.9994
2026-03-04 16:07:14.287 [DEBUG] [SystemMonitor] (sysinfo) totalBytes: 1.67493e+10 freeBytes: 5.96228e+09 memoryUsage(MB): 10287.3 / 15973.4
2026-03-04 16:07:14.292 [DEBUG] [SystemMonitor] cpuUsage: 3.51759 cpuTemp: 55.65 memUsed(MB): 10287.3 / 15973.4 diskUsed(GB): 45.28 / 57.9994
2026-03-04 16:07:15.287 [DEBUG] [SystemMonitor] (sysinfo) totalBytes: 1.67493e+10 freeBytes: 5.96202e+09 memoryUsage(MB): 10287.6 / 15973.4
2026-03-04 16:07:15.290 [DEBUG] [SystemMonitor] cpuUsage: 4.58015 cpuTemp: 57.3 memUsed(MB): 10287.6 / 15973.4 diskUsed(GB): 45.28 / 57.9994
2026-03-04 16:07:16.287 [DEBUG] [SystemMonitor] (sysinfo) totalBytes: 1.67493e+10 freeBytes: 5.96124e+09 memoryUsage(MB): 10288.3 / 15973.4
2026-03-04 16:07:16.291 [DEBUG] [SystemMonitor] cpuUsage: 3.51759 cpuTemp: 56.75 memUsed(MB): 10288.3 / 15973.4 diskUsed(GB): 45.28 / 57.9994
2026-03-04 16:07:17.287 [DEBUG] [SystemMonitor] (sysinfo) totalBytes: 1.67493e+10 freeBytes: 5.96099e+09 memoryUsage(MB): 10288.6 / 15973.4
2026-03-04 16:07:17.291 [DEBUG] [SystemMonitor] cpuUsage: 4.0201 cpuTemp: 56.2 memUsed(MB): 10288.6 / 15973.4 diskUsed(GB): 45.28 / 57.9994
2026-03-04 16:07:18.287 [DEBUG] [SystemMonitor] (sysinfo) totalBytes: 1.67493e+10 freeBytes: 5.96047e+09 memoryUsage(MB): 10289.1 / 15973.4
2026-03-04 16:07:18.291 [DEBUG] [SystemMonitor] cpuUsage: 3.01508 cpuTemp: 55.65 memUsed(MB): 10289.1 / 15973.4 diskUsed(GB): 45.28 / 57.9994
2026-03-04 16:07:19.287 [DEBUG] [SystemMonitor] (sysinfo) totalBytes: 1.67493e+10 freeBytes: 5.95995e+09 memoryUsage(MB): 10289.6 / 15973.4
2026-03-04 16:07:19.292 [DEBUG] [SystemMonitor] cpuUsage: 4.51128 cpuTemp: 57.3 memUsed(MB): 10289.6 / 15973.4 diskUsed(GB): 45.28 / 57.9994
2026-03-04 16:07:20.287 [DEBUG] [SystemMonitor] (sysinfo) totalBytes: 1.67493e+10 freeBytes: 5.95712e+09 memoryUsage(MB): 10292.3 / 15973.4
2026-03-04 16:07:20.292 [DEBUG] [SystemMonitor] cpuUsage: 12.3737 cpuTemp: 58.4 memUsed(MB): 10292.3 / 15973.4 diskUsed(GB): 45.28 / 57.9994
2026-03-04 16:07:21.287 [DEBUG] [SystemMonitor] (sysinfo) totalBytes: 1.67493e+10 freeBytes: 5.95686e+09 memoryUsage(MB): 10292.5 / 15973.4
2026-03-04 16:07:21.292 [DEBUG] [SystemMonitor] cpuUsage: 4.03023 cpuTemp: 57.85 memUsed(MB): 10292.5 / 15973.4 diskUsed(GB): 45.28 / 57.9994
2026-03-04 16:07:22.287 [DEBUG] [SystemMonitor] (sysinfo) totalBytes: 1.67493e+10 freeBytes: 5.9566e+09 memoryUsage(MB): 10292.7 / 15973.4
2026-03-04 16:07:22.292 [DEBUG] [SystemMonitor] cpuUsage: 3.26633 cpuTemp: 57.3 memUsed(MB): 10292.7 / 15973.4 diskUsed(GB): 45.28 / 57.9994
2026-03-04 16:07:23.287 [DEBUG] [SystemMonitor] (sysinfo) totalBytes: 1.67493e+10 freeBytes: 5.95609e+09 memoryUsage(MB): 10293.2 / 15973.4
2026-03-04 16:07:23.290 [DEBUG] [SystemMonitor] cpuUsage: 4.03023 cpuTemp: 57.3 memUsed(MB): 10293.2 / 15973.4 diskUsed(GB): 45.28 / 57.9994
2026-03-04 16:07:24.287 [DEBUG] [SystemMonitor] (sysinfo) totalBytes: 1.67493e+10 freeBytes: 5.95434e+09 memoryUsage(MB): 10294.9 / 15973.4
2026-03-04 16:07:24.293 [DEBUG] [SystemMonitor] cpuUsage: 4.3257 cpuTemp: 56.75 memUsed(MB): 10294.9 / 15973.4 diskUsed(GB): 45.28 / 57.9994
2026-03-04 16:07:25.287 [DEBUG] [SystemMonitor] (sysinfo) totalBytes: 1.67493e+10 freeBytes: 5.95356e+09 memoryUsage(MB): 10295.6 / 15973.4
2026-03-04 16:07:25.292 [DEBUG] [SystemMonitor] cpuUsage: 3.78788 cpuTemp: 56.2 memUsed(MB): 10295.6 / 15973.4 diskUsed(GB): 45.28 / 57.9994
2026-03-04 16:07:26.287 [DEBUG] [SystemMonitor] (sysinfo) totalBytes: 1.67493e+10 freeBytes: 5.93216e+09 memoryUsage(MB): 10316.1 / 15973.4
2026-03-04 16:07:26.292 [DEBUG] [SystemMonitor] cpuUsage: 4.26065 cpuTemp: 57.3 memUsed(MB): 10316.1 / 15973.4 diskUsed(GB): 45.28 / 57.9994
2026-03-04 16:07:27.287 [DEBUG] [SystemMonitor] (sysinfo) totalBytes: 1.67493e+10 freeBytes: 5.9319e+09 memoryUsage(MB): 10316.3 / 15973.4
2026-03-04 16:07:27.292 [DEBUG] [SystemMonitor] cpuUsage: 3.76884 cpuTemp: 57.3 memUsed(MB): 10316.3 / 15973.4 diskUsed(GB): 45.28 / 57.9994
2026-03-04 16:07:28.287 [DEBUG] [SystemMonitor] (sysinfo) totalBytes: 1.67493e+10 freeBytes: 5.9319e+09 memoryUsage(MB): 10316.3 / 15973.4
2026-03-04 16:07:28.291 [DEBUG] [SystemMonitor] cpuUsage: 3.25815 cpuTemp: 56.2 memUsed(MB): 10316.3 / 15973.4 diskUsed(GB): 45.28 / 57.9994
2026-03-04 16:07:29.287 [DEBUG] [SystemMonitor] (sysinfo) totalBytes: 1.67493e+10 freeBytes: 5.9319e+09 memoryUsage(MB): 10316.3 / 15973.4
2026-03-04 16:07:29.292 [DEBUG] [SystemMonitor] cpuUsage: 6.58228 cpuTemp: 57.85 memUsed(MB): 10316.3 / 15973.4 diskUsed(GB): 45.28 / 57.9994
2026-03-04 16:07:30.287 [DEBUG] [SystemMonitor] (sysinfo) totalBytes: 1.67493e+10 freeBytes: 5.94916e+09 memoryUsage(MB): 10299.8 / 15973.4
2026-03-04 16:07:30.291 [DEBUG] [SystemMonitor] cpuUsage: 39.1414 cpuTemp: 58.4 memUsed(MB): 10299.8 / 15973.4 diskUsed(GB): 45.28 / 57.9994
2026-03-04 16:07:31.287 [DEBUG] [SystemMonitor] (sysinfo) totalBytes: 1.67493e+10 freeBytes: 5.94056e+09 memoryUsage(MB): 10308.1 / 15973.4
2026-03-04 16:07:31.298 [DEBUG] [SystemMonitor] cpuUsage: 27.4112 cpuTemp: 59.5 memUsed(MB): 10308.1 / 15973.4 diskUsed(GB): 45.28 / 57.9994
2026-03-04 16:07:32.287 [DEBUG] [SystemMonitor] (sysinfo) totalBytes: 1.67493e+10 freeBytes: 5.93399e+09 memoryUsage(MB): 10314.3 / 15973.4
2026-03-04 16:07:32.291 [DEBUG] [SystemMonitor] cpuUsage: 16.4557 cpuTemp: 57.3 memUsed(MB): 10314.3 / 15973.4 diskUsed(GB): 45.28 / 57.9994
2026-03-04 16:07:33.287 [DEBUG] [SystemMonitor] (sysinfo) totalBytes: 1.67493e+10 freeBytes: 5.92976e+09 memoryUsage(MB): 10318.3 / 15973.4
2026-03-04 16:07:33.291 [DEBUG] [SystemMonitor] cpuUsage: 20.202 cpuTemp: 58.4 memUsed(MB): 10318.3 / 15973.4 diskUsed(GB): 45.28 / 57.9994
2026-03-04 16:07:34.288 [DEBUG] [SystemMonitor] (sysinfo) totalBytes: 1.67493e+10 freeBytes: 5.93665e+09 memoryUsage(MB): 10311.8 / 15973.4
2026-03-04 16:07:34.292 [DEBUG] [SystemMonitor] cpuUsage: 8.54271 cpuTemp: 57.3 memUsed(MB): 10311.8 / 15973.4 diskUsed(GB): 45.28 / 57.9994
2026-03-04 16:07:35.287 [DEBUG] [SystemMonitor] (sysinfo) totalBytes: 1.67493e+10 freeBytes: 5.94307e+09 memoryUsage(MB): 10305.6 / 15973.4
2026-03-04 16:07:35.292 [DEBUG] [SystemMonitor] cpuUsage: 5.79345 cpuTemp: 57.3 memUsed(MB): 10305.6 / 15973.4 diskUsed(GB): 45.28 / 57.9994
2026-03-04 16:07:36.287 [DEBUG] [SystemMonitor] (sysinfo) totalBytes: 1.67493e+10 freeBytes: 5.94018e+09 memoryUsage(MB): 10308.4 / 15973.4
2026-03-04 16:07:36.292 [DEBUG] [SystemMonitor] cpuUsage: 6.76692 cpuTemp: 56.75 memUsed(MB): 10308.4 / 15973.4 diskUsed(GB): 45.28 / 57.9994
2026-03-04 16:07:37.287 [DEBUG] [SystemMonitor] (sysinfo) totalBytes: 1.67493e+10 freeBytes: 5.93992e+09 memoryUsage(MB): 10308.7 / 15973.4
2026-03-04 16:07:37.292 [DEBUG] [SystemMonitor] cpuUsage: 4.0201 cpuTemp: 57.85 memUsed(MB): 10308.7 / 15973.4 diskUsed(GB): 45.28 / 57.9994
2026-03-04 16:07:38.287 [DEBUG] [SystemMonitor] (sysinfo) totalBytes: 1.67493e+10 freeBytes: 5.93557e+09 memoryUsage(MB): 10312.8 / 15973.4
2026-03-04 16:07:38.291 [DEBUG] [SystemMonitor] cpuUsage: 4.0201 cpuTemp: 57.85 memUsed(MB): 10312.8 / 15973.4 diskUsed(GB): 45.28 / 57.9994
2026-03-04 16:07:39.287 [DEBUG] [SystemMonitor] (sysinfo) totalBytes: 1.67493e+10 freeBytes: 5.93093e+09 memoryUsage(MB): 10317.2 / 15973.4
2026-03-04 16:07:39.292 [DEBUG] [SystemMonitor] cpuUsage: 5.77889 cpuTemp: 57.85 memUsed(MB): 10317.2 / 15973.4 diskUsed(GB): 45.28 / 57.9994
2026-03-04 16:07:40.287 [DEBUG] [SystemMonitor] (sysinfo) totalBytes: 1.67493e+10 freeBytes: 5.92835e+09 memoryUsage(MB): 10319.7 / 15973.4
2026-03-04 16:07:40.292 [DEBUG] [SystemMonitor] cpuUsage: 5.02513 cpuTemp: 57.3 memUsed(MB): 10319.7 / 15973.4 diskUsed(GB): 45.28 / 57.9994
2026-03-04 16:07:41.287 [DEBUG] [SystemMonitor] (sysinfo) totalBytes: 1.67493e+10 freeBytes: 5.92641e+09 memoryUsage(MB): 10321.5 / 15973.4
2026-03-04 16:07:41.292 [DEBUG] [SystemMonitor] cpuUsage: 6.03015 cpuTemp: 57.85 memUsed(MB): 10321.5 / 15973.4 diskUsed(GB): 45.28 / 57.9994
2026-03-04 16:07:42.287 [DEBUG] [SystemMonitor] (sysinfo) totalBytes: 1.67493e+10 freeBytes: 5.92641e+09 memoryUsage(MB): 10321.5 / 15973.4
2026-03-04 16:07:42.292 [DEBUG] [SystemMonitor] cpuUsage: 3.76884 cpuTemp: 56.2 memUsed(MB): 10321.5 / 15973.4 diskUsed(GB): 45.28 / 57.9994
2026-03-04 16:07:43.287 [DEBUG] [SystemMonitor] (sysinfo) totalBytes: 1.67493e+10 freeBytes: 5.9321e+09 memoryUsage(MB): 10316.1 / 15973.4
2026-03-04 16:07:43.291 [DEBUG] [SystemMonitor] cpuUsage: 4.52261 cpuTemp: 55.65 memUsed(MB): 10316.1 / 15973.4 diskUsed(GB): 45.28 / 57.9994
2026-03-04 16:07:44.287 [DEBUG] [SystemMonitor] (sysinfo) totalBytes: 1.67493e+10 freeBytes: 5.93263e+09 memoryUsage(MB): 10315.6 / 15973.4
2026-03-04 16:07:44.292 [DEBUG] [SystemMonitor] cpuUsage: 3.78788 cpuTemp: 56.75 memUsed(MB): 10315.6 / 15973.4 diskUsed(GB): 45.28 / 57.9994
2026-03-04 16:07:45.287 [DEBUG] [SystemMonitor] (sysinfo) totalBytes: 1.67493e+10 freeBytes: 5.93352e+09 memoryUsage(MB): 10314.8 / 15973.4
2026-03-04 16:07:45.292 [DEBUG] [SystemMonitor] cpuUsage: 4.75 cpuTemp: 57.3 memUsed(MB): 10314.8 / 15973.4 diskUsed(GB): 45.28 / 57.9994
2026-03-04 16:07:46.287 [DEBUG] [SystemMonitor] (sysinfo) totalBytes: 1.67493e+10 freeBytes: 5.93301e+09 memoryUsage(MB): 10315.3 / 15973.4
2026-03-04 16:07:46.292 [DEBUG] [SystemMonitor] cpuUsage: 4.52261 cpuTemp: 57.85 memUsed(MB): 10315.3 / 15973.4 diskUsed(GB): 45.28 / 57.9994
2026-03-04 16:07:47.287 [DEBUG] [SystemMonitor] (sysinfo) totalBytes: 1.67493e+10 freeBytes: 5.92658e+09 memoryUsage(MB): 10321.4 / 15973.4
2026-03-04 16:07:47.292 [DEBUG] [SystemMonitor] cpuUsage: 5.54156 cpuTemp: 56.75 memUsed(MB): 10321.4 / 15973.4 diskUsed(GB): 45.28 / 57.9994
2026-03-04 16:07:48.287 [DEBUG] [SystemMonitor] (sysinfo) totalBytes: 1.67493e+10 freeBytes: 5.92658e+09 memoryUsage(MB): 10321.4 / 15973.4
2026-03-04 16:07:48.291 [DEBUG] [SystemMonitor] cpuUsage: 5.27638 cpuTemp: 56.2 memUsed(MB): 10321.4 / 15973.4 diskUsed(GB): 45.28 / 57.9994
2026-03-04 16:07:49.287 [DEBUG] [SystemMonitor] (sysinfo) totalBytes: 1.67493e+10 freeBytes: 5.92633e+09 memoryUsage(MB): 10321.6 / 15973.4
2026-03-04 16:07:49.292 [DEBUG] [SystemMonitor] cpuUsage: 4.26065 cpuTemp: 57.85 memUsed(MB): 10321.6 / 15973.4 diskUsed(GB): 45.28 / 57.9994
2026-03-04 16:07:50.289 [DEBUG] [SystemMonitor] (sysinfo) totalBytes: 1.67493e+10 freeBytes: 5.92633e+09 memoryUsage(MB): 10321.6 / 15973.4
2026-03-04 16:07:50.298 [DEBUG] [SystemMonitor] cpuUsage: 9.27318 cpuTemp: 58.4 memUsed(MB): 10321.6 / 15973.4 diskUsed(GB): 45.28 / 57.9994
2026-03-04 16:07:51.287 [DEBUG] [SystemMonitor] (sysinfo) totalBytes: 1.67493e+10 freeBytes: 5.92934e+09 memoryUsage(MB): 10318.8 / 15973.4
2026-03-04 16:07:51.291 [DEBUG] [SystemMonitor] cpuUsage: 23.9295 cpuTemp: 57.85 memUsed(MB): 10318.8 / 15973.4 diskUsed(GB): 45.28 / 57.9994
2026-03-04 16:07:52.287 [DEBUG] [SystemMonitor] (sysinfo) totalBytes: 1.67493e+10 freeBytes: 5.93445e+09 memoryUsage(MB): 10313.9 / 15973.4
2026-03-04 16:07:52.291 [DEBUG] [SystemMonitor] cpuUsage: 4.0201 cpuTemp: 58.4 memUsed(MB): 10313.9 / 15973.4 diskUsed(GB): 45.28 / 57.9994
2026-03-04 16:07:53.287 [DEBUG] [SystemMonitor] (sysinfo) totalBytes: 1.67493e+10 freeBytes: 5.94583e+09 memoryUsage(MB): 10303 / 15973.4
2026-03-04 16:07:53.291 [DEBUG] [SystemMonitor] cpuUsage: 5.77889 cpuTemp: 57.3 memUsed(MB): 10303 / 15973.4 diskUsed(GB): 45.28 / 57.9994
2026-03-04 16:07:54.287 [DEBUG] [SystemMonitor] (sysinfo) totalBytes: 1.67493e+10 freeBytes: 5.93417e+09 memoryUsage(MB): 10314.1 / 15973.4
2026-03-04 16:07:54.292 [DEBUG] [SystemMonitor] cpuUsage: 7.5188 cpuTemp: 56.75 memUsed(MB): 10314.1 / 15973.4 diskUsed(GB): 45.28 / 57.9994
2026-03-04 16:07:55.287 [DEBUG] [SystemMonitor] (sysinfo) totalBytes: 1.67493e+10 freeBytes: 5.92898e+09 memoryUsage(MB): 10319.1 / 15973.4
2026-03-04 16:07:55.292 [DEBUG] [SystemMonitor] cpuUsage: 8.33333 cpuTemp: 57.3 memUsed(MB): 10319.1 / 15973.4 diskUsed(GB): 45.28 / 57.9994
2026-03-04 16:07:56.287 [DEBUG] [SystemMonitor] (sysinfo) totalBytes: 1.67493e+10 freeBytes: 5.93286e+09 memoryUsage(MB): 10315.4 / 15973.4
2026-03-04 16:07:56.292 [DEBUG] [SystemMonitor] cpuUsage: 3.76884 cpuTemp: 57.85 memUsed(MB): 10315.4 / 15973.4 diskUsed(GB): 45.28 / 57.9994
2026-03-04 16:07:57.287 [DEBUG] [SystemMonitor] (sysinfo) totalBytes: 1.67493e+10 freeBytes: 5.94801e+09 memoryUsage(MB): 10300.9 / 15973.4
2026-03-04 16:07:57.292 [DEBUG] [SystemMonitor] cpuUsage: 4.52261 cpuTemp: 56.75 memUsed(MB): 10300.9 / 15973.4 diskUsed(GB): 45.28 / 57.9994
2026-03-04 16:07:58.287 [DEBUG] [SystemMonitor] (sysinfo) totalBytes: 1.67493e+10 freeBytes: 5.95093e+09 memoryUsage(MB): 10298.2 / 15973.4
2026-03-04 16:07:58.292 [DEBUG] [SystemMonitor] cpuUsage: 4.51128 cpuTemp: 57.3 memUsed(MB): 10298.2 / 15973.4 diskUsed(GB): 45.28 / 57.9994
2026-03-04 16:07:59.287 [DEBUG] [SystemMonitor] (sysinfo) totalBytes: 1.67493e+10 freeBytes: 5.94683e+09 memoryUsage(MB): 10302.1 / 15973.4
2026-03-04 16:07:59.292 [DEBUG] [SystemMonitor] cpuUsage: 5.28967 cpuTemp: 57.85 memUsed(MB): 10302.1 / 15973.4 diskUsed(GB): 45.28 / 57.9994
2026-03-04 16:08:00.287 [DEBUG] [SystemMonitor] (sysinfo) totalBytes: 1.67493e+10 freeBytes: 5.9466e+09 memoryUsage(MB): 10302.3 / 15973.4
2026-03-04 16:08:00.292 [DEBUG] [SystemMonitor] cpuUsage: 5.54156 cpuTemp: 57.85 memUsed(MB): 10302.3 / 15973.4 diskUsed(GB): 45.28 / 57.9994
2026-03-04 16:08:01.287 [DEBUG] [SystemMonitor] (sysinfo) totalBytes: 1.67493e+10 freeBytes: 5.9466e+09 memoryUsage(MB): 10302.3 / 15973.4
2026-03-04 16:08:01.292 [DEBUG] [SystemMonitor] cpuUsage: 5.02513 cpuTemp: 57.85 memUsed(MB): 10302.3 / 15973.4 diskUsed(GB): 45.28 / 57.9994
2026-03-04 16:08:02.288 [DEBUG] [SystemMonitor] (sysinfo) totalBytes: 1.67493e+10 freeBytes: 5.94479e+09 memoryUsage(MB): 10304 / 15973.4
2026-03-04 16:08:02.292 [DEBUG] [SystemMonitor] cpuUsage: 4.7619 cpuTemp: 58.4 memUsed(MB): 10304 / 15973.4 diskUsed(GB): 45.28 / 57.9994
2026-03-04 16:08:03.287 [DEBUG] [SystemMonitor] (sysinfo) totalBytes: 1.67493e+10 freeBytes: 5.9386e+09 memoryUsage(MB): 10309.9 / 15973.4
2026-03-04 16:08:03.293 [DEBUG] [SystemMonitor] cpuUsage: 4.52261 cpuTemp: 57.85 memUsed(MB): 10309.9 / 15973.4 diskUsed(GB): 45.28 / 57.9994
2026-03-04 16:08:04.288 [DEBUG] [SystemMonitor] (sysinfo) totalBytes: 1.67493e+10 freeBytes: 5.94008e+09 memoryUsage(MB): 10308.5 / 15973.4
2026-03-04 16:08:04.292 [DEBUG] [SystemMonitor] cpuUsage: 4.0201 cpuTemp: 56.75 memUsed(MB): 10308.5 / 15973.4 diskUsed(GB): 45.28 / 57.9994
2026-03-04 16:08:05.287 [DEBUG] [SystemMonitor] (sysinfo) totalBytes: 1.67493e+10 freeBytes: 5.94124e+09 memoryUsage(MB): 10307.4 / 15973.4
2026-03-04 16:08:05.291 [DEBUG] [SystemMonitor] cpuUsage: 5.52764 cpuTemp: 57.85 memUsed(MB): 10307.4 / 15973.4 diskUsed(GB): 45.28 / 57.9994
2026-03-04 16:08:06.287 [DEBUG] [SystemMonitor] (sysinfo) totalBytes: 1.67493e+10 freeBytes: 5.93917e+09 memoryUsage(MB): 10309.4 / 15973.4
2026-03-04 16:08:06.291 [DEBUG] [SystemMonitor] cpuUsage: 3.76884 cpuTemp: 57.85 memUsed(MB): 10309.4 / 15973.4 diskUsed(GB): 45.28 / 57.9994
2026-03-04 16:08:07.288 [DEBUG] [SystemMonitor] (sysinfo) totalBytes: 1.67493e+10 freeBytes: 5.93532e+09 memoryUsage(MB): 10313 / 15973.4
2026-03-04 16:08:07.292 [DEBUG] [SystemMonitor] cpuUsage: 4.51128 cpuTemp: 57.85 memUsed(MB): 10313 / 15973.4 diskUsed(GB): 45.28 / 57.9994
2026-03-04 16:08:08.287 [DEBUG] [SystemMonitor] (sysinfo) totalBytes: 1.67493e+10 freeBytes: 5.92552e+09 memoryUsage(MB): 10322.4 / 15973.4
2026-03-04 16:08:08.291 [DEBUG] [SystemMonitor] cpuUsage: 5.06329 cpuTemp: 57.3 memUsed(MB): 10322.4 / 15973.4 diskUsed(GB): 45.28 / 57.9994
2026-03-04 16:08:09.287 [DEBUG] [SystemMonitor] (sysinfo) totalBytes: 1.67493e+10 freeBytes: 5.92526e+09 memoryUsage(MB): 10322.6 / 15973.4
2026-03-04 16:08:09.292 [DEBUG] [SystemMonitor] cpuUsage: 3.7594 cpuTemp: 57.85 memUsed(MB): 10322.6 / 15973.4 diskUsed(GB): 45.28 / 57.9994
2026-03-04 16:08:10.287 [DEBUG] [SystemMonitor] (sysinfo) totalBytes: 1.67493e+10 freeBytes: 5.92526e+09 memoryUsage(MB): 10322.6 / 15973.4
2026-03-04 16:08:10.292 [DEBUG] [SystemMonitor] cpuUsage: 4.03023 cpuTemp: 56.75 memUsed(MB): 10322.6 / 15973.4 diskUsed(GB): 45.28 / 57.9994
2026-03-04 16:08:11.287 [DEBUG] [SystemMonitor] (sysinfo) totalBytes: 1.67493e+10 freeBytes: 5.92423e+09 memoryUsage(MB): 10323.6 / 15973.4
2026-03-04 16:08:11.292 [DEBUG] [SystemMonitor] cpuUsage: 4.27136 cpuTemp: 57.85 memUsed(MB): 10323.6 / 15973.4 diskUsed(GB): 45.28 / 57.9994
2026-03-04 16:08:12.287 [DEBUG] [SystemMonitor] (sysinfo) totalBytes: 1.67493e+10 freeBytes: 5.93179e+09 memoryUsage(MB): 10316.4 / 15973.4
2026-03-04 16:08:12.292 [DEBUG] [SystemMonitor] cpuUsage: 4.0201 cpuTemp: 57.85 memUsed(MB): 10316.4 / 15973.4 diskUsed(GB): 45.28 / 57.9994
2026-03-04 16:08:13.287 [DEBUG] [SystemMonitor] (sysinfo) totalBytes: 1.67493e+10 freeBytes: 5.93198e+09 memoryUsage(MB): 10316.2 / 15973.4
2026-03-04 16:08:13.291 [DEBUG] [SystemMonitor] cpuUsage: 4.26065 cpuTemp: 57.85 memUsed(MB): 10316.2 / 15973.4 diskUsed(GB): 45.28 / 57.9994
2026-03-04 16:08:14.287 [DEBUG] [SystemMonitor] (sysinfo) totalBytes: 1.67493e+10 freeBytes: 5.93373e+09 memoryUsage(MB): 10314.6 / 15973.4
2026-03-04 16:08:14.292 [DEBUG] [SystemMonitor] cpuUsage: 3.53535 cpuTemp: 57.3 memUsed(MB): 10314.6 / 15973.4 diskUsed(GB): 45.28 / 57.9994
2026-03-04 16:08:15.287 [DEBUG] [SystemMonitor] (sysinfo) totalBytes: 1.67493e+10 freeBytes: 5.93373e+09 memoryUsage(MB): 10314.6 / 15973.4
2026-03-04 16:08:15.292 [DEBUG] [SystemMonitor] cpuUsage: 4.26065 cpuTemp: 57.85 memUsed(MB): 10314.6 / 15973.4 diskUsed(GB): 45.28 / 57.9994
2026-03-04 16:08:16.287 [DEBUG] [SystemMonitor] (sysinfo) totalBytes: 1.67493e+10 freeBytes: 5.93488e+09 memoryUsage(MB): 10313.5 / 15973.4
2026-03-04 16:08:16.292 [DEBUG] [SystemMonitor] cpuUsage: 4.0201 cpuTemp: 58.4 memUsed(MB): 10313.5 / 15973.4 diskUsed(GB): 45.28 / 57.9994
2026-03-04 16:08:17.287 [DEBUG] [SystemMonitor] (sysinfo) totalBytes: 1.67493e+10 freeBytes: 5.92311e+09 memoryUsage(MB): 10324.7 / 15973.4
2026-03-04 16:08:17.292 [DEBUG] [SystemMonitor] cpuUsage: 7.30479 cpuTemp: 57.3 memUsed(MB): 10324.7 / 15973.4 diskUsed(GB): 45.28 / 57.9994
2026-03-04 16:08:18.288 [DEBUG] [SystemMonitor] (sysinfo) totalBytes: 1.67493e+10 freeBytes: 5.92584e+09 memoryUsage(MB): 10322.1 / 15973.4
2026-03-04 16:08:18.292 [DEBUG] [SystemMonitor] cpuUsage: 14.9367 cpuTemp: 58.4 memUsed(MB): 10322.1 / 15973.4 diskUsed(GB): 45.28 / 57.9994
2026-03-04 16:08:19.287 [DEBUG] [SystemMonitor] (sysinfo) totalBytes: 1.67493e+10 freeBytes: 5.92758e+09 memoryUsage(MB): 10320.4 / 15973.4
2026-03-04 16:08:19.292 [DEBUG] [SystemMonitor] cpuUsage: 6.01504 cpuTemp: 58.4 memUsed(MB): 10320.4 / 15973.4 diskUsed(GB): 45.28 / 57.9994
2026-03-04 16:08:20.287 [DEBUG] [SystemMonitor] (sysinfo) totalBytes: 1.67493e+10 freeBytes: 5.92681e+09 memoryUsage(MB): 10321.2 / 15973.4
2026-03-04 16:08:20.291 [DEBUG] [SystemMonitor] cpuUsage: 6.29723 cpuTemp: 58.4 memUsed(MB): 10321.2 / 15973.4 diskUsed(GB): 45.28 / 57.9994
2026-03-04 16:08:21.287 [DEBUG] [SystemMonitor] (sysinfo) totalBytes: 1.67493e+10 freeBytes: 5.92647e+09 memoryUsage(MB): 10321.5 / 15973.4
2026-03-04 16:08:21.292 [DEBUG] [SystemMonitor] cpuUsage: 6.78392 cpuTemp: 58.4 memUsed(MB): 10321.5 / 15973.4 diskUsed(GB): 45.28 / 57.9994
2026-03-04 16:08:22.287 [DEBUG] [SystemMonitor] (sysinfo) totalBytes: 1.67493e+10 freeBytes: 5.92671e+09 memoryUsage(MB): 10321.3 / 15973.4
2026-03-04 16:08:22.292 [DEBUG] [SystemMonitor] cpuUsage: 4.7619 cpuTemp: 56.75 memUsed(MB): 10321.3 / 15973.4 diskUsed(GB): 45.28 / 57.9994
2026-03-04 16:08:23.287 [DEBUG] [SystemMonitor] (sysinfo) totalBytes: 1.67493e+10 freeBytes: 5.92803e+09 memoryUsage(MB): 10320 / 15973.4
2026-03-04 16:08:23.291 [DEBUG] [SystemMonitor] cpuUsage: 6.29723 cpuTemp: 57.85 memUsed(MB): 10320 / 15973.4 diskUsed(GB): 45.28 / 57.9994
2026-03-04 16:08:24.287 [DEBUG] [SystemMonitor] (sysinfo) totalBytes: 1.67493e+10 freeBytes: 5.92757e+09 memoryUsage(MB): 10320.4 / 15973.4
2026-03-04 16:08:24.291 [DEBUG] [SystemMonitor] cpuUsage: 6 cpuTemp: 58.4 memUsed(MB): 10320.4 / 15973.4 diskUsed(GB): 45.28 / 57.9994
2026-03-04 16:08:25.287 [DEBUG] [SystemMonitor] (sysinfo) totalBytes: 1.67493e+10 freeBytes: 5.9237e+09 memoryUsage(MB): 10324.1 / 15973.4
2026-03-04 16:08:25.291 [DEBUG] [SystemMonitor] cpuUsage: 5.55556 cpuTemp: 58.4 memUsed(MB): 10324.1 / 15973.4 diskUsed(GB): 45.28 / 57.9994
2026-03-04 16:08:26.287 [DEBUG] [SystemMonitor] (sysinfo) totalBytes: 1.67493e+10 freeBytes: 5.90674e+09 memoryUsage(MB): 10340.3 / 15973.4
2026-03-04 16:08:26.291 [DEBUG] [SystemMonitor] cpuUsage: 8.54271 cpuTemp: 58.4 memUsed(MB): 10340.3 / 15973.4 diskUsed(GB): 45.28 / 57.9994
2026-03-04 16:08:27.286 [DEBUG] [SystemMonitor] (sysinfo) totalBytes: 1.67493e+10 freeBytes: 5.90519e+09 memoryUsage(MB): 10341.8 / 15973.4
2026-03-04 16:08:27.294 [DEBUG] [SystemMonitor] cpuUsage: 11.6456 cpuTemp: 58.95 memUsed(MB): 10341.8 / 15973.4 diskUsed(GB): 45.28 / 57.9994
2026-03-04 16:08:28.287 [DEBUG] [SystemMonitor] (sysinfo) totalBytes: 1.67493e+10 freeBytes: 5.91115e+09 memoryUsage(MB): 10336.1 / 15973.4
2026-03-04 16:08:28.291 [DEBUG] [SystemMonitor] cpuUsage: 10.3535 cpuTemp: 58.4 memUsed(MB): 10336.1 / 15973.4 diskUsed(GB): 45.28 / 57.9994
2026-03-04 16:08:29.287 [DEBUG] [SystemMonitor] (sysinfo) totalBytes: 1.67493e+10 freeBytes: 5.91429e+09 memoryUsage(MB): 10333.1 / 15973.4
2026-03-04 16:08:29.291 [DEBUG] [SystemMonitor] cpuUsage: 5.51378 cpuTemp: 57.3 memUsed(MB): 10333.1 / 15973.4 diskUsed(GB): 45.28 / 57.9994
2026-03-04 16:08:30.286 [DEBUG] [SystemMonitor] (sysinfo) totalBytes: 1.67493e+10 freeBytes: 5.91651e+09 memoryUsage(MB): 10331 / 15973.4
2026-03-04 16:08:30.291 [DEBUG] [SystemMonitor] cpuUsage: 5.77889 cpuTemp: 57.85 memUsed(MB): 10331 / 15973.4 diskUsed(GB): 45.28 / 57.9994
2026-03-04 16:08:31.287 [DEBUG] [SystemMonitor] (sysinfo) totalBytes: 1.67493e+10 freeBytes: 5.93476e+09 memoryUsage(MB): 10313.6 / 15973.4
2026-03-04 16:08:31.292 [DEBUG] [SystemMonitor] cpuUsage: 6.78392 cpuTemp: 58.4 memUsed(MB): 10313.6 / 15973.4 diskUsed(GB): 45.28 / 57.9994
2026-03-04 16:08:32.287 [DEBUG] [SystemMonitor] (sysinfo) totalBytes: 1.67493e+10 freeBytes: 5.93424e+09 memoryUsage(MB): 10314.1 / 15973.4
2026-03-04 16:08:32.292 [DEBUG] [SystemMonitor] cpuUsage: 5.77889 cpuTemp: 58.4 memUsed(MB): 10314.1 / 15973.4 diskUsed(GB): 45.28 / 57.9994
2026-03-04 16:08:33.287 [DEBUG] [SystemMonitor] (sysinfo) totalBytes: 1.67493e+10 freeBytes: 5.93244e+09 memoryUsage(MB): 10315.8 / 15973.4
2026-03-04 16:08:33.293 [DEBUG] [SystemMonitor] cpuUsage: 4.77387 cpuTemp: 56.75 memUsed(MB): 10315.8 / 15973.4 diskUsed(GB): 45.28 / 57.9994
2026-03-04 16:08:34.288 [DEBUG] [SystemMonitor] (sysinfo) totalBytes: 1.67493e+10 freeBytes: 5.93063e+09 memoryUsage(MB): 10317.5 / 15973.4
2026-03-04 16:08:34.292 [DEBUG] [SystemMonitor] cpuUsage: 6.07595 cpuTemp: 57.3 memUsed(MB): 10317.5 / 15973.4 diskUsed(GB): 45.28 / 57.9994
2026-03-04 16:08:35.287 [DEBUG] [SystemMonitor] (sysinfo) totalBytes: 1.67493e+10 freeBytes: 5.92989e+09 memoryUsage(MB): 10318.2 / 15973.4
2026-03-04 16:08:35.293 [DEBUG] [SystemMonitor] cpuUsage: 18.593 cpuTemp: 60.05 memUsed(MB): 10318.2 / 15973.4 diskUsed(GB): 45.28 / 57.9994
2026-03-04 16:08:36.287 [DEBUG] [SystemMonitor] (sysinfo) totalBytes: 1.67493e+10 freeBytes: 5.94507e+09 memoryUsage(MB): 10303.8 / 15973.4
2026-03-04 16:08:36.292 [DEBUG] [SystemMonitor] cpuUsage: 16.6247 cpuTemp: 57.85 memUsed(MB): 10303.8 / 15973.4 diskUsed(GB): 45.28 / 57.9994
2026-03-04 16:08:37.287 [DEBUG] [SystemMonitor] (sysinfo) totalBytes: 1.67493e+10 freeBytes: 5.94326e+09 memoryUsage(MB): 10305.5 / 15973.4
2026-03-04 16:08:37.291 [DEBUG] [SystemMonitor] cpuUsage: 5.54156 cpuTemp: 57.85 memUsed(MB): 10305.5 / 15973.4 diskUsed(GB): 45.28 / 57.9994
2026-03-04 16:08:38.287 [DEBUG] [SystemMonitor] (sysinfo) totalBytes: 1.67493e+10 freeBytes: 5.95164e+09 memoryUsage(MB): 10297.5 / 15973.4
2026-03-04 16:08:38.291 [DEBUG] [SystemMonitor] cpuUsage: 6.76692 cpuTemp: 57.3 memUsed(MB): 10297.5 / 15973.4 diskUsed(GB): 45.28 / 57.9994
2026-03-04 16:08:39.287 [DEBUG] [SystemMonitor] (sysinfo) totalBytes: 1.67493e+10 freeBytes: 5.94754e+09 memoryUsage(MB): 10301.4 / 15973.4
2026-03-04 16:08:39.292 [DEBUG] [SystemMonitor] cpuUsage: 6.54912 cpuTemp: 58.4 memUsed(MB): 10301.4 / 15973.4 diskUsed(GB): 45.28 / 57.9994
2026-03-04 16:08:40.287 [DEBUG] [SystemMonitor] (sysinfo) totalBytes: 1.67493e+10 freeBytes: 5.94321e+09 memoryUsage(MB): 10305.5 / 15973.4
2026-03-04 16:08:40.292 [DEBUG] [SystemMonitor] cpuUsage: 18.0203 cpuTemp: 58.4 memUsed(MB): 10305.5 / 15973.4 diskUsed(GB): 45.28 / 57.9994
2026-03-04 16:08:41.287 [DEBUG] [SystemMonitor] (sysinfo) totalBytes: 1.67493e+10 freeBytes: 5.93607e+09 memoryUsage(MB): 10312.3 / 15973.4
2026-03-04 16:08:41.296 [DEBUG] [SystemMonitor] cpuUsage: 23.0964 cpuTemp: 59.5 memUsed(MB): 10312.3 / 15973.4 diskUsed(GB): 45.28 / 57.9994
2026-03-04 16:08:42.287 [DEBUG] [SystemMonitor] (sysinfo) totalBytes: 1.67493e+10 freeBytes: 5.92842e+09 memoryUsage(MB): 10319.6 / 15973.4
2026-03-04 16:08:42.293 [DEBUG] [SystemMonitor] cpuUsage: 14.899 cpuTemp: 58.95 memUsed(MB): 10319.6 / 15973.4 diskUsed(GB): 45.28 / 57.9994
2026-03-04 16:08:43.288 [DEBUG] [SystemMonitor] (sysinfo) totalBytes: 1.67493e+10 freeBytes: 5.90496e+09 memoryUsage(MB): 10342 / 15973.4
2026-03-04 16:08:43.296 [DEBUG] [SystemMonitor] cpuUsage: 56.4232 cpuTemp: 60.6 memUsed(MB): 10342 / 15973.4 diskUsed(GB): 45.28 / 57.9994
2026-03-04 16:08:44.288 [DEBUG] [SystemMonitor] (sysinfo) totalBytes: 1.67493e+10 freeBytes: 5.90189e+09 memoryUsage(MB): 10344.9 / 15973.4
2026-03-04 16:08:44.293 [DEBUG] [SystemMonitor] cpuUsage: 44.0204 cpuTemp: 60.05 memUsed(MB): 10344.9 / 15973.4 diskUsed(GB): 45.28 / 57.9994
2026-03-04 16:08:45.287 [DEBUG] [SystemMonitor] (sysinfo) totalBytes: 1.67493e+10 freeBytes: 5.91965e+09 memoryUsage(MB): 10328 / 15973.4
2026-03-04 16:08:45.292 [DEBUG] [SystemMonitor] cpuUsage: 21.4106 cpuTemp: 60.05 memUsed(MB): 10328 / 15973.4 diskUsed(GB): 45.28 / 57.9994
2026-03-04 16:08:46.287 [DEBUG] [SystemMonitor] (sysinfo) totalBytes: 1.67493e+10 freeBytes: 5.91811e+09 memoryUsage(MB): 10329.5 / 15973.4
2026-03-04 16:08:46.292 [DEBUG] [SystemMonitor] cpuUsage: 12.6904 cpuTemp: 58.4 memUsed(MB): 10329.5 / 15973.4 diskUsed(GB): 45.28 / 57.9994
2026-03-04 16:08:47.287 [DEBUG] [SystemMonitor] (sysinfo) totalBytes: 1.67493e+10 freeBytes: 5.91373e+09 memoryUsage(MB): 10333.6 / 15973.4
2026-03-04 16:08:47.294 [DEBUG] [SystemMonitor] cpuUsage: 14.8241 cpuTemp: 59.5 memUsed(MB): 10333.6 / 15973.4 diskUsed(GB): 45.28 / 57.9994
2026-03-04 16:08:48.287 [DEBUG] [SystemMonitor] (sysinfo) totalBytes: 1.67493e+10 freeBytes: 5.91661e+09 memoryUsage(MB): 10330.9 / 15973.4
2026-03-04 16:08:48.292 [DEBUG] [SystemMonitor] cpuUsage: 40.6091 cpuTemp: 60.6 memUsed(MB): 10330.9 / 15973.4 diskUsed(GB): 45.28 / 57.9994
2026-03-04 16:08:49.287 [DEBUG] [SystemMonitor] (sysinfo) totalBytes: 1.67493e+10 freeBytes: 5.91881e+09 memoryUsage(MB): 10328.8 / 15973.4
2026-03-04 16:08:49.292 [DEBUG] [SystemMonitor] cpuUsage: 20.0508 cpuTemp: 60.05 memUsed(MB): 10328.8 / 15973.4 diskUsed(GB): 45.28 / 57.9994
2026-03-04 16:08:50.287 [DEBUG] [SystemMonitor] (sysinfo) totalBytes: 1.67493e+10 freeBytes: 5.91895e+09 memoryUsage(MB): 10328.7 / 15973.4
2026-03-04 16:08:50.292 [DEBUG] [SystemMonitor] cpuUsage: 20.0508 cpuTemp: 59.5 memUsed(MB): 10328.7 / 15973.4 diskUsed(GB): 45.28 / 57.9994
2026-03-04 16:08:51.287 [DEBUG] [SystemMonitor] (sysinfo) totalBytes: 1.67493e+10 freeBytes: 5.92345e+09 memoryUsage(MB): 10324.4 / 15973.4
2026-03-04 16:08:51.293 [DEBUG] [SystemMonitor] cpuUsage: 12.3116 cpuTemp: 60.6 memUsed(MB): 10324.4 / 15973.4 diskUsed(GB): 45.28 / 57.9994
2026-03-04 16:08:52.287 [DEBUG] [SystemMonitor] (sysinfo) totalBytes: 1.67493e+10 freeBytes: 5.89416e+09 memoryUsage(MB): 10352.3 / 15973.4
2026-03-04 16:08:52.293 [DEBUG] [SystemMonitor] cpuUsage: 36.802 cpuTemp: 59.5 memUsed(MB): 10352.3 / 15973.4 diskUsed(GB): 45.28 / 57.9994
2026-03-04 16:08:53.287 [DEBUG] [SystemMonitor] (sysinfo) totalBytes: 1.67493e+10 freeBytes: 5.87886e+09 memoryUsage(MB): 10366.9 / 15973.4
2026-03-04 16:08:53.293 [DEBUG] [SystemMonitor] cpuUsage: 48.9899 cpuTemp: 59.5 memUsed(MB): 10366.9 / 15973.4 diskUsed(GB): 45.28 / 57.9994
2026-03-04 16:08:54.287 [DEBUG] [SystemMonitor] (sysinfo) totalBytes: 1.67493e+10 freeBytes: 5.87975e+09 memoryUsage(MB): 10366 / 15973.4
2026-03-04 16:08:54.292 [DEBUG] [SystemMonitor] cpuUsage: 10.3275 cpuTemp: 59.5 memUsed(MB): 10366 / 15973.4 diskUsed(GB): 45.28 / 57.9994
2026-03-04 16:08:55.287 [DEBUG] [SystemMonitor] (sysinfo) totalBytes: 1.67493e+10 freeBytes: 5.87975e+09 memoryUsage(MB): 10366 / 15973.4
2026-03-04 16:08:55.292 [DEBUG] [SystemMonitor] cpuUsage: 9.29648 cpuTemp: 60.05 memUsed(MB): 10366 / 15973.4 diskUsed(GB): 45.28 / 57.9994
2026-03-04 16:08:56.287 [DEBUG] [SystemMonitor] (sysinfo) totalBytes: 1.67493e+10 freeBytes: 5.88891e+09 memoryUsage(MB): 10357.3 / 15973.4
2026-03-04 16:08:56.291 [DEBUG] [SystemMonitor] cpuUsage: 7.82828 cpuTemp: 59.5 memUsed(MB): 10357.3 / 15973.4 diskUsed(GB): 45.28 / 57.9994
2026-03-04 16:08:57.287 [DEBUG] [SystemMonitor] (sysinfo) totalBytes: 1.67493e+10 freeBytes: 5.89768e+09 memoryUsage(MB): 10348.9 / 15973.4
2026-03-04 16:08:57.292 [DEBUG] [SystemMonitor] cpuUsage: 9.29648 cpuTemp: 59.5 memUsed(MB): 10348.9 / 15973.4 diskUsed(GB): 45.28 / 57.9994
2026-03-04 16:08:58.287 [DEBUG] [SystemMonitor] (sysinfo) totalBytes: 1.67493e+10 freeBytes: 5.89875e+09 memoryUsage(MB): 10347.9 / 15973.4
2026-03-04 16:08:58.298 [DEBUG] [SystemMonitor] cpuUsage: 20.3518 cpuTemp: 58.95 memUsed(MB): 10347.9 / 15973.4 diskUsed(GB): 45.28 / 57.9994
2026-03-04 16:08:59.287 [DEBUG] [SystemMonitor] (sysinfo) totalBytes: 1.67493e+10 freeBytes: 5.90176e+09 memoryUsage(MB): 10345 / 15973.4
2026-03-04 16:08:59.291 [DEBUG] [SystemMonitor] cpuUsage: 15.404 cpuTemp: 59.5 memUsed(MB): 10345 / 15973.4 diskUsed(GB): 45.28 / 57.9994
2026-03-04 16:09:00.287 [DEBUG] [SystemMonitor] (sysinfo) totalBytes: 1.67493e+10 freeBytes: 5.9015e+09 memoryUsage(MB): 10345.3 / 15973.4
2026-03-04 16:09:00.292 [DEBUG] [SystemMonitor] cpuUsage: 9.84848 cpuTemp: 59.5 memUsed(MB): 10345.3 / 15973.4 diskUsed(GB): 45.28 / 57.9994
2026-03-04 16:09:01.288 [DEBUG] [SystemMonitor] (sysinfo) totalBytes: 1.67493e+10 freeBytes: 5.89636e+09 memoryUsage(MB): 10350.2 / 15973.4
2026-03-04 16:09:01.292 [DEBUG] [SystemMonitor] cpuUsage: 12.8788 cpuTemp: 58.95 memUsed(MB): 10350.2 / 15973.4 diskUsed(GB): 45.28 / 57.9994
2026-03-04 16:09:02.287 [DEBUG] [SystemMonitor] (sysinfo) totalBytes: 1.67493e+10 freeBytes: 5.89636e+09 memoryUsage(MB): 10350.2 / 15973.4
2026-03-04 16:09:02.291 [DEBUG] [SystemMonitor] cpuUsage: 7.53769 cpuTemp: 58.4 memUsed(MB): 10350.2 / 15973.4 diskUsed(GB): 45.28 / 57.9994
2026-03-04 16:09:03.287 [DEBUG] [SystemMonitor] (sysinfo) totalBytes: 1.67493e+10 freeBytes: 5.89059e+09 memoryUsage(MB): 10355.7 / 15973.4
2026-03-04 16:09:03.291 [DEBUG] [SystemMonitor] cpuUsage: 15.6171 cpuTemp: 60.05 memUsed(MB): 10355.7 / 15973.4 diskUsed(GB): 45.28 / 57.9994
2026-03-04 16:09:04.287 [DEBUG] [SystemMonitor] (sysinfo) totalBytes: 1.67493e+10 freeBytes: 5.89033e+09 memoryUsage(MB): 10355.9 / 15973.4
2026-03-04 16:09:04.291 [DEBUG] [SystemMonitor] cpuUsage: 14.4304 cpuTemp: 58.4 memUsed(MB): 10355.9 / 15973.4 diskUsed(GB): 45.28 / 57.9994
2026-03-04 16:09:05.286 [DEBUG] [SystemMonitor] (sysinfo) totalBytes: 1.67493e+10 freeBytes: 5.88982e+09 memoryUsage(MB): 10356.4 / 15973.4
2026-03-04 16:09:05.291 [DEBUG] [SystemMonitor] cpuUsage: 10.101 cpuTemp: 59.5 memUsed(MB): 10356.4 / 15973.4 diskUsed(GB): 45.28 / 57.9994
2026-03-04 16:09:06.287 [DEBUG] [SystemMonitor] (sysinfo) totalBytes: 1.67493e+10 freeBytes: 5.88595e+09 memoryUsage(MB): 10360.1 / 15973.4
2026-03-04 16:09:06.290 [DEBUG] [SystemMonitor] cpuUsage: 13.1313 cpuTemp: 59.5 memUsed(MB): 10360.1 / 15973.4 diskUsed(GB): 45.28 / 57.9994
2026-03-04 16:09:07.287 [DEBUG] [SystemMonitor] (sysinfo) totalBytes: 1.67493e+10 freeBytes: 5.88811e+09 memoryUsage(MB): 10358.1 / 15973.4
2026-03-04 16:09:07.292 [DEBUG] [SystemMonitor] cpuUsage: 15.0376 cpuTemp: 57.85 memUsed(MB): 10358.1 / 15973.4 diskUsed(GB): 45.28 / 57.9994
2026-03-04 16:09:08.288 [DEBUG] [SystemMonitor] (sysinfo) totalBytes: 1.67493e+10 freeBytes: 5.88998e+09 memoryUsage(MB): 10356.3 / 15973.4
2026-03-04 16:09:08.302 [DEBUG] [SystemMonitor] cpuUsage: 30.203 cpuTemp: 60.05 memUsed(MB): 10356.3 / 15973.4 diskUsed(GB): 45.28 / 57.9994
2026-03-04 16:09:09.288 [DEBUG] [SystemMonitor] (sysinfo) totalBytes: 1.67493e+10 freeBytes: 5.91431e+09 memoryUsage(MB): 10333.1 / 15973.4
2026-03-04 16:09:09.292 [DEBUG] [SystemMonitor] cpuUsage: 24.6851 cpuTemp: 60.6 memUsed(MB): 10333.1 / 15973.4 diskUsed(GB): 45.28 / 57.9994
2026-03-04 16:09:10.288 [DEBUG] [SystemMonitor] (sysinfo) totalBytes: 1.67493e+10 freeBytes: 5.91608e+09 memoryUsage(MB): 10331.4 / 15973.4
2026-03-04 16:09:10.292 [DEBUG] [SystemMonitor] cpuUsage: 6.76692 cpuTemp: 59.5 memUsed(MB): 10331.4 / 15973.4 diskUsed(GB): 45.28 / 57.9994
2026-03-04 16:09:11.287 [DEBUG] [SystemMonitor] (sysinfo) totalBytes: 1.67493e+10 freeBytes: 5.91327e+09 memoryUsage(MB): 10334.1 / 15973.4
2026-03-04 16:09:11.292 [DEBUG] [SystemMonitor] cpuUsage: 9.82368 cpuTemp: 58.4 memUsed(MB): 10334.1 / 15973.4 diskUsed(GB): 45.28 / 57.9994
2026-03-04 16:09:12.287 [DEBUG] [SystemMonitor] (sysinfo) totalBytes: 1.67493e+10 freeBytes: 5.91282e+09 memoryUsage(MB): 10334.5 / 15973.4
2026-03-04 16:09:12.292 [DEBUG] [SystemMonitor] cpuUsage: 5.30303 cpuTemp: 58.95 memUsed(MB): 10334.5 / 15973.4 diskUsed(GB): 45.28 / 57.9994
2026-03-04 16:09:13.287 [DEBUG] [SystemMonitor] (sysinfo) totalBytes: 1.67493e+10 freeBytes: 5.91928e+09 memoryUsage(MB): 10328.3 / 15973.4
2026-03-04 16:09:13.292 [DEBUG] [SystemMonitor] cpuUsage: 10.2757 cpuTemp: 58.95 memUsed(MB): 10328.3 / 15973.4 diskUsed(GB): 45.28 / 57.9994
2026-03-04 16:09:14.287 [DEBUG] [SystemMonitor] (sysinfo) totalBytes: 1.67493e+10 freeBytes: 5.91515e+09 memoryUsage(MB): 10332.3 / 15973.4
2026-03-04 16:09:14.292 [DEBUG] [SystemMonitor] cpuUsage: 10.0503 cpuTemp: 59.5 memUsed(MB): 10332.3 / 15973.4 diskUsed(GB): 45.28 / 57.9994
2026-03-04 16:09:15.287 [DEBUG] [SystemMonitor] (sysinfo) totalBytes: 1.67493e+10 freeBytes: 5.90612e+09 memoryUsage(MB): 10340.9 / 15973.4
2026-03-04 16:09:15.292 [DEBUG] [SystemMonitor] cpuUsage: 13.9241 cpuTemp: 59.5 memUsed(MB): 10340.9 / 15973.4 diskUsed(GB): 45.28 / 57.9994
2026-03-04 16:09:16.287 [DEBUG] [SystemMonitor] (sysinfo) totalBytes: 1.67493e+10 freeBytes: 5.90929e+09 memoryUsage(MB): 10337.9 / 15973.4
2026-03-04 16:09:16.292 [DEBUG] [SystemMonitor] cpuUsage: 27.4809 cpuTemp: 57.85 memUsed(MB): 10337.9 / 15973.4 diskUsed(GB): 45.28 / 57.9994
2026-03-04 16:09:17.287 [DEBUG] [SystemMonitor] (sysinfo) totalBytes: 1.67493e+10 freeBytes: 5.90929e+09 memoryUsage(MB): 10337.9 / 15973.4
2026-03-04 16:09:17.291 [DEBUG] [SystemMonitor] cpuUsage: 7.03518 cpuTemp: 58.95 memUsed(MB): 10337.9 / 15973.4 diskUsed(GB): 45.28 / 57.9994
2026-03-04 16:09:18.288 [DEBUG] [SystemMonitor] (sysinfo) totalBytes: 1.67493e+10 freeBytes: 5.91268e+09 memoryUsage(MB): 10334.6 / 15973.4
2026-03-04 16:09:18.294 [DEBUG] [SystemMonitor] cpuUsage: 12.6263 cpuTemp: 58.4 memUsed(MB): 10334.6 / 15973.4 diskUsed(GB): 45.28 / 57.9994
2026-03-04 16:09:19.287 [DEBUG] [SystemMonitor] (sysinfo) totalBytes: 1.67493e+10 freeBytes: 5.91011e+09 memoryUsage(MB): 10337.1 / 15973.4
2026-03-04 16:09:19.291 [DEBUG] [SystemMonitor] cpuUsage: 14.0704 cpuTemp: 58.95 memUsed(MB): 10337.1 / 15973.4 diskUsed(GB): 45.28 / 57.9994
2026-03-04 16:09:20.287 [DEBUG] [SystemMonitor] (sysinfo) totalBytes: 1.67493e+10 freeBytes: 5.90933e+09 memoryUsage(MB): 10337.8 / 15973.4
2026-03-04 16:09:20.292 [DEBUG] [SystemMonitor] cpuUsage: 10.3535 cpuTemp: 58.95 memUsed(MB): 10337.8 / 15973.4 diskUsed(GB): 45.28 / 57.9994
2026-03-04 16:09:21.287 [DEBUG] [SystemMonitor] (sysinfo) totalBytes: 1.67493e+10 freeBytes: 5.90495e+09 memoryUsage(MB): 10342 / 15973.4
2026-03-04 16:09:21.295 [DEBUG] [SystemMonitor] cpuUsage: 10.8586 cpuTemp: 58.4 memUsed(MB): 10342 / 15973.4 diskUsed(GB): 45.28 / 57.9994
2026-03-04 16:09:22.288 [DEBUG] [SystemMonitor] (sysinfo) totalBytes: 1.67493e+10 freeBytes: 5.8702e+09 memoryUsage(MB): 10375.1 / 15973.4
2026-03-04 16:09:22.296 [DEBUG] [SystemMonitor] cpuUsage: 40.806 cpuTemp: 61.7 memUsed(MB): 10375.1 / 15973.4 diskUsed(GB): 45.28 / 57.9994
2026-03-04 16:09:23.287 [DEBUG] [SystemMonitor] (sysinfo) totalBytes: 1.67493e+10 freeBytes: 5.85377e+09 memoryUsage(MB): 10390.8 / 15973.4
2026-03-04 16:09:23.292 [DEBUG] [SystemMonitor] cpuUsage: 31.5657 cpuTemp: 58.95 memUsed(MB): 10390.8 / 15973.4 diskUsed(GB): 45.28 / 57.9994
2026-03-04 16:09:24.287 [DEBUG] [SystemMonitor] (sysinfo) totalBytes: 1.67493e+10 freeBytes: 5.84993e+09 memoryUsage(MB): 10394.5 / 15973.4
2026-03-04 16:09:24.292 [DEBUG] [SystemMonitor] cpuUsage: 17.7215 cpuTemp: 58.95 memUsed(MB): 10394.5 / 15973.4 diskUsed(GB): 45.28 / 57.9994
2026-03-04 16:09:25.287 [DEBUG] [SystemMonitor] (sysinfo) totalBytes: 1.67493e+10 freeBytes: 5.84943e+09 memoryUsage(MB): 10395 / 15973.4
2026-03-04 16:09:25.292 [DEBUG] [SystemMonitor] cpuUsage: 9.59596 cpuTemp: 58.4 memUsed(MB): 10395 / 15973.4 diskUsed(GB): 45.28 / 57.9994
2026-03-04 16:09:26.287 [DEBUG] [SystemMonitor] (sysinfo) totalBytes: 1.67493e+10 freeBytes: 5.85423e+09 memoryUsage(MB): 10390.4 / 15973.4
2026-03-04 16:09:26.292 [DEBUG] [SystemMonitor] cpuUsage: 6.29723 cpuTemp: 57.3 memUsed(MB): 10390.4 / 15973.4 diskUsed(GB): 45.28 / 57.9994
2026-03-04 16:09:27.287 [DEBUG] [SystemMonitor] (sysinfo) totalBytes: 1.67493e+10 freeBytes: 5.85841e+09 memoryUsage(MB): 10386.4 / 15973.4
2026-03-04 16:09:27.292 [DEBUG] [SystemMonitor] cpuUsage: 7.26817 cpuTemp: 57.85 memUsed(MB): 10386.4 / 15973.4 diskUsed(GB): 45.28 / 57.9994
2026-03-04 16:09:28.287 [DEBUG] [SystemMonitor] (sysinfo) totalBytes: 1.67493e+10 freeBytes: 5.86311e+09 memoryUsage(MB): 10381.9 / 15973.4
2026-03-04 16:09:28.292 [DEBUG] [SystemMonitor] cpuUsage: 5.77889 cpuTemp: 57.3 memUsed(MB): 10381.9 / 15973.4 diskUsed(GB): 45.28 / 57.9994
2026-03-04 16:09:29.287 [DEBUG] [SystemMonitor] (sysinfo) totalBytes: 1.67493e+10 freeBytes: 5.86469e+09 memoryUsage(MB): 10380.4 / 15973.4
2026-03-04 16:09:29.291 [DEBUG] [SystemMonitor] cpuUsage: 10.3275 cpuTemp: 58.4 memUsed(MB): 10380.4 / 15973.4 diskUsed(GB): 45.28 / 57.9994
2026-03-04 16:09:30.287 [DEBUG] [SystemMonitor] (sysinfo) totalBytes: 1.67493e+10 freeBytes: 5.8704e+09 memoryUsage(MB): 10375 / 15973.4
2026-03-04 16:09:30.292 [DEBUG] [SystemMonitor] cpuUsage: 5.77889 cpuTemp: 58.95 memUsed(MB): 10375 / 15973.4 diskUsed(GB): 45.28 / 57.9994
2026-03-04 16:09:31.287 [DEBUG] [SystemMonitor] (sysinfo) totalBytes: 1.67493e+10 freeBytes: 5.96451e+09 memoryUsage(MB): 10285.2 / 15973.4
2026-03-04 16:09:31.292 [DEBUG] [SystemMonitor] cpuUsage: 32.9146 cpuTemp: 59.5 memUsed(MB): 10285.2 / 15973.4 diskUsed(GB): 45.28 / 57.9994
2026-03-04 16:09:32.287 [DEBUG] [SystemMonitor] (sysinfo) totalBytes: 1.67493e+10 freeBytes: 5.96757e+09 memoryUsage(MB): 10282.3 / 15973.4
2026-03-04 16:09:32.292 [DEBUG] [SystemMonitor] cpuUsage: 28.5 cpuTemp: 58.4 memUsed(MB): 10282.3 / 15973.4 diskUsed(GB): 45.28 / 57.9994
2026-03-04 16:09:33.287 [DEBUG] [SystemMonitor] (sysinfo) totalBytes: 1.67493e+10 freeBytes: 5.96706e+09 memoryUsage(MB): 10282.8 / 15973.4
2026-03-04 16:09:33.292 [DEBUG] [SystemMonitor] cpuUsage: 5.54156 cpuTemp: 58.95 memUsed(MB): 10282.8 / 15973.4 diskUsed(GB): 45.28 / 57.9994
2026-03-04 16:09:34.287 [DEBUG] [SystemMonitor] (sysinfo) totalBytes: 1.67493e+10 freeBytes: 5.97452e+09 memoryUsage(MB): 10275.7 / 15973.4
2026-03-04 16:09:34.292 [DEBUG] [SystemMonitor] cpuUsage: 11.8687 cpuTemp: 58.95 memUsed(MB): 10275.7 / 15973.4 diskUsed(GB): 45.28 / 57.9994
2026-03-04 16:09:35.287 [DEBUG] [SystemMonitor] (sysinfo) totalBytes: 1.67493e+10 freeBytes: 5.97429e+09 memoryUsage(MB): 10275.9 / 15973.4
2026-03-04 16:09:35.291 [DEBUG] [SystemMonitor] cpuUsage: 6.26566 cpuTemp: 58.4 memUsed(MB): 10275.9 / 15973.4 diskUsed(GB): 45.28 / 57.9994
2026-03-04 16:09:36.287 [DEBUG] [SystemMonitor] (sysinfo) totalBytes: 1.67493e+10 freeBytes: 5.97524e+09 memoryUsage(MB): 10275 / 15973.4
2026-03-04 16:09:36.292 [DEBUG] [SystemMonitor] cpuUsage: 5.55556 cpuTemp: 57.85 memUsed(MB): 10275 / 15973.4 diskUsed(GB): 45.28 / 57.9994
2026-03-04 16:09:37.287 [DEBUG] [SystemMonitor] (sysinfo) totalBytes: 1.67493e+10 freeBytes: 5.97499e+09 memoryUsage(MB): 10275.2 / 15973.4
2026-03-04 16:09:37.292 [DEBUG] [SystemMonitor] cpuUsage: 5.77889 cpuTemp: 58.4 memUsed(MB): 10275.2 / 15973.4 diskUsed(GB): 45.28 / 57.9994
2026-03-04 16:09:38.287 [DEBUG] [SystemMonitor] (sysinfo) totalBytes: 1.67493e+10 freeBytes: 5.9755e+09 memoryUsage(MB): 10274.7 / 15973.4
2026-03-04 16:09:38.292 [DEBUG] [SystemMonitor] cpuUsage: 4.77387 cpuTemp: 58.95 memUsed(MB): 10274.7 / 15973.4 diskUsed(GB): 45.28 / 57.9994
2026-03-04 16:09:39.287 [DEBUG] [SystemMonitor] (sysinfo) totalBytes: 1.67493e+10 freeBytes: 5.97673e+09 memoryUsage(MB): 10273.6 / 15973.4
2026-03-04 16:09:39.292 [DEBUG] [SystemMonitor] cpuUsage: 12.8141 cpuTemp: 58.4 memUsed(MB): 10273.6 / 15973.4 diskUsed(GB): 45.28 / 57.9994
2026-03-04 16:09:40.287 [DEBUG] [SystemMonitor] (sysinfo) totalBytes: 1.67493e+10 freeBytes: 5.97208e+09 memoryUsage(MB): 10278 / 15973.4
2026-03-04 16:09:40.292 [DEBUG] [SystemMonitor] cpuUsage: 6.32911 cpuTemp: 58.4 memUsed(MB): 10278 / 15973.4 diskUsed(GB): 45.28 / 57.9994
2026-03-04 16:09:41.287 [DEBUG] [SystemMonitor] (sysinfo) totalBytes: 1.67493e+10 freeBytes: 5.97351e+09 memoryUsage(MB): 10276.6 / 15973.4
2026-03-04 16:09:41.292 [DEBUG] [SystemMonitor] cpuUsage: 6.01504 cpuTemp: 57.85 memUsed(MB): 10276.6 / 15973.4 diskUsed(GB): 45.28 / 57.9994
2026-03-04 16:09:42.287 [DEBUG] [SystemMonitor] (sysinfo) totalBytes: 1.67493e+10 freeBytes: 5.96476e+09 memoryUsage(MB): 10285 / 15973.4
2026-03-04 16:09:42.291 [DEBUG] [SystemMonitor] cpuUsage: 5.54156 cpuTemp: 56.75 memUsed(MB): 10285 / 15973.4 diskUsed(GB): 45.28 / 57.9994
2026-03-04 16:09:43.287 [DEBUG] [SystemMonitor] (sysinfo) totalBytes: 1.67493e+10 freeBytes: 5.96476e+09 memoryUsage(MB): 10285 / 15973.4
2026-03-04 16:09:43.293 [DEBUG] [SystemMonitor] cpuUsage: 5.77889 cpuTemp: 57.85 memUsed(MB): 10285 / 15973.4 diskUsed(GB): 45.28 / 57.9994
2026-03-04 16:09:44.287 [DEBUG] [SystemMonitor] (sysinfo) totalBytes: 1.67493e+10 freeBytes: 5.96229e+09 memoryUsage(MB): 10287.3 / 15973.4
2026-03-04 16:09:44.290 [DEBUG] [SystemMonitor] cpuUsage: 56.4232 cpuTemp: 60.05 memUsed(MB): 10287.3 / 15973.4 diskUsed(GB): 45.28 / 57.9994
2026-03-04 16:09:45.287 [DEBUG] [SystemMonitor] (sysinfo) totalBytes: 1.67493e+10 freeBytes: 5.97042e+09 memoryUsage(MB): 10279.6 / 15973.4
2026-03-04 16:09:45.291 [DEBUG] [SystemMonitor] cpuUsage: 12.9771 cpuTemp: 58.4 memUsed(MB): 10279.6 / 15973.4 diskUsed(GB): 45.28 / 57.9994
2026-03-04 16:09:46.288 [DEBUG] [SystemMonitor] (sysinfo) totalBytes: 1.67493e+10 freeBytes: 5.96967e+09 memoryUsage(MB): 10280.3 / 15973.4
2026-03-04 16:09:46.292 [DEBUG] [SystemMonitor] cpuUsage: 7.03518 cpuTemp: 58.95 memUsed(MB): 10280.3 / 15973.4 diskUsed(GB): 45.28 / 57.9994
2026-03-04 16:09:47.287 [DEBUG] [SystemMonitor] (sysinfo) totalBytes: 1.67493e+10 freeBytes: 5.96684e+09 memoryUsage(MB): 10283 / 15973.4
2026-03-04 16:09:47.292 [DEBUG] [SystemMonitor] cpuUsage: 13.3838 cpuTemp: 58.95 memUsed(MB): 10283 / 15973.4 diskUsed(GB): 45.28 / 57.9994
2026-03-04 16:09:48.287 [DEBUG] [SystemMonitor] (sysinfo) totalBytes: 1.67493e+10 freeBytes: 5.96684e+09 memoryUsage(MB): 10283 / 15973.4
2026-03-04 16:09:48.292 [DEBUG] [SystemMonitor] cpuUsage: 6.03015 cpuTemp: 57.85 memUsed(MB): 10283 / 15973.4 diskUsed(GB): 45.28 / 57.9994
2026-03-04 16:09:49.287 [DEBUG] [SystemMonitor] (sysinfo) totalBytes: 1.67493e+10 freeBytes: 5.96912e+09 memoryUsage(MB): 10280.8 / 15973.4
2026-03-04 16:09:49.292 [DEBUG] [SystemMonitor] cpuUsage: 18.593 cpuTemp: 59.5 memUsed(MB): 10280.8 / 15973.4 diskUsed(GB): 45.28 / 57.9994
2026-03-04 16:09:50.287 [DEBUG] [SystemMonitor] (sysinfo) totalBytes: 1.67493e+10 freeBytes: 5.96912e+09 memoryUsage(MB): 10280.8 / 15973.4
2026-03-04 16:09:50.292 [DEBUG] [SystemMonitor] cpuUsage: 7.30479 cpuTemp: 56.75 memUsed(MB): 10280.8 / 15973.4 diskUsed(GB): 45.28 / 57.9994
2026-03-04 16:09:51.287 [DEBUG] [SystemMonitor] (sysinfo) totalBytes: 1.67493e+10 freeBytes: 5.96886e+09 memoryUsage(MB): 10281.1 / 15973.4
2026-03-04 16:09:51.292 [DEBUG] [SystemMonitor] cpuUsage: 7.07071 cpuTemp: 58.95 memUsed(MB): 10281.1 / 15973.4 diskUsed(GB): 45.28 / 57.9994
2026-03-04 16:09:52.290 [DEBUG] [SystemMonitor] (sysinfo) totalBytes: 1.67493e+10 freeBytes: 5.91774e+09 memoryUsage(MB): 10329.8 / 15973.4
2026-03-04 16:09:52.330 [DEBUG] [SystemMonitor] cpuUsage: 39.0428 cpuTemp: 61.15 memUsed(MB): 10329.8 / 15973.4 diskUsed(GB): 45.28 / 57.9994
2026-03-04 16:09:53.287 [DEBUG] [SystemMonitor] (sysinfo) totalBytes: 1.67493e+10 freeBytes: 5.89714e+09 memoryUsage(MB): 10349.5 / 15973.4
2026-03-04 16:09:53.292 [DEBUG] [SystemMonitor] cpuUsage: 28.5354 cpuTemp: 59.5 memUsed(MB): 10349.5 / 15973.4 diskUsed(GB): 45.28 / 57.9994
2026-03-04 16:09:54.287 [DEBUG] [SystemMonitor] (sysinfo) totalBytes: 1.67493e+10 freeBytes: 5.90139e+09 memoryUsage(MB): 10345.4 / 15973.4
2026-03-04 16:09:54.291 [DEBUG] [SystemMonitor] cpuUsage: 18.2278 cpuTemp: 57.3 memUsed(MB): 10345.4 / 15973.4 diskUsed(GB): 45.28 / 57.9994
2026-03-04 16:09:55.287 [DEBUG] [SystemMonitor] (sysinfo) totalBytes: 1.67493e+10 freeBytes: 5.89881e+09 memoryUsage(MB): 10347.9 / 15973.4
2026-03-04 16:09:55.292 [DEBUG] [SystemMonitor] cpuUsage: 10.0756 cpuTemp: 58.95 memUsed(MB): 10347.9 / 15973.4 diskUsed(GB): 45.28 / 57.9994
2026-03-04 16:09:56.287 [DEBUG] [SystemMonitor] (sysinfo) totalBytes: 1.67493e+10 freeBytes: 5.89881e+09 memoryUsage(MB): 10347.9 / 15973.4
2026-03-04 16:09:56.292 [DEBUG] [SystemMonitor] cpuUsage: 7.53769 cpuTemp: 58.95 memUsed(MB): 10347.9 / 15973.4 diskUsed(GB): 45.28 / 57.9994
2026-03-04 16:09:57.287 [DEBUG] [SystemMonitor] (sysinfo) totalBytes: 1.67493e+10 freeBytes: 5.90023e+09 memoryUsage(MB): 10346.5 / 15973.4
2026-03-04 16:09:57.293 [DEBUG] [SystemMonitor] cpuUsage: 12.3426 cpuTemp: 58.95 memUsed(MB): 10346.5 / 15973.4 diskUsed(GB): 45.28 / 57.9994
2026-03-04 16:09:58.287 [DEBUG] [SystemMonitor] (sysinfo) totalBytes: 1.67493e+10 freeBytes: 5.89943e+09 memoryUsage(MB): 10347.3 / 15973.4
2026-03-04 16:09:58.292 [DEBUG] [SystemMonitor] cpuUsage: 16.2025 cpuTemp: 57.3 memUsed(MB): 10347.3 / 15973.4 diskUsed(GB): 45.28 / 57.9994
2026-03-04 16:09:59.287 [DEBUG] [SystemMonitor] (sysinfo) totalBytes: 1.67493e+10 freeBytes: 5.90334e+09 memoryUsage(MB): 10343.5 / 15973.4
2026-03-04 16:09:59.291 [DEBUG] [SystemMonitor] cpuUsage: 15.5779 cpuTemp: 58.4 memUsed(MB): 10343.5 / 15973.4 diskUsed(GB): 45.28 / 57.9994
2026-03-04 16:10:00.289 [DEBUG] [SystemMonitor] (sysinfo) totalBytes: 1.67493e+10 freeBytes: 5.89509e+09 memoryUsage(MB): 10351.4 / 15973.4
2026-03-04 16:10:00.302 [DEBUG] [SystemMonitor] cpuUsage: 14.4304 cpuTemp: 60.05 memUsed(MB): 10351.4 / 15973.4 diskUsed(GB): 45.28 / 57.9994
2026-03-04 16:10:01.287 [DEBUG] [SystemMonitor] (sysinfo) totalBytes: 1.67493e+10 freeBytes: 5.89855e+09 memoryUsage(MB): 10348.1 / 15973.4
2026-03-04 16:10:01.293 [DEBUG] [SystemMonitor] cpuUsage: 30.8673 cpuTemp: 60.05 memUsed(MB): 10348.1 / 15973.4 diskUsed(GB): 45.28 / 57.9994
2026-03-04 16:10:02.288 [DEBUG] [SystemMonitor] (sysinfo) totalBytes: 1.67493e+10 freeBytes: 5.89703e+09 memoryUsage(MB): 10349.6 / 15973.4
2026-03-04 16:10:02.292 [DEBUG] [SystemMonitor] cpuUsage: 20.202 cpuTemp: 58.95 memUsed(MB): 10349.6 / 15973.4 diskUsed(GB): 45.28 / 57.9994
2026-03-04 16:10:03.287 [DEBUG] [SystemMonitor] (sysinfo) totalBytes: 1.67493e+10 freeBytes: 5.89574e+09 memoryUsage(MB): 10350.8 / 15973.4
2026-03-04 16:10:03.298 [DEBUG] [SystemMonitor] cpuUsage: 9.09091 cpuTemp: 59.5 memUsed(MB): 10350.8 / 15973.4 diskUsed(GB): 45.28 / 57.9994
2026-03-04 16:10:04.287 [DEBUG] [SystemMonitor] (sysinfo) totalBytes: 1.67493e+10 freeBytes: 5.9002e+09 memoryUsage(MB): 10346.5 / 15973.4
2026-03-04 16:10:04.291 [DEBUG] [SystemMonitor] cpuUsage: 16.1209 cpuTemp: 59.5 memUsed(MB): 10346.5 / 15973.4 diskUsed(GB): 45.28 / 57.9994
2026-03-04 16:10:05.287 [DEBUG] [SystemMonitor] (sysinfo) totalBytes: 1.67493e+10 freeBytes: 5.89633e+09 memoryUsage(MB): 10350.2 / 15973.4
2026-03-04 16:10:05.291 [DEBUG] [SystemMonitor] cpuUsage: 13.9241 cpuTemp: 58.95 memUsed(MB): 10350.2 / 15973.4 diskUsed(GB): 45.28 / 57.9994
2026-03-04 16:10:06.288 [DEBUG] [SystemMonitor] (sysinfo) totalBytes: 1.67493e+10 freeBytes: 5.89504e+09 memoryUsage(MB): 10351.5 / 15973.4
2026-03-04 16:10:06.292 [DEBUG] [SystemMonitor] cpuUsage: 10.101 cpuTemp: 57.3 memUsed(MB): 10351.5 / 15973.4 diskUsed(GB): 45.28 / 57.9994
2026-03-04 16:10:07.288 [DEBUG] [SystemMonitor] (sysinfo) totalBytes: 1.67493e+10 freeBytes: 5.89504e+09 memoryUsage(MB): 10351.5 / 15973.4
2026-03-04 16:10:07.297 [DEBUG] [SystemMonitor] cpuUsage: 5.05051 cpuTemp: 58.95 memUsed(MB): 10351.5 / 15973.4 diskUsed(GB): 45.28 / 57.9994
2026-03-04 16:10:08.287 [DEBUG] [SystemMonitor] (sysinfo) totalBytes: 1.67493e+10 freeBytes: 5.89662e+09 memoryUsage(MB): 10350 / 15973.4
2026-03-04 16:10:08.292 [DEBUG] [SystemMonitor] cpuUsage: 5.28967 cpuTemp: 57.85 memUsed(MB): 10350 / 15973.4 diskUsed(GB): 45.28 / 57.9994
2026-03-04 16:10:09.289 [DEBUG] [SystemMonitor] (sysinfo) totalBytes: 1.67493e+10 freeBytes: 5.90769e+09 memoryUsage(MB): 10339.4 / 15973.4
2026-03-04 16:10:09.300 [DEBUG] [SystemMonitor] cpuUsage: 22.807 cpuTemp: 60.05 memUsed(MB): 10339.4 / 15973.4 diskUsed(GB): 45.28 / 57.9994
2026-03-04 16:10:10.287 [DEBUG] [SystemMonitor] (sysinfo) totalBytes: 1.67493e+10 freeBytes: 5.9217e+09 memoryUsage(MB): 10326 / 15973.4
2026-03-04 16:10:10.292 [DEBUG] [SystemMonitor] cpuUsage: 24.4332 cpuTemp: 58.95 memUsed(MB): 10326 / 15973.4 diskUsed(GB): 45.28 / 57.9994
2026-03-04 16:10:11.287 [DEBUG] [SystemMonitor] (sysinfo) totalBytes: 1.67493e+10 freeBytes: 5.9259e+09 memoryUsage(MB): 10322 / 15973.4
2026-03-04 16:10:11.292 [DEBUG] [SystemMonitor] cpuUsage: 7.53769 cpuTemp: 58.4 memUsed(MB): 10322 / 15973.4 diskUsed(GB): 45.28 / 57.9994
2026-03-04 16:10:12.288 [DEBUG] [SystemMonitor] (sysinfo) totalBytes: 1.67493e+10 freeBytes: 5.92488e+09 memoryUsage(MB): 10323 / 15973.4
2026-03-04 16:10:12.292 [DEBUG] [SystemMonitor] cpuUsage: 5.28967 cpuTemp: 57.85 memUsed(MB): 10323 / 15973.4 diskUsed(GB): 45.28 / 57.9994
2026-03-04 16:10:13.287 [DEBUG] [SystemMonitor] (sysinfo) totalBytes: 1.67493e+10 freeBytes: 5.92384e+09 memoryUsage(MB): 10324 / 15973.4
2026-03-04 16:10:13.292 [DEBUG] [SystemMonitor] cpuUsage: 5.03778 cpuTemp: 57.85 memUsed(MB): 10324 / 15973.4 diskUsed(GB): 45.28 / 57.9994
2026-03-04 16:10:14.287 [DEBUG] [SystemMonitor] (sysinfo) totalBytes: 1.67493e+10 freeBytes: 5.92012e+09 memoryUsage(MB): 10327.5 / 15973.4
2026-03-04 16:10:14.292 [DEBUG] [SystemMonitor] cpuUsage: 10.2757 cpuTemp: 57.85 memUsed(MB): 10327.5 / 15973.4 diskUsed(GB): 45.28 / 57.9994
2026-03-04 16:10:15.287 [DEBUG] [SystemMonitor] (sysinfo) totalBytes: 1.67493e+10 freeBytes: 5.91595e+09 memoryUsage(MB): 10331.5 / 15973.4
2026-03-04 16:10:15.292 [DEBUG] [SystemMonitor] cpuUsage: 8.31234 cpuTemp: 57.85 memUsed(MB): 10331.5 / 15973.4 diskUsed(GB): 45.28 / 57.9994
2026-03-04 16:10:16.287 [DEBUG] [SystemMonitor] (sysinfo) totalBytes: 1.67493e+10 freeBytes: 5.91775e+09 memoryUsage(MB): 10329.8 / 15973.4
2026-03-04 16:10:16.290 [DEBUG] [SystemMonitor] cpuUsage: 8.54271 cpuTemp: 57.85 memUsed(MB): 10329.8 / 15973.4 diskUsed(GB): 45.28 / 57.9994
2026-03-04 16:10:17.287 [DEBUG] [SystemMonitor] (sysinfo) totalBytes: 1.67493e+10 freeBytes: 5.91569e+09 memoryUsage(MB): 10331.8 / 15973.4
2026-03-04 16:10:17.291 [DEBUG] [SystemMonitor] cpuUsage: 16.8342 cpuTemp: 59.5 memUsed(MB): 10331.8 / 15973.4 diskUsed(GB): 45.28 / 57.9994
2026-03-04 16:10:18.287 [DEBUG] [SystemMonitor] (sysinfo) totalBytes: 1.67493e+10 freeBytes: 5.92488e+09 memoryUsage(MB): 10323 / 15973.4
2026-03-04 16:10:18.291 [DEBUG] [SystemMonitor] cpuUsage: 15.3266 cpuTemp: 59.5 memUsed(MB): 10323 / 15973.4 diskUsed(GB): 45.28 / 57.9994
2026-03-04 16:10:19.288 [DEBUG] [SystemMonitor] (sysinfo) totalBytes: 1.67493e+10 freeBytes: 5.92359e+09 memoryUsage(MB): 10324.2 / 15973.4
2026-03-04 16:10:19.293 [DEBUG] [SystemMonitor] cpuUsage: 14.3939 cpuTemp: 58.95 memUsed(MB): 10324.2 / 15973.4 diskUsed(GB): 45.28 / 57.9994
2026-03-04 16:10:20.287 [DEBUG] [SystemMonitor] (sysinfo) totalBytes: 1.67493e+10 freeBytes: 5.91661e+09 memoryUsage(MB): 10330.9 / 15973.4
2026-03-04 16:10:20.292 [DEBUG] [SystemMonitor] cpuUsage: 20.403 cpuTemp: 59.5 memUsed(MB): 10330.9 / 15973.4 diskUsed(GB): 45.28 / 57.9994
2026-03-04 16:10:21.287 [DEBUG] [SystemMonitor] (sysinfo) totalBytes: 1.67493e+10 freeBytes: 5.91661e+09 memoryUsage(MB): 10330.9 / 15973.4
2026-03-04 16:10:21.290 [DEBUG] [SystemMonitor] cpuUsage: 30.9645 cpuTemp: 60.05 memUsed(MB): 10330.9 / 15973.4 diskUsed(GB): 45.28 / 57.9994
2026-03-04 16:10:22.287 [DEBUG] [SystemMonitor] (sysinfo) totalBytes: 1.67493e+10 freeBytes: 5.89677e+09 memoryUsage(MB): 10349.8 / 15973.4
2026-03-04 16:10:22.295 [DEBUG] [SystemMonitor] cpuUsage: 39.3939 cpuTemp: 60.05 memUsed(MB): 10349.8 / 15973.4 diskUsed(GB): 45.28 / 57.9994
2026-03-04 16:10:23.287 [DEBUG] [SystemMonitor] (sysinfo) totalBytes: 1.67493e+10 freeBytes: 5.89462e+09 memoryUsage(MB): 10351.9 / 15973.4
2026-03-04 16:10:23.292 [DEBUG] [SystemMonitor] cpuUsage: 33.0808 cpuTemp: 59.5 memUsed(MB): 10351.9 / 15973.4 diskUsed(GB): 45.28 / 57.9994
2026-03-04 16:10:24.287 [DEBUG] [SystemMonitor] (sysinfo) totalBytes: 1.67493e+10 freeBytes: 5.89185e+09 memoryUsage(MB): 10354.5 / 15973.4
2026-03-04 16:10:24.292 [DEBUG] [SystemMonitor] cpuUsage: 8.0402 cpuTemp: 58.95 memUsed(MB): 10354.5 / 15973.4 diskUsed(GB): 45.28 / 57.9994
2026-03-04 16:10:25.287 [DEBUG] [SystemMonitor] (sysinfo) totalBytes: 1.67493e+10 freeBytes: 5.88681e+09 memoryUsage(MB): 10359.3 / 15973.4
2026-03-04 16:10:25.293 [DEBUG] [SystemMonitor] cpuUsage: 13.6709 cpuTemp: 58.4 memUsed(MB): 10359.3 / 15973.4 diskUsed(GB): 45.28 / 57.9994
2026-03-04 16:10:26.287 [DEBUG] [SystemMonitor] (sysinfo) totalBytes: 1.67493e+10 freeBytes: 5.86281e+09 memoryUsage(MB): 10382.2 / 15973.4
2026-03-04 16:10:26.296 [DEBUG] [SystemMonitor] cpuUsage: 50.5051 cpuTemp: 61.7 memUsed(MB): 10382.2 / 15973.4 diskUsed(GB): 45.28 / 57.9994
2026-03-04 16:10:27.289 [DEBUG] [SystemMonitor] (sysinfo) totalBytes: 1.67493e+10 freeBytes: 5.85183e+09 memoryUsage(MB): 10392.7 / 15973.4
2026-03-04 16:10:27.306 [DEBUG] [SystemMonitor] cpuUsage: 63.6132 cpuTemp: 60.6 memUsed(MB): 10392.7 / 15973.4 diskUsed(GB): 45.28 / 57.9994
2026-03-04 16:10:28.288 [DEBUG] [SystemMonitor] (sysinfo) totalBytes: 1.67493e+10 freeBytes: 5.8854e+09 memoryUsage(MB): 10360.6 / 15973.4
2026-03-04 16:10:28.319 [DEBUG] [SystemMonitor] cpuUsage: 67.8481 cpuTemp: 61.7 memUsed(MB): 10360.6 / 15973.4 diskUsed(GB): 45.28 / 57.9994
2026-03-04 16:10:29.287 [DEBUG] [SystemMonitor] (sysinfo) totalBytes: 1.67493e+10 freeBytes: 5.88827e+09 memoryUsage(MB): 10357.9 / 15973.4
2026-03-04 16:10:29.294 [DEBUG] [SystemMonitor] cpuUsage: 47.7041 cpuTemp: 61.7 memUsed(MB): 10357.9 / 15973.4 diskUsed(GB): 45.28 / 57.9994
2026-03-04 16:10:30.288 [DEBUG] [SystemMonitor] (sysinfo) totalBytes: 1.67493e+10 freeBytes: 5.88365e+09 memoryUsage(MB): 10362.3 / 15973.4
2026-03-04 16:10:30.295 [DEBUG] [SystemMonitor] cpuUsage: 53.944 cpuTemp: 62.25 memUsed(MB): 10362.3 / 15973.4 diskUsed(GB): 45.28 / 57.9994
2026-03-04 16:10:31.288 [DEBUG] [SystemMonitor] (sysinfo) totalBytes: 1.67493e+10 freeBytes: 5.88731e+09 memoryUsage(MB): 10358.8 / 15973.4
2026-03-04 16:10:31.293 [DEBUG] [SystemMonitor] cpuUsage: 42.9306 cpuTemp: 61.15 memUsed(MB): 10358.8 / 15973.4 diskUsed(GB): 45.28 / 57.9994
2026-03-04 16:10:32.287 [DEBUG] [SystemMonitor] (sysinfo) totalBytes: 1.67493e+10 freeBytes: 5.88983e+09 memoryUsage(MB): 10356.4 / 15973.4
2026-03-04 16:10:32.292 [DEBUG] [SystemMonitor] cpuUsage: 39.7959 cpuTemp: 62.25 memUsed(MB): 10356.4 / 15973.4 diskUsed(GB): 45.28 / 57.9994
2026-03-04 16:10:33.287 [DEBUG] [SystemMonitor] (sysinfo) totalBytes: 1.67493e+10 freeBytes: 5.88711e+09 memoryUsage(MB): 10359 / 15973.4
2026-03-04 16:10:33.293 [DEBUG] [SystemMonitor] cpuUsage: 39.5939 cpuTemp: 62.8 memUsed(MB): 10359 / 15973.4 diskUsed(GB): 45.28 / 57.9994
2026-03-04 16:10:34.288 [DEBUG] [SystemMonitor] (sysinfo) totalBytes: 1.67493e+10 freeBytes: 5.88666e+09 memoryUsage(MB): 10359.5 / 15973.4
2026-03-04 16:10:34.296 [DEBUG] [SystemMonitor] cpuUsage: 42.8571 cpuTemp: 60.6 memUsed(MB): 10359.5 / 15973.4 diskUsed(GB): 45.28 / 57.9994
2026-03-04 16:10:35.287 [DEBUG] [SystemMonitor] (sysinfo) totalBytes: 1.67493e+10 freeBytes: 5.8805e+09 memoryUsage(MB): 10365.3 / 15973.4
2026-03-04 16:10:35.292 [DEBUG] [SystemMonitor] cpuUsage: 73.028 cpuTemp: 63.9 memUsed(MB): 10365.3 / 15973.4 diskUsed(GB): 45.28 / 57.9994
2026-03-04 16:10:36.288 [DEBUG] [SystemMonitor] (sysinfo) totalBytes: 1.67493e+10 freeBytes: 5.88853e+09 memoryUsage(MB): 10357.7 / 15973.4
2026-03-04 16:10:36.294 [DEBUG] [SystemMonitor] cpuUsage: 18.593 cpuTemp: 61.7 memUsed(MB): 10357.7 / 15973.4 diskUsed(GB): 45.28 / 57.9994
2026-03-04 16:10:37.287 [DEBUG] [SystemMonitor] (sysinfo) totalBytes: 1.67493e+10 freeBytes: 5.86816e+09 memoryUsage(MB): 10377.1 / 15973.4
2026-03-04 16:10:37.297 [DEBUG] [SystemMonitor] cpuUsage: 49.4872 cpuTemp: 61.7 memUsed(MB): 10377.1 / 15973.4 diskUsed(GB): 45.28 / 57.9994
2026-03-04 16:10:38.288 [DEBUG] [SystemMonitor] (sysinfo) totalBytes: 1.67493e+10 freeBytes: 5.84812e+09 memoryUsage(MB): 10396.2 / 15973.4
2026-03-04 16:10:38.304 [DEBUG] [SystemMonitor] cpuUsage: 50.6361 cpuTemp: 62.8 memUsed(MB): 10396.2 / 15973.4 diskUsed(GB): 45.28 / 57.9994
2026-03-04 16:10:39.287 [DEBUG] [SystemMonitor] (sysinfo) totalBytes: 1.67493e+10 freeBytes: 5.85015e+09 memoryUsage(MB): 10394.3 / 15973.4
2026-03-04 16:10:39.297 [DEBUG] [SystemMonitor] cpuUsage: 53.2134 cpuTemp: 61.7 memUsed(MB): 10394.3 / 15973.4 diskUsed(GB): 45.28 / 57.9994
2026-03-04 16:10:40.287 [DEBUG] [SystemMonitor] (sysinfo) totalBytes: 1.67493e+10 freeBytes: 5.84404e+09 memoryUsage(MB): 10400.1 / 15973.4
2026-03-04 16:10:40.295 [DEBUG] [SystemMonitor] cpuUsage: 71.3924 cpuTemp: 63.35 memUsed(MB): 10400.1 / 15973.4 diskUsed(GB): 45.28 / 57.9994
2026-03-04 16:10:41.287 [DEBUG] [SystemMonitor] (sysinfo) totalBytes: 1.67493e+10 freeBytes: 5.85617e+09 memoryUsage(MB): 10388.5 / 15973.4
2026-03-04 16:10:41.299 [DEBUG] [SystemMonitor] cpuUsage: 38.6189 cpuTemp: 62.8 memUsed(MB): 10388.5 / 15973.4 diskUsed(GB): 45.28 / 57.9994
2026-03-04 16:10:42.287 [DEBUG] [SystemMonitor] (sysinfo) totalBytes: 1.67493e+10 freeBytes: 5.8579e+09 memoryUsage(MB): 10386.9 / 15973.4
2026-03-04 16:10:42.294 [DEBUG] [SystemMonitor] cpuUsage: 46.2725 cpuTemp: 62.25 memUsed(MB): 10386.9 / 15973.4 diskUsed(GB): 45.28 / 57.9994
2026-03-04 16:10:43.287 [DEBUG] [SystemMonitor] (sysinfo) totalBytes: 1.67493e+10 freeBytes: 5.87078e+09 memoryUsage(MB): 10374.6 / 15973.4
2026-03-04 16:10:43.308 [DEBUG] [SystemMonitor] cpuUsage: 47.1939 cpuTemp: 62.8 memUsed(MB): 10374.6 / 15973.4 diskUsed(GB): 45.28 / 57.9994
2026-03-04 16:10:44.289 [DEBUG] [SystemMonitor] (sysinfo) totalBytes: 1.67493e+10 freeBytes: 5.86958e+09 memoryUsage(MB): 10375.7 / 15973.4
2026-03-04 16:10:44.296 [DEBUG] [SystemMonitor] cpuUsage: 44.757 cpuTemp: 62.25 memUsed(MB): 10375.7 / 15973.4 diskUsed(GB): 45.28 / 57.9994
2026-03-04 16:10:45.287 [DEBUG] [SystemMonitor] (sysinfo) totalBytes: 1.67493e+10 freeBytes: 5.86252e+09 memoryUsage(MB): 10382.5 / 15973.4
2026-03-04 16:10:45.294 [DEBUG] [SystemMonitor] cpuUsage: 64.9746 cpuTemp: 64.45 memUsed(MB): 10382.5 / 15973.4 diskUsed(GB): 45.28 / 57.9994
2026-03-04 16:10:46.289 [DEBUG] [SystemMonitor] (sysinfo) totalBytes: 1.67493e+10 freeBytes: 5.85282e+09 memoryUsage(MB): 10391.7 / 15973.4
2026-03-04 16:10:46.303 [DEBUG] [SystemMonitor] cpuUsage: 85.6061 cpuTemp: 65 memUsed(MB): 10391.7 / 15973.4 diskUsed(GB): 45.28 / 57.9994
2026-03-04 16:10:47.288 [DEBUG] [SystemMonitor] (sysinfo) totalBytes: 1.67493e+10 freeBytes: 5.85595e+09 memoryUsage(MB): 10388.7 / 15973.4
2026-03-04 16:10:47.302 [DEBUG] [SystemMonitor] cpuUsage: 71.9388 cpuTemp: 64.45 memUsed(MB): 10388.7 / 15973.4 diskUsed(GB): 45.28 / 57.9994
2026-03-04 16:10:48.287 [DEBUG] [SystemMonitor] (sysinfo) totalBytes: 1.67493e+10 freeBytes: 5.85653e+09 memoryUsage(MB): 10388.2 / 15973.4
2026-03-04 16:10:48.296 [DEBUG] [SystemMonitor] cpuUsage: 46.3291 cpuTemp: 62.8 memUsed(MB): 10388.2 / 15973.4 diskUsed(GB): 45.28 / 57.9994
2026-03-04 16:10:49.287 [DEBUG] [SystemMonitor] (sysinfo) totalBytes: 1.67493e+10 freeBytes: 5.86269e+09 memoryUsage(MB): 10382.3 / 15973.4
2026-03-04 16:10:49.292 [DEBUG] [SystemMonitor] cpuUsage: 52.1739 cpuTemp: 64.45 memUsed(MB): 10382.3 / 15973.4 diskUsed(GB): 45.28 / 57.9994
2026-03-04 16:10:50.288 [DEBUG] [SystemMonitor] (sysinfo) totalBytes: 1.67493e+10 freeBytes: 5.86171e+09 memoryUsage(MB): 10383.2 / 15973.4
2026-03-04 16:10:50.297 [DEBUG] [SystemMonitor] cpuUsage: 60.6684 cpuTemp: 65.55 memUsed(MB): 10383.2 / 15973.4 diskUsed(GB): 45.28 / 57.9994
2026-03-04 16:10:51.287 [DEBUG] [SystemMonitor] (sysinfo) totalBytes: 1.67493e+10 freeBytes: 5.85789e+09 memoryUsage(MB): 10386.9 / 15973.4
2026-03-04 16:10:51.294 [DEBUG] [SystemMonitor] cpuUsage: 58.5678 cpuTemp: 65.55 memUsed(MB): 10386.9 / 15973.4 diskUsed(GB): 45.28 / 57.9994
2026-03-04 16:10:52.291 [DEBUG] [SystemMonitor] (sysinfo) totalBytes: 1.67493e+10 freeBytes: 5.85225e+09 memoryUsage(MB): 10392.3 / 15973.4
2026-03-04 16:10:52.312 [DEBUG] [SystemMonitor] cpuUsage: 83.8384 cpuTemp: 65 memUsed(MB): 10392.3 / 15973.4 diskUsed(GB): 45.28 / 57.9994
2026-03-04 16:10:53.291 [DEBUG] [SystemMonitor] (sysinfo) totalBytes: 1.67493e+10 freeBytes: 5.87174e+09 memoryUsage(MB): 10373.7 / 15973.4
2026-03-04 16:10:53.305 [DEBUG] [SystemMonitor] cpuUsage: 63.7056 cpuTemp: 63.9 memUsed(MB): 10373.7 / 15973.4 diskUsed(GB): 45.28 / 57.9994
2026-03-04 16:10:54.288 [DEBUG] [SystemMonitor] (sysinfo) totalBytes: 1.67493e+10 freeBytes: 5.80777e+09 memoryUsage(MB): 10434.7 / 15973.4
2026-03-04 16:10:54.323 [DEBUG] [SystemMonitor] cpuUsage: 74.6835 cpuTemp: 64.45 memUsed(MB): 10434.7 / 15973.4 diskUsed(GB): 45.28 / 57.9994
2026-03-04 16:10:55.287 [DEBUG] [SystemMonitor] (sysinfo) totalBytes: 1.67493e+10 freeBytes: 5.81634e+09 memoryUsage(MB): 10426.5 / 15973.4
2026-03-04 16:10:55.292 [DEBUG] [SystemMonitor] cpuUsage: 70.4835 cpuTemp: 65.55 memUsed(MB): 10426.5 / 15973.4 diskUsed(GB): 45.28 / 57.9994
2026-03-04 16:10:56.288 [DEBUG] [SystemMonitor] (sysinfo) totalBytes: 1.67493e+10 freeBytes: 5.82536e+09 memoryUsage(MB): 10417.9 / 15973.4
2026-03-04 16:10:56.296 [DEBUG] [SystemMonitor] cpuUsage: 54.3147 cpuTemp: 65 memUsed(MB): 10417.9 / 15973.4 diskUsed(GB): 45.28 / 57.9994
2026-03-04 16:10:57.289 [DEBUG] [SystemMonitor] (sysinfo) totalBytes: 1.67493e+10 freeBytes: 5.82772e+09 memoryUsage(MB): 10415.7 / 15973.4
2026-03-04 16:10:57.299 [DEBUG] [SystemMonitor] cpuUsage: 57.1429 cpuTemp: 64.45 memUsed(MB): 10415.7 / 15973.4 diskUsed(GB): 45.28 / 57.9994
2026-03-04 16:10:58.288 [DEBUG] [SystemMonitor] (sysinfo) totalBytes: 1.67493e+10 freeBytes: 5.80579e+09 memoryUsage(MB): 10436.6 / 15973.4
2026-03-04 16:10:58.313 [DEBUG] [SystemMonitor] cpuUsage: 86.0759 cpuTemp: 65.55 memUsed(MB): 10436.6 / 15973.4 diskUsed(GB): 45.28 / 57.9994
2026-03-04 16:10:59.288 [DEBUG] [SystemMonitor] (sysinfo) totalBytes: 1.67493e+10 freeBytes: 5.80172e+09 memoryUsage(MB): 10440.5 / 15973.4
2026-03-04 16:10:59.298 [DEBUG] [SystemMonitor] cpuUsage: 79.5455 cpuTemp: 65 memUsed(MB): 10440.5 / 15973.4 diskUsed(GB): 45.28 / 57.9994
2026-03-04 16:11:00.287 [DEBUG] [SystemMonitor] (sysinfo) totalBytes: 1.67493e+10 freeBytes: 5.7994e+09 memoryUsage(MB): 10442.7 / 15973.4
2026-03-04 16:11:00.295 [DEBUG] [SystemMonitor] cpuUsage: 49.4898 cpuTemp: 64.45 memUsed(MB): 10442.7 / 15973.4 diskUsed(GB): 45.28 / 57.9994
2026-03-04 16:11:01.287 [DEBUG] [SystemMonitor] (sysinfo) totalBytes: 1.67493e+10 freeBytes: 5.79818e+09 memoryUsage(MB): 10443.8 / 15973.4
2026-03-04 16:11:01.294 [DEBUG] [SystemMonitor] cpuUsage: 83.715 cpuTemp: 66.65 memUsed(MB): 10443.8 / 15973.4 diskUsed(GB): 45.28 / 57.9994
2026-03-04 16:11:02.288 [DEBUG] [SystemMonitor] (sysinfo) totalBytes: 1.67493e+10 freeBytes: 5.79965e+09 memoryUsage(MB): 10442.4 / 15973.4
2026-03-04 16:11:02.312 [DEBUG] [SystemMonitor] cpuUsage: 51.2821 cpuTemp: 65.55 memUsed(MB): 10442.4 / 15973.4 diskUsed(GB): 45.28 / 57.9994
2026-03-04 16:11:03.287 [DEBUG] [SystemMonitor] (sysinfo) totalBytes: 1.67493e+10 freeBytes: 5.80188e+09 memoryUsage(MB): 10440.3 / 15973.4
2026-03-04 16:11:03.292 [DEBUG] [SystemMonitor] cpuUsage: 61.4796 cpuTemp: 66.1 memUsed(MB): 10440.3 / 15973.4 diskUsed(GB): 45.28 / 57.9994
2026-03-04 16:11:04.289 [DEBUG] [SystemMonitor] (sysinfo) totalBytes: 1.67493e+10 freeBytes: 5.80121e+09 memoryUsage(MB): 10440.9 / 15973.4
2026-03-04 16:11:04.299 [DEBUG] [SystemMonitor] cpuUsage: 53.3333 cpuTemp: 65.55 memUsed(MB): 10440.9 / 15973.4 diskUsed(GB): 45.28 / 57.9994
2026-03-04 16:11:05.288 [DEBUG] [SystemMonitor] (sysinfo) totalBytes: 1.67493e+10 freeBytes: 5.79303e+09 memoryUsage(MB): 10448.7 / 15973.4
2026-03-04 16:11:05.292 [DEBUG] [SystemMonitor] cpuUsage: 40.9207 cpuTemp: 65 memUsed(MB): 10448.7 / 15973.4 diskUsed(GB): 45.28 / 57.9994
2026-03-04 16:11:06.288 [DEBUG] [SystemMonitor] (sysinfo) totalBytes: 1.67493e+10 freeBytes: 5.78781e+09 memoryUsage(MB): 10453.7 / 15973.4
2026-03-04 16:11:06.296 [DEBUG] [SystemMonitor] cpuUsage: 26.2626 cpuTemp: 63.35 memUsed(MB): 10453.7 / 15973.4 diskUsed(GB): 45.28 / 57.9994
2026-03-04 16:11:07.287 [DEBUG] [SystemMonitor] (sysinfo) totalBytes: 1.67493e+10 freeBytes: 5.8257e+09 memoryUsage(MB): 10417.6 / 15973.4
2026-03-04 16:11:07.292 [DEBUG] [SystemMonitor] cpuUsage: 18.8917 cpuTemp: 61.7 memUsed(MB): 10417.6 / 15973.4 diskUsed(GB): 45.28 / 57.9994
2026-03-04 16:11:08.287 [DEBUG] [SystemMonitor] (sysinfo) totalBytes: 1.67493e+10 freeBytes: 5.83758e+09 memoryUsage(MB): 10406.3 / 15973.4
2026-03-04 16:11:08.292 [DEBUG] [SystemMonitor] cpuUsage: 5.54156 cpuTemp: 61.7 memUsed(MB): 10406.3 / 15973.4 diskUsed(GB): 45.28 / 57.9994
2026-03-04 16:11:09.287 [DEBUG] [SystemMonitor] (sysinfo) totalBytes: 1.67493e+10 freeBytes: 5.84666e+09 memoryUsage(MB): 10397.6 / 15973.4
2026-03-04 16:11:09.292 [DEBUG] [SystemMonitor] cpuUsage: 6.80101 cpuTemp: 61.15 memUsed(MB): 10397.6 / 15973.4 diskUsed(GB): 45.28 / 57.9994
2026-03-04 16:11:10.287 [DEBUG] [SystemMonitor] (sysinfo) totalBytes: 1.67493e+10 freeBytes: 5.85273e+09 memoryUsage(MB): 10391.8 / 15973.4
2026-03-04 16:11:10.292 [DEBUG] [SystemMonitor] cpuUsage: 7.26817 cpuTemp: 61.15 memUsed(MB): 10391.8 / 15973.4 diskUsed(GB): 45.28 / 57.9994
2026-03-04 16:11:11.287 [DEBUG] [SystemMonitor] (sysinfo) totalBytes: 1.67493e+10 freeBytes: 5.84499e+09 memoryUsage(MB): 10399.2 / 15973.4
2026-03-04 16:11:11.291 [DEBUG] [SystemMonitor] cpuUsage: 10.5793 cpuTemp: 61.15 memUsed(MB): 10399.2 / 15973.4 diskUsed(GB): 45.28 / 57.9994
2026-03-04 16:11:12.287 [DEBUG] [SystemMonitor] (sysinfo) totalBytes: 1.67493e+10 freeBytes: 5.84634e+09 memoryUsage(MB): 10397.9 / 15973.4
2026-03-04 16:11:12.292 [DEBUG] [SystemMonitor] cpuUsage: 5.54156 cpuTemp: 60.05 memUsed(MB): 10397.9 / 15973.4 diskUsed(GB): 45.28 / 57.9994
2026-03-04 16:11:13.288 [DEBUG] [SystemMonitor] (sysinfo) totalBytes: 1.67493e+10 freeBytes: 5.84453e+09 memoryUsage(MB): 10399.6 / 15973.4
2026-03-04 16:11:13.292 [DEBUG] [SystemMonitor] cpuUsage: 5.77889 cpuTemp: 61.7 memUsed(MB): 10399.6 / 15973.4 diskUsed(GB): 45.28 / 57.9994
2026-03-04 16:11:14.287 [DEBUG] [SystemMonitor] (sysinfo) totalBytes: 1.67493e+10 freeBytes: 5.84401e+09 memoryUsage(MB): 10400.1 / 15973.4
2026-03-04 16:11:14.293 [DEBUG] [SystemMonitor] cpuUsage: 5.77889 cpuTemp: 58.95 memUsed(MB): 10400.1 / 15973.4 diskUsed(GB): 45.28 / 57.9994
2026-03-04 16:11:15.287 [DEBUG] [SystemMonitor] (sysinfo) totalBytes: 1.67493e+10 freeBytes: 5.85202e+09 memoryUsage(MB): 10392.5 / 15973.4
2026-03-04 16:11:15.292 [DEBUG] [SystemMonitor] cpuUsage: 6.28141 cpuTemp: 61.7 memUsed(MB): 10392.5 / 15973.4 diskUsed(GB): 45.28 / 57.9994
2026-03-04 16:11:16.287 [DEBUG] [SystemMonitor] (sysinfo) totalBytes: 1.67493e+10 freeBytes: 5.84217e+09 memoryUsage(MB): 10401.9 / 15973.4
2026-03-04 16:11:16.292 [DEBUG] [SystemMonitor] cpuUsage: 11.0831 cpuTemp: 60.6 memUsed(MB): 10401.9 / 15973.4 diskUsed(GB): 45.28 / 57.9994
2026-03-04 16:11:17.287 [DEBUG] [SystemMonitor] (sysinfo) totalBytes: 1.67493e+10 freeBytes: 5.84139e+09 memoryUsage(MB): 10402.6 / 15973.4
2026-03-04 16:11:17.292 [DEBUG] [SystemMonitor] cpuUsage: 5.52764 cpuTemp: 58.4 memUsed(MB): 10402.6 / 15973.4 diskUsed(GB): 45.28 / 57.9994
2026-03-04 16:11:18.287 [DEBUG] [SystemMonitor] (sysinfo) totalBytes: 1.67493e+10 freeBytes: 5.83933e+09 memoryUsage(MB): 10404.6 / 15973.4
2026-03-04 16:11:18.294 [DEBUG] [SystemMonitor] cpuUsage: 6.03015 cpuTemp: 59.5 memUsed(MB): 10404.6 / 15973.4 diskUsed(GB): 45.28 / 57.9994
2026-03-04 16:11:19.287 [DEBUG] [SystemMonitor] (sysinfo) totalBytes: 1.67493e+10 freeBytes: 5.8391e+09 memoryUsage(MB): 10404.8 / 15973.4
2026-03-04 16:11:19.292 [DEBUG] [SystemMonitor] cpuUsage: 6.04534 cpuTemp: 58.95 memUsed(MB): 10404.8 / 15973.4 diskUsed(GB): 45.28 / 57.9994
2026-03-04 16:11:20.287 [DEBUG] [SystemMonitor] (sysinfo) totalBytes: 1.67493e+10 freeBytes: 5.83807e+09 memoryUsage(MB): 10405.8 / 15973.4
2026-03-04 16:11:20.292 [DEBUG] [SystemMonitor] cpuUsage: 5.03778 cpuTemp: 58.95 memUsed(MB): 10405.8 / 15973.4 diskUsed(GB): 45.28 / 57.9994
2026-03-04 16:11:21.287 [DEBUG] [SystemMonitor] (sysinfo) totalBytes: 1.67493e+10 freeBytes: 5.83677e+09 memoryUsage(MB): 10407 / 15973.4
2026-03-04 16:11:21.292 [DEBUG] [SystemMonitor] cpuUsage: 11.5869 cpuTemp: 60.05 memUsed(MB): 10407 / 15973.4 diskUsed(GB): 45.28 / 57.9994
2026-03-04 16:11:22.287 [DEBUG] [SystemMonitor] (sysinfo) totalBytes: 1.67493e+10 freeBytes: 5.83677e+09 memoryUsage(MB): 10407 / 15973.4
2026-03-04 16:11:22.291 [DEBUG] [SystemMonitor] cpuUsage: 5.52764 cpuTemp: 60.05 memUsed(MB): 10407 / 15973.4 diskUsed(GB): 45.28 / 57.9994
2026-03-04 16:11:23.287 [DEBUG] [SystemMonitor] (sysinfo) totalBytes: 1.67493e+10 freeBytes: 5.81118e+09 memoryUsage(MB): 10431.4 / 15973.4
2026-03-04 16:11:23.291 [DEBUG] [SystemMonitor] cpuUsage: 11.809 cpuTemp: 61.15 memUsed(MB): 10431.4 / 15973.4 diskUsed(GB): 45.28 / 57.9994
2026-03-04 16:11:24.287 [DEBUG] [SystemMonitor] (sysinfo) totalBytes: 1.67493e+10 freeBytes: 5.78565e+09 memoryUsage(MB): 10455.8 / 15973.4
2026-03-04 16:11:24.292 [DEBUG] [SystemMonitor] cpuUsage: 42.0253 cpuTemp: 59.5 memUsed(MB): 10455.8 / 15973.4 diskUsed(GB): 45.28 / 57.9994
2026-03-04 16:11:25.287 [DEBUG] [SystemMonitor] (sysinfo) totalBytes: 1.67493e+10 freeBytes: 5.78722e+09 memoryUsage(MB): 10454.3 / 15973.4
2026-03-04 16:11:25.292 [DEBUG] [SystemMonitor] cpuUsage: 6.01504 cpuTemp: 60.05 memUsed(MB): 10454.3 / 15973.4 diskUsed(GB): 45.28 / 57.9994
2026-03-04 16:11:26.287 [DEBUG] [SystemMonitor] (sysinfo) totalBytes: 1.67493e+10 freeBytes: 5.80154e+09 memoryUsage(MB): 10440.6 / 15973.4
2026-03-04 16:11:26.292 [DEBUG] [SystemMonitor] cpuUsage: 11.5288 cpuTemp: 60.6 memUsed(MB): 10440.6 / 15973.4 diskUsed(GB): 45.28 / 57.9994
2026-03-04 16:11:27.287 [DEBUG] [SystemMonitor] (sysinfo) totalBytes: 1.67493e+10 freeBytes: 5.8108e+09 memoryUsage(MB): 10431.8 / 15973.4
2026-03-04 16:11:27.292 [DEBUG] [SystemMonitor] cpuUsage: 8.31234 cpuTemp: 60.05 memUsed(MB): 10431.8 / 15973.4 diskUsed(GB): 45.28 / 57.9994
2026-03-04 16:11:28.287 [DEBUG] [SystemMonitor] (sysinfo) totalBytes: 1.67493e+10 freeBytes: 5.812e+09 memoryUsage(MB): 10430.6 / 15973.4
2026-03-04 16:11:28.292 [DEBUG] [SystemMonitor] cpuUsage: 7.55668 cpuTemp: 60.05 memUsed(MB): 10430.6 / 15973.4 diskUsed(GB): 45.28 / 57.9994
2026-03-04 16:11:29.287 [DEBUG] [SystemMonitor] (sysinfo) totalBytes: 1.67493e+10 freeBytes: 5.81031e+09 memoryUsage(MB): 10432.3 / 15973.4
2026-03-04 16:11:29.291 [DEBUG] [SystemMonitor] cpuUsage: 5.75 cpuTemp: 59.5 memUsed(MB): 10432.3 / 15973.4 diskUsed(GB): 45.28 / 57.9994
2026-03-04 16:11:30.287 [DEBUG] [SystemMonitor] (sysinfo) totalBytes: 1.67493e+10 freeBytes: 5.80887e+09 memoryUsage(MB): 10433.6 / 15973.4
2026-03-04 16:11:30.292 [DEBUG] [SystemMonitor] cpuUsage: 12.0907 cpuTemp: 60.05 memUsed(MB): 10433.6 / 15973.4 diskUsed(GB): 45.28 / 57.9994
2026-03-04 16:11:31.287 [DEBUG] [SystemMonitor] (sysinfo) totalBytes: 1.67493e+10 freeBytes: 5.80887e+09 memoryUsage(MB): 10433.6 / 15973.4
2026-03-04 16:11:31.292 [DEBUG] [SystemMonitor] cpuUsage: 10.3015 cpuTemp: 58.4 memUsed(MB): 10433.6 / 15973.4 diskUsed(GB): 45.28 / 57.9994
2026-03-04 16:11:32.287 [DEBUG] [SystemMonitor] (sysinfo) totalBytes: 1.67493e+10 freeBytes: 5.80448e+09 memoryUsage(MB): 10437.8 / 15973.4
2026-03-04 16:11:32.292 [DEBUG] [SystemMonitor] cpuUsage: 5.28967 cpuTemp: 59.5 memUsed(MB): 10437.8 / 15973.4 diskUsed(GB): 45.28 / 57.9994
2026-03-04 16:11:33.287 [DEBUG] [SystemMonitor] (sysinfo) totalBytes: 1.67493e+10 freeBytes: 5.80423e+09 memoryUsage(MB): 10438.1 / 15973.4
2026-03-04 16:11:33.292 [DEBUG] [SystemMonitor] cpuUsage: 5.30303 cpuTemp: 59.5 memUsed(MB): 10438.1 / 15973.4 diskUsed(GB): 45.28 / 57.9994
2026-03-04 16:11:34.287 [DEBUG] [SystemMonitor] (sysinfo) totalBytes: 1.67493e+10 freeBytes: 5.80224e+09 memoryUsage(MB): 10440 / 15973.4
2026-03-04 16:11:34.291 [DEBUG] [SystemMonitor] cpuUsage: 6.80101 cpuTemp: 58.4 memUsed(MB): 10440 / 15973.4 diskUsed(GB): 45.28 / 57.9994
2026-03-04 16:11:35.288 [DEBUG] [SystemMonitor] (sysinfo) totalBytes: 1.67493e+10 freeBytes: 5.80172e+09 memoryUsage(MB): 10440.5 / 15973.4
2026-03-04 16:11:35.292 [DEBUG] [SystemMonitor] cpuUsage: 5.26316 cpuTemp: 59.5 memUsed(MB): 10440.5 / 15973.4 diskUsed(GB): 45.28 / 57.9994
2026-03-04 16:11:36.287 [DEBUG] [SystemMonitor] (sysinfo) totalBytes: 1.67493e+10 freeBytes: 5.81135e+09 memoryUsage(MB): 10431.3 / 15973.4
2026-03-04 16:11:36.292 [DEBUG] [SystemMonitor] cpuUsage: 12.3737 cpuTemp: 58.95 memUsed(MB): 10431.3 / 15973.4 diskUsed(GB): 45.28 / 57.9994
2026-03-04 16:11:37.287 [DEBUG] [SystemMonitor] (sysinfo) totalBytes: 1.67493e+10 freeBytes: 5.81135e+09 memoryUsage(MB): 10431.3 / 15973.4
2026-03-04 16:11:37.292 [DEBUG] [SystemMonitor] cpuUsage: 6.03015 cpuTemp: 58.4 memUsed(MB): 10431.3 / 15973.4 diskUsed(GB): 45.28 / 57.9994
2026-03-04 16:11:38.287 [DEBUG] [SystemMonitor] (sysinfo) totalBytes: 1.67493e+10 freeBytes: 5.81371e+09 memoryUsage(MB): 10429 / 15973.4
2026-03-04 16:11:38.292 [DEBUG] [SystemMonitor] cpuUsage: 4.77387 cpuTemp: 58.4 memUsed(MB): 10429 / 15973.4 diskUsed(GB): 45.28 / 57.9994
2026-03-04 16:11:39.287 [DEBUG] [SystemMonitor] (sysinfo) totalBytes: 1.67493e+10 freeBytes: 5.81371e+09 memoryUsage(MB): 10429 / 15973.4
2026-03-04 16:11:39.292 [DEBUG] [SystemMonitor] cpuUsage: 7.0529 cpuTemp: 58.95 memUsed(MB): 10429 / 15973.4 diskUsed(GB): 45.28 / 57.9994
2026-03-04 16:11:40.287 [DEBUG] [SystemMonitor] (sysinfo) totalBytes: 1.67493e+10 freeBytes: 5.93816e+09 memoryUsage(MB): 10310.3 / 15973.4
2026-03-04 16:11:40.291 [DEBUG] [SystemMonitor] cpuUsage: 33.5013 cpuTemp: 60.6 memUsed(MB): 10310.3 / 15973.4 diskUsed(GB): 45.28 / 57.9994
2026-03-04 16:11:41.288 [DEBUG] [SystemMonitor] (sysinfo) totalBytes: 1.67493e+10 freeBytes: 5.94337e+09 memoryUsage(MB): 10305.4 / 15973.4
2026-03-04 16:11:41.292 [DEBUG] [SystemMonitor] cpuUsage: 11.335 cpuTemp: 57.85 memUsed(MB): 10305.4 / 15973.4 diskUsed(GB): 45.28 / 57.9994
2026-03-04 16:11:42.287 [DEBUG] [SystemMonitor] (sysinfo) totalBytes: 1.67493e+10 freeBytes: 5.94287e+09 memoryUsage(MB): 10305.8 / 15973.4
2026-03-04 16:11:42.291 [DEBUG] [SystemMonitor] cpuUsage: 19.4937 cpuTemp: 58.95 memUsed(MB): 10305.8 / 15973.4 diskUsed(GB): 45.28 / 57.9994
2026-03-04 16:11:43.287 [DEBUG] [SystemMonitor] (sysinfo) totalBytes: 1.67493e+10 freeBytes: 5.94329e+09 memoryUsage(MB): 10305.4 / 15973.4
2026-03-04 16:11:43.292 [DEBUG] [SystemMonitor] cpuUsage: 21.6837 cpuTemp: 59.5 memUsed(MB): 10305.4 / 15973.4 diskUsed(GB): 45.28 / 57.9994
2026-03-04 16:11:44.287 [DEBUG] [SystemMonitor] (sysinfo) totalBytes: 1.67493e+10 freeBytes: 5.93478e+09 memoryUsage(MB): 10313.6 / 15973.4
2026-03-04 16:11:44.292 [DEBUG] [SystemMonitor] cpuUsage: 7.28643 cpuTemp: 58.4 memUsed(MB): 10313.6 / 15973.4 diskUsed(GB): 45.28 / 57.9994
2026-03-04 16:11:45.287 [DEBUG] [SystemMonitor] (sysinfo) totalBytes: 1.67493e+10 freeBytes: 5.934e+09 memoryUsage(MB): 10314.3 / 15973.4
2026-03-04 16:11:45.292 [DEBUG] [SystemMonitor] cpuUsage: 7.03518 cpuTemp: 57.85 memUsed(MB): 10314.3 / 15973.4 diskUsed(GB): 45.28 / 57.9994
2026-03-04 16:11:46.287 [DEBUG] [SystemMonitor] (sysinfo) totalBytes: 1.67493e+10 freeBytes: 5.93286e+09 memoryUsage(MB): 10315.4 / 15973.4
2026-03-04 16:11:46.292 [DEBUG] [SystemMonitor] cpuUsage: 22.67 cpuTemp: 59.5 memUsed(MB): 10315.4 / 15973.4 diskUsed(GB): 45.28 / 57.9994
2026-03-04 16:11:47.287 [DEBUG] [SystemMonitor] (sysinfo) totalBytes: 1.67493e+10 freeBytes: 5.93054e+09 memoryUsage(MB): 10317.6 / 15973.4
2026-03-04 16:11:47.291 [DEBUG] [SystemMonitor] cpuUsage: 6.53266 cpuTemp: 58.4 memUsed(MB): 10317.6 / 15973.4 diskUsed(GB): 45.28 / 57.9994
2026-03-04 16:11:48.287 [DEBUG] [SystemMonitor] (sysinfo) totalBytes: 1.67493e+10 freeBytes: 5.93667e+09 memoryUsage(MB): 10311.8 / 15973.4
2026-03-04 16:11:48.292 [DEBUG] [SystemMonitor] cpuUsage: 7.08861 cpuTemp: 58.4 memUsed(MB): 10311.8 / 15973.4 diskUsed(GB): 45.28 / 57.9994
2026-03-04 16:11:49.287 [DEBUG] [SystemMonitor] (sysinfo) totalBytes: 1.67493e+10 freeBytes: 5.94825e+09 memoryUsage(MB): 10300.7 / 15973.4
2026-03-04 16:11:49.292 [DEBUG] [SystemMonitor] cpuUsage: 31.5657 cpuTemp: 60.6 memUsed(MB): 10300.7 / 15973.4 diskUsed(GB): 45.28 / 57.9994
2026-03-04 16:11:50.287 [DEBUG] [SystemMonitor] (sysinfo) totalBytes: 1.67493e+10 freeBytes: 5.94285e+09 memoryUsage(MB): 10305.9 / 15973.4
2026-03-04 16:11:50.300 [DEBUG] [SystemMonitor] cpuUsage: 21.0127 cpuTemp: 61.15 memUsed(MB): 10305.9 / 15973.4 diskUsed(GB): 45.28 / 57.9994
2026-03-04 16:11:51.289 [DEBUG] [SystemMonitor] (sysinfo) totalBytes: 1.67493e+10 freeBytes: 5.93895e+09 memoryUsage(MB): 10309.6 / 15973.4
2026-03-04 16:11:51.298 [DEBUG] [SystemMonitor] cpuUsage: 33.2487 cpuTemp: 60.05 memUsed(MB): 10309.6 / 15973.4 diskUsed(GB): 45.28 / 57.9994
2026-03-04 16:11:52.286 [DEBUG] [SystemMonitor] (sysinfo) totalBytes: 1.67493e+10 freeBytes: 5.93895e+09 memoryUsage(MB): 10309.6 / 15973.4
2026-03-04 16:11:52.292 [DEBUG] [SystemMonitor] cpuUsage: 24.9364 cpuTemp: 59.5 memUsed(MB): 10309.6 / 15973.4 diskUsed(GB): 45.28 / 57.9994
2026-03-04 16:11:53.287 [DEBUG] [SystemMonitor] (sysinfo) totalBytes: 1.67493e+10 freeBytes: 5.94548e+09 memoryUsage(MB): 10303.4 / 15973.4
2026-03-04 16:11:53.291 [DEBUG] [SystemMonitor] cpuUsage: 22.4747 cpuTemp: 60.05 memUsed(MB): 10303.4 / 15973.4 diskUsed(GB): 45.28 / 57.9994
2026-03-04 16:11:54.287 [DEBUG] [SystemMonitor] (sysinfo) totalBytes: 1.67493e+10 freeBytes: 5.94908e+09 memoryUsage(MB): 10299.9 / 15973.4
2026-03-04 16:11:54.293 [DEBUG] [SystemMonitor] cpuUsage: 7.30479 cpuTemp: 58.4 memUsed(MB): 10299.9 / 15973.4 diskUsed(GB): 45.28 / 57.9994
2026-03-04 16:11:55.287 [DEBUG] [SystemMonitor] (sysinfo) totalBytes: 1.67493e+10 freeBytes: 5.94702e+09 memoryUsage(MB): 10301.9 / 15973.4
2026-03-04 16:11:55.292 [DEBUG] [SystemMonitor] cpuUsage: 6.76692 cpuTemp: 59.5 memUsed(MB): 10301.9 / 15973.4 diskUsed(GB): 45.28 / 57.9994
2026-03-04 16:11:56.287 [DEBUG] [SystemMonitor] (sysinfo) totalBytes: 1.67493e+10 freeBytes: 5.93974e+09 memoryUsage(MB): 10308.8 / 15973.4
2026-03-04 16:11:56.292 [DEBUG] [SystemMonitor] cpuUsage: 14.467 cpuTemp: 58.95 memUsed(MB): 10308.8 / 15973.4 diskUsed(GB): 45.28 / 57.9994
2026-03-04 16:11:57.287 [DEBUG] [SystemMonitor] (sysinfo) totalBytes: 1.67493e+10 freeBytes: 5.93691e+09 memoryUsage(MB): 10311.5 / 15973.4
2026-03-04 16:11:57.294 [DEBUG] [SystemMonitor] cpuUsage: 9.79899 cpuTemp: 58.95 memUsed(MB): 10311.5 / 15973.4 diskUsed(GB): 45.28 / 57.9994
2026-03-04 16:12:13.572 [WARN] qrc:/Main.qml:3141:13: QML Dialog: Binding loop detected for property "implicitWidth":
qrc:/qt-project.org/imports/QtQuick/Controls/Fusion/Dialog.qml:14:5
2026-03-04 16:12:13.573 [WARN] qrc:/Main.qml:3141:13: QML Dialog: Binding loop detected for property "implicitWidth":
qrc:/qt-project.org/imports/QtQuick/Controls/Fusion/Dialog.qml:14:5
2026-03-04 16:12:13.586 [DEBUG] 找到模型文件: "/media/linxi-ice-2/CCCOMA_X64FRE_ZH-CN_DV9/test1/c_system_formal/NIR_system_formal/host_computer/predictor_train/pytorch_predictor/spectrum_model.jit"
2026-03-04 16:12:13.730 [DEBUG] 找到模型文件: "/media/linxi-ice-2/CCCOMA_X64FRE_ZH-CN_DV9/test1/c_system_formal/NIR_system_formal/host_computer/predictor_train/pytorch_predictor/spectrum_model.jit"
2026-03-04 16:12:13.775 [DEBUG] PyTorch 模型加载成功: /media/linxi-ice-2/CCCOMA_X64FRE_ZH-CN_DV9/test1/c_system_formal/NIR_system_formal/host_computer/predictor_train/pytorch_predictor/spectrum_model.jit
2026-03-04 16:12:13.784 [DEBUG] 模型加载成功: "/media/linxi-ice-2/CCCOMA_X64FRE_ZH-CN_DV9/test1/c_system_formal/NIR_system_formal/host_computer/predictor_train/pytorch_predictor/spectrum_model.jit" 预测器: "PyTorch 神经网络预测器"
2026-03-04 16:12:14.230 [DEBUG] [SystemMonitor] (sysinfo) totalBytes: 1.67493e+10 freeBytes: 6.03317e+09 memoryUsage(MB): 10219.7 / 15973.4
2026-03-04 16:12:14.240 [DEBUG] [SystemMonitor] cpuUsage: 0 cpuTemp: 58.4 memUsed(MB): 10219.7 / 15973.4 diskUsed(GB): 45.2848 / 57.9994
2026-03-04 16:12:15.280 [DEBUG] [SystemMonitor] (sysinfo) totalBytes: 1.67493e+10 freeBytes: 6.03471e+09 memoryUsage(MB): 10218.3 / 15973.4
2026-03-04 16:12:15.291 [DEBUG] [SystemMonitor] cpuUsage: 6.20525 cpuTemp: 58.95 memUsed(MB): 10218.3 / 15973.4 diskUsed(GB): 45.2848 / 57.9994
2026-03-04 16:12:16.287 [DEBUG] [SystemMonitor] (sysinfo) totalBytes: 1.67493e+10 freeBytes: 6.03495e+09 memoryUsage(MB): 10218 / 15973.4
2026-03-04 16:12:16.319 [DEBUG] [SystemMonitor] cpuUsage: 14.0704 cpuTemp: 60.05 memUsed(MB): 10218 / 15973.4 diskUsed(GB): 45.2848 / 57.9994
2026-03-04 16:12:17.288 [DEBUG] [SystemMonitor] (sysinfo) totalBytes: 1.67493e+10 freeBytes: 6.0372e+09 memoryUsage(MB): 10215.9 / 15973.4
2026-03-04 16:12:17.302 [DEBUG] [SystemMonitor] cpuUsage: 25.3769 cpuTemp: 58.4 memUsed(MB): 10215.9 / 15973.4 diskUsed(GB): 45.2848 / 57.9994
2026-03-04 16:12:18.288 [DEBUG] [SystemMonitor] (sysinfo) totalBytes: 1.67493e+10 freeBytes: 6.0389e+09 memoryUsage(MB): 10214.3 / 15973.4
2026-03-04 16:12:18.305 [DEBUG] [SystemMonitor] cpuUsage: 9.29648 cpuTemp: 57.85 memUsed(MB): 10214.3 / 15973.4 diskUsed(GB): 45.2848 / 57.9994
2026-03-04 16:12:19.305 [DEBUG] [SystemMonitor] (sysinfo) totalBytes: 1.67493e+10 freeBytes: 6.03457e+09 memoryUsage(MB): 10218.4 / 15973.4
2026-03-04 16:12:19.325 [DEBUG] [SystemMonitor] cpuUsage: 19.0594 cpuTemp: 60.05 memUsed(MB): 10218.4 / 15973.4 diskUsed(GB): 45.2848 / 57.9994
2026-03-04 16:12:20.323 [DEBUG] [SystemMonitor] (sysinfo) totalBytes: 1.67493e+10 freeBytes: 6.02105e+09 memoryUsage(MB): 10231.3 / 15973.4
2026-03-04 16:12:20.327 [DEBUG] [SystemMonitor] cpuUsage: 15.1365 cpuTemp: 60.05 memUsed(MB): 10231.3 / 15973.4 diskUsed(GB): 45.2848 / 57.9994
2026-03-04 16:12:21.287 [DEBUG] [SystemMonitor] (sysinfo) totalBytes: 1.67493e+10 freeBytes: 6.01435e+09 memoryUsage(MB): 10237.7 / 15973.4
2026-03-04 16:12:21.292 [DEBUG] [SystemMonitor] cpuUsage: 7.8329 cpuTemp: 58.95 memUsed(MB): 10237.7 / 15973.4 diskUsed(GB): 45.2848 / 57.9994
2026-03-04 16:12:22.286 [DEBUG] [SystemMonitor] (sysinfo) totalBytes: 1.67493e+10 freeBytes: 6.03007e+09 memoryUsage(MB): 10222.7 / 15973.4
2026-03-04 16:12:22.293 [DEBUG] [SystemMonitor] cpuUsage: 7.59494 cpuTemp: 58.95 memUsed(MB): 10222.7 / 15973.4 diskUsed(GB): 45.2848 / 57.9994
2026-03-04 16:12:23.287 [DEBUG] [SystemMonitor] (sysinfo) totalBytes: 1.67493e+10 freeBytes: 6.02701e+09 memoryUsage(MB): 10225.6 / 15973.4
2026-03-04 16:12:23.291 [DEBUG] [SystemMonitor] cpuUsage: 7.28643 cpuTemp: 58.4 memUsed(MB): 10225.6 / 15973.4 diskUsed(GB): 45.2848 / 57.9994
2026-03-04 16:12:24.287 [DEBUG] [SystemMonitor] (sysinfo) totalBytes: 1.67493e+10 freeBytes: 6.02291e+09 memoryUsage(MB): 10229.5 / 15973.4
2026-03-04 16:12:24.292 [DEBUG] [SystemMonitor] cpuUsage: 5.55556 cpuTemp: 58.4 memUsed(MB): 10229.5 / 15973.4 diskUsed(GB): 45.2848 / 57.9994
2026-03-04 16:12:25.287 [DEBUG] [SystemMonitor] (sysinfo) totalBytes: 1.67493e+10 freeBytes: 6.02265e+09 memoryUsage(MB): 10229.8 / 15973.4
2026-03-04 16:12:25.292 [DEBUG] [SystemMonitor] cpuUsage: 5.51378 cpuTemp: 58.4 memUsed(MB): 10229.8 / 15973.4 diskUsed(GB): 45.2848 / 57.9994
2026-03-04 16:12:26.287 [DEBUG] [SystemMonitor] (sysinfo) totalBytes: 1.67493e+10 freeBytes: 6.0083e+09 memoryUsage(MB): 10243.4 / 15973.4
2026-03-04 16:12:26.292 [DEBUG] [SystemMonitor] cpuUsage: 8.06045 cpuTemp: 58.95 memUsed(MB): 10243.4 / 15973.4 diskUsed(GB): 45.2848 / 57.9994
2026-03-04 16:12:27.287 [DEBUG] [SystemMonitor] (sysinfo) totalBytes: 1.67493e+10 freeBytes: 6.00316e+09 memoryUsage(MB): 10248.3 / 15973.4
2026-03-04 16:12:27.292 [DEBUG] [SystemMonitor] cpuUsage: 5.77889 cpuTemp: 58.4 memUsed(MB): 10248.3 / 15973.4 diskUsed(GB): 45.2848 / 57.9994
2026-03-04 16:12:28.287 [DEBUG] [SystemMonitor] (sysinfo) totalBytes: 1.67493e+10 freeBytes: 6.00293e+09 memoryUsage(MB): 10248.6 / 15973.4
2026-03-04 16:12:28.292 [DEBUG] [SystemMonitor] cpuUsage: 4.28212 cpuTemp: 58.4 memUsed(MB): 10248.6 / 15973.4 diskUsed(GB): 45.2848 / 57.9994
2026-03-04 16:12:29.287 [DEBUG] [SystemMonitor] (sysinfo) totalBytes: 1.67493e+10 freeBytes: 6.00491e+09 memoryUsage(MB): 10246.7 / 15973.4
2026-03-04 16:12:29.292 [DEBUG] [SystemMonitor] cpuUsage: 6.80101 cpuTemp: 58.4 memUsed(MB): 10246.7 / 15973.4 diskUsed(GB): 45.2848 / 57.9994
2026-03-04 16:12:30.287 [DEBUG] [SystemMonitor] (sysinfo) totalBytes: 1.67493e+10 freeBytes: 6.00454e+09 memoryUsage(MB): 10247 / 15973.4
2026-03-04 16:12:30.292 [DEBUG] [SystemMonitor] cpuUsage: 6.26566 cpuTemp: 56.75 memUsed(MB): 10247 / 15973.4 diskUsed(GB): 45.2848 / 57.9994
2026-03-04 16:12:31.287 [DEBUG] [SystemMonitor] (sysinfo) totalBytes: 1.67493e+10 freeBytes: 6.00176e+09 memoryUsage(MB): 10249.7 / 15973.4
2026-03-04 16:12:31.291 [DEBUG] [SystemMonitor] cpuUsage: 6.31313 cpuTemp: 57.3 memUsed(MB): 10249.7 / 15973.4 diskUsed(GB): 45.2848 / 57.9994
2026-03-04 16:12:32.287 [DEBUG] [SystemMonitor] (sysinfo) totalBytes: 1.67493e+10 freeBytes: 6.00176e+09 memoryUsage(MB): 10249.7 / 15973.4
2026-03-04 16:12:32.292 [DEBUG] [SystemMonitor] cpuUsage: 5.54156 cpuTemp: 58.4 memUsed(MB): 10249.7 / 15973.4 diskUsed(GB): 45.2848 / 57.9994
2026-03-04 16:12:33.286 [DEBUG] [SystemMonitor] (sysinfo) totalBytes: 1.67493e+10 freeBytes: 5.99947e+09 memoryUsage(MB): 10251.9 / 15973.4
2026-03-04 16:12:33.291 [DEBUG] [SystemMonitor] cpuUsage: 5.05051 cpuTemp: 56.75 memUsed(MB): 10251.9 / 15973.4 diskUsed(GB): 45.2848 / 57.9994
2026-03-04 16:12:34.287 [DEBUG] [SystemMonitor] (sysinfo) totalBytes: 1.67493e+10 freeBytes: 6.00511e+09 memoryUsage(MB): 10246.5 / 15973.4
2026-03-04 16:12:34.292 [DEBUG] [SystemMonitor] cpuUsage: 7.30479 cpuTemp: 57.3 memUsed(MB): 10246.5 / 15973.4 diskUsed(GB): 45.2848 / 57.9994
2026-03-04 16:12:35.287 [DEBUG] [SystemMonitor] (sysinfo) totalBytes: 1.67493e+10 freeBytes: 6.00901e+09 memoryUsage(MB): 10242.8 / 15973.4
2026-03-04 16:12:35.292 [DEBUG] [SystemMonitor] cpuUsage: 15.5779 cpuTemp: 58.95 memUsed(MB): 10242.8 / 15973.4 diskUsed(GB): 45.2848 / 57.9994
2026-03-04 16:12:36.287 [DEBUG] [SystemMonitor] (sysinfo) totalBytes: 1.67493e+10 freeBytes: 6.00855e+09 memoryUsage(MB): 10243.2 / 15973.4
2026-03-04 16:12:36.292 [DEBUG] [SystemMonitor] cpuUsage: 5.55556 cpuTemp: 57.85 memUsed(MB): 10243.2 / 15973.4 diskUsed(GB): 45.2848 / 57.9994
2026-03-04 16:12:37.287 [DEBUG] [SystemMonitor] (sysinfo) totalBytes: 1.67493e+10 freeBytes: 6.01564e+09 memoryUsage(MB): 10236.4 / 15973.4
2026-03-04 16:12:37.292 [DEBUG] [SystemMonitor] cpuUsage: 5.77889 cpuTemp: 57.3 memUsed(MB): 10236.4 / 15973.4 diskUsed(GB): 45.2848 / 57.9994
2026-03-04 16:12:38.287 [DEBUG] [SystemMonitor] (sysinfo) totalBytes: 1.67493e+10 freeBytes: 6.01502e+09 memoryUsage(MB): 10237 / 15973.4
2026-03-04 16:12:38.292 [DEBUG] [SystemMonitor] cpuUsage: 6.53266 cpuTemp: 58.4 memUsed(MB): 10237 / 15973.4 diskUsed(GB): 45.2848 / 57.9994
2026-03-04 16:12:39.286 [DEBUG] [SystemMonitor] (sysinfo) totalBytes: 1.67493e+10 freeBytes: 6.01376e+09 memoryUsage(MB): 10238.2 / 15973.4
2026-03-04 16:12:39.291 [DEBUG] [SystemMonitor] cpuUsage: 8.5 cpuTemp: 56.75 memUsed(MB): 10238.2 / 15973.4 diskUsed(GB): 45.2848 / 57.9994
2026-03-04 16:12:40.287 [DEBUG] [SystemMonitor] (sysinfo) totalBytes: 1.67493e+10 freeBytes: 6.01172e+09 memoryUsage(MB): 10240.2 / 15973.4
2026-03-04 16:12:40.291 [DEBUG] [SystemMonitor] cpuUsage: 5.55556 cpuTemp: 56.75 memUsed(MB): 10240.2 / 15973.4 diskUsed(GB): 45.2848 / 57.9994
2026-03-04 16:12:41.286 [DEBUG] [SystemMonitor] (sysinfo) totalBytes: 1.67493e+10 freeBytes: 6.01441e+09 memoryUsage(MB): 10237.6 / 15973.4
2026-03-04 16:12:41.293 [DEBUG] [SystemMonitor] cpuUsage: 5.80808 cpuTemp: 57.85 memUsed(MB): 10237.6 / 15973.4 diskUsed(GB): 45.2848 / 57.9994
2026-03-04 16:12:42.287 [DEBUG] [SystemMonitor] (sysinfo) totalBytes: 1.67493e+10 freeBytes: 6.01395e+09 memoryUsage(MB): 10238.1 / 15973.4
2026-03-04 16:12:42.292 [DEBUG] [SystemMonitor] cpuUsage: 7.0529 cpuTemp: 57.85 memUsed(MB): 10238.1 / 15973.4 diskUsed(GB): 45.2848 / 57.9994
2026-03-04 16:12:43.287 [DEBUG] [SystemMonitor] (sysinfo) totalBytes: 1.67493e+10 freeBytes: 6.01266e+09 memoryUsage(MB): 10239.3 / 15973.4
2026-03-04 16:12:43.291 [DEBUG] [SystemMonitor] cpuUsage: 5.28967 cpuTemp: 56.75 memUsed(MB): 10239.3 / 15973.4 diskUsed(GB): 45.2848 / 57.9994
2026-03-04 16:12:44.287 [DEBUG] [SystemMonitor] (sysinfo) totalBytes: 1.67493e+10 freeBytes: 6.01088e+09 memoryUsage(MB): 10241 / 15973.4
2026-03-04 16:12:44.291 [DEBUG] [SystemMonitor] cpuUsage: 6.29723 cpuTemp: 56.2 memUsed(MB): 10241 / 15973.4 diskUsed(GB): 45.2848 / 57.9994
2026-03-04 16:12:45.287 [DEBUG] [SystemMonitor] (sysinfo) totalBytes: 1.67493e+10 freeBytes: 6.00998e+09 memoryUsage(MB): 10241.8 / 15973.4
2026-03-04 16:12:45.292 [DEBUG] [SystemMonitor] cpuUsage: 6.51629 cpuTemp: 57.85 memUsed(MB): 10241.8 / 15973.4 diskUsed(GB): 45.2848 / 57.9994
2026-03-04 16:12:46.286 [DEBUG] [SystemMonitor] (sysinfo) totalBytes: 1.67493e+10 freeBytes: 6.01294e+09 memoryUsage(MB): 10239 / 15973.4
2026-03-04 16:12:46.291 [DEBUG] [SystemMonitor] cpuUsage: 6.28141 cpuTemp: 58.4 memUsed(MB): 10239 / 15973.4 diskUsed(GB): 45.2848 / 57.9994
2026-03-04 16:12:47.287 [DEBUG] [SystemMonitor] (sysinfo) totalBytes: 1.67493e+10 freeBytes: 6.00992e+09 memoryUsage(MB): 10241.9 / 15973.4
2026-03-04 16:12:47.294 [DEBUG] [SystemMonitor] cpuUsage: 6.54912 cpuTemp: 57.3 memUsed(MB): 10241.9 / 15973.4 diskUsed(GB): 45.2848 / 57.9994
2026-03-04 16:12:47.818 [INFO] [串口] ✓ 设置曝光时间(约 1000.00 µs)命令已发送到 /dev/ttyUSB0: 08 A4 00 15 00 3E 09 D7
2026-03-04 16:12:48.287 [DEBUG] [SystemMonitor] (sysinfo) totalBytes: 1.67493e+10 freeBytes: 6.00482e+09 memoryUsage(MB): 10246.8 / 15973.4
2026-03-04 16:12:48.292 [DEBUG] [SystemMonitor] cpuUsage: 9.52381 cpuTemp: 57.3 memUsed(MB): 10246.8 / 15973.4 diskUsed(GB): 45.2848 / 57.9994
2026-03-04 16:12:49.230 [INFO] [串口] ✓ 设置读出时间(约 1085.00 µs)命令已发送到 /dev/ttyUSB0: 08 A5 00 02 D9 3E 09 D7
2026-03-04 16:12:49.286 [DEBUG] [SystemMonitor] (sysinfo) totalBytes: 1.67493e+10 freeBytes: 6.00456e+09 memoryUsage(MB): 10247 / 15973.4
2026-03-04 16:12:49.290 [DEBUG] [SystemMonitor] cpuUsage: 7.03518 cpuTemp: 57.85 memUsed(MB): 10247 / 15973.4 diskUsed(GB): 45.2848 / 57.9994
2026-03-04 16:12:50.287 [DEBUG] [SystemMonitor] (sysinfo) totalBytes: 1.67493e+10 freeBytes: 6.00043e+09 memoryUsage(MB): 10250.9 / 15973.4
2026-03-04 16:12:50.292 [DEBUG] [SystemMonitor] cpuUsage: 5.75 cpuTemp: 57.3 memUsed(MB): 10250.9 / 15973.4 diskUsed(GB): 45.2848 / 57.9994
2026-03-04 16:12:51.287 [DEBUG] [SystemMonitor] (sysinfo) totalBytes: 1.67493e+10 freeBytes: 6.0069e+09 memoryUsage(MB): 10244.8 / 15973.4
2026-03-04 16:12:51.292 [DEBUG] [SystemMonitor] cpuUsage: 6.03015 cpuTemp: 57.3 memUsed(MB): 10244.8 / 15973.4 diskUsed(GB): 45.2848 / 57.9994
2026-03-04 16:12:52.287 [DEBUG] [SystemMonitor] (sysinfo) totalBytes: 1.67493e+10 freeBytes: 6.00461e+09 memoryUsage(MB): 10247 / 15973.4
2026-03-04 16:12:52.291 [DEBUG] [SystemMonitor] cpuUsage: 4.54545 cpuTemp: 56.75 memUsed(MB): 10247 / 15973.4 diskUsed(GB): 45.2848 / 57.9994
2026-03-04 16:12:53.286 [DEBUG] [SystemMonitor] (sysinfo) totalBytes: 1.67493e+10 freeBytes: 6.00232e+09 memoryUsage(MB): 10249.2 / 15973.4
2026-03-04 16:12:53.293 [DEBUG] [SystemMonitor] cpuUsage: 20.603 cpuTemp: 58.95 memUsed(MB): 10249.2 / 15973.4 diskUsed(GB): 45.2848 / 57.9994
2026-03-04 16:12:54.287 [DEBUG] [SystemMonitor] (sysinfo) totalBytes: 1.67493e+10 freeBytes: 6.01213e+09 memoryUsage(MB): 10239.8 / 15973.4
2026-03-04 16:12:54.292 [DEBUG] [SystemMonitor] cpuUsage: 12.8463 cpuTemp: 57.85 memUsed(MB): 10239.8 / 15973.4 diskUsed(GB): 45.2848 / 57.9994
2026-03-04 16:12:55.287 [DEBUG] [SystemMonitor] (sysinfo) totalBytes: 1.67493e+10 freeBytes: 6.0119e+09 memoryUsage(MB): 10240 / 15973.4
2026-03-04 16:12:55.292 [DEBUG] [SystemMonitor] cpuUsage: 5.02513 cpuTemp: 57.85 memUsed(MB): 10240 / 15973.4 diskUsed(GB): 45.2848 / 57.9994
2026-03-04 16:12:56.287 [DEBUG] [SystemMonitor] (sysinfo) totalBytes: 1.67493e+10 freeBytes: 6.01141e+09 memoryUsage(MB): 10240.5 / 15973.4
2026-03-04 16:12:56.292 [DEBUG] [SystemMonitor] cpuUsage: 5.27638 cpuTemp: 57.85 memUsed(MB): 10240.5 / 15973.4 diskUsed(GB): 45.2848 / 57.9994
2026-03-04 16:12:57.287 [DEBUG] [SystemMonitor] (sysinfo) totalBytes: 1.67493e+10 freeBytes: 6.01015e+09 memoryUsage(MB): 10241.7 / 15973.4
2026-03-04 16:12:57.292 [DEBUG] [SystemMonitor] cpuUsage: 5.52764 cpuTemp: 56.2 memUsed(MB): 10241.7 / 15973.4 diskUsed(GB): 45.2848 / 57.9994
2026-03-04 16:12:58.287 [DEBUG] [SystemMonitor] (sysinfo) totalBytes: 1.67493e+10 freeBytes: 6.00943e+09 memoryUsage(MB): 10242.4 / 15973.4
2026-03-04 16:12:58.292 [DEBUG] [SystemMonitor] cpuUsage: 5.03778 cpuTemp: 57.85 memUsed(MB): 10242.4 / 15973.4 diskUsed(GB): 45.2848 / 57.9994
2026-03-04 16:12:58.726 [INFO] [主界面] 点击 开始获取光谱 按钮
2026-03-04 16:12:58.745 [INFO] [串口] ✓ 启动命令已发送到 /dev/ttyUSB0: 08 6B 00 00 00 3E 09 D7
2026-03-04 16:12:58.751 [INFO] [UDP] UDP接收已在运行
2026-03-04 16:12:58.759 [INFO] [UDP] ✓ UDP接收已启动，端口: 1234
2026-03-04 16:12:59.288 [DEBUG] [SystemMonitor] (sysinfo) totalBytes: 1.67493e+10 freeBytes: 5.99822e+09 memoryUsage(MB): 10253.1 / 15973.4
2026-03-04 16:12:59.292 [DEBUG] [SystemMonitor] cpuUsage: 26.2755 cpuTemp: 58.95 memUsed(MB): 10253.1 / 15973.4 diskUsed(GB): 45.2848 / 57.9994
2026-03-04 16:13:00.295 [DEBUG] [SystemMonitor] (sysinfo) totalBytes: 1.67493e+10 freeBytes: 5.98859e+09 memoryUsage(MB): 10262.2 / 15973.4
2026-03-04 16:13:00.299 [DEBUG] [SystemMonitor] cpuUsage: 36.4103 cpuTemp: 58.95 memUsed(MB): 10262.2 / 15973.4 diskUsed(GB): 45.2848 / 57.9994
2026-03-04 16:13:01.297 [DEBUG] [SystemMonitor] (sysinfo) totalBytes: 1.67493e+10 freeBytes: 5.97691e+09 memoryUsage(MB): 10273.4 / 15973.4
2026-03-04 16:13:01.302 [DEBUG] [SystemMonitor] cpuUsage: 36.4103 cpuTemp: 57.85 memUsed(MB): 10273.4 / 15973.4 diskUsed(GB): 45.2848 / 57.9994
2026-03-04 16:13:02.286 [DEBUG] [SystemMonitor] (sysinfo) totalBytes: 1.67493e+10 freeBytes: 5.95799e+09 memoryUsage(MB): 10291.4 / 15973.4
2026-03-04 16:13:02.291 [DEBUG] [SystemMonitor] cpuUsage: 37.0466 cpuTemp: 60.6 memUsed(MB): 10291.4 / 15973.4 diskUsed(GB): 45.2848 / 57.9994
2026-03-04 16:13:03.287 [DEBUG] [SystemMonitor] (sysinfo) totalBytes: 1.67493e+10 freeBytes: 5.93749e+09 memoryUsage(MB): 10311 / 15973.4
2026-03-04 16:13:03.291 [DEBUG] [SystemMonitor] cpuUsage: 38.1679 cpuTemp: 60.6 memUsed(MB): 10311 / 15973.4 diskUsed(GB): 45.2848 / 57.9994
2026-03-04 16:13:04.292 [DEBUG] [SystemMonitor] (sysinfo) totalBytes: 1.67493e+10 freeBytes: 5.91879e+09 memoryUsage(MB): 10328.8 / 15973.4
2026-03-04 16:13:04.299 [DEBUG] [SystemMonitor] cpuUsage: 36.8286 cpuTemp: 60.05 memUsed(MB): 10328.8 / 15973.4 diskUsed(GB): 45.2848 / 57.9994
2026-03-04 16:13:05.287 [DEBUG] [SystemMonitor] (sysinfo) totalBytes: 1.67493e+10 freeBytes: 5.90426e+09 memoryUsage(MB): 10342.7 / 15973.4
2026-03-04 16:13:05.291 [DEBUG] [SystemMonitor] cpuUsage: 36.3868 cpuTemp: 60.6 memUsed(MB): 10342.7 / 15973.4 diskUsed(GB): 45.2848 / 57.9994
2026-03-04 16:13:06.298 [DEBUG] [SystemMonitor] (sysinfo) totalBytes: 1.67493e+10 freeBytes: 5.88688e+09 memoryUsage(MB): 10359.2 / 15973.4
2026-03-04 16:13:06.305 [DEBUG] [SystemMonitor] cpuUsage: 35.5164 cpuTemp: 60.6 memUsed(MB): 10359.2 / 15973.4 diskUsed(GB): 45.2848 / 57.9994
2026-03-04 16:13:07.304 [DEBUG] [SystemMonitor] (sysinfo) totalBytes: 1.67493e+10 freeBytes: 5.87022e+09 memoryUsage(MB): 10375.1 / 15973.4
2026-03-04 16:13:07.309 [DEBUG] [SystemMonitor] cpuUsage: 43.038 cpuTemp: 61.15 memUsed(MB): 10375.1 / 15973.4 diskUsed(GB): 45.2848 / 57.9994
2026-03-04 16:13:07.845 [DEBUG] [UdpCommunicator] Single spectrum length: 1024 , min: 500.786 , max: 4447.54 , packetCount: 3950
2026-03-04 16:13:07.851 [DEBUG] onSpectrumReady - 数据大小: 1024 minVal: 500.78632911392407 maxVal: 4447.539746835443
2026-03-04 16:13:08.299 [DEBUG] [SystemMonitor] (sysinfo) totalBytes: 1.67493e+10 freeBytes: 5.86372e+09 memoryUsage(MB): 10381.3 / 15973.4
2026-03-04 16:13:08.305 [DEBUG] [SystemMonitor] cpuUsage: 49.2268 cpuTemp: 61.7 memUsed(MB): 10381.3 / 15973.4 diskUsed(GB): 45.2848 / 57.9994
2026-03-04 16:13:09.295 [DEBUG] [SystemMonitor] (sysinfo) totalBytes: 1.67493e+10 freeBytes: 5.86155e+09 memoryUsage(MB): 10383.4 / 15973.4
2026-03-04 16:13:09.300 [DEBUG] [SystemMonitor] cpuUsage: 34.0153 cpuTemp: 61.7 memUsed(MB): 10383.4 / 15973.4 diskUsed(GB): 45.2848 / 57.9994
2026-03-04 16:13:10.287 [DEBUG] [SystemMonitor] (sysinfo) totalBytes: 1.67493e+10 freeBytes: 5.86138e+09 memoryUsage(MB): 10383.6 / 15973.4
2026-03-04 16:13:10.291 [DEBUG] [SystemMonitor] cpuUsage: 32.8165 cpuTemp: 61.15 memUsed(MB): 10383.6 / 15973.4 diskUsed(GB): 45.2848 / 57.9994
2026-03-04 16:13:11.310 [DEBUG] [SystemMonitor] (sysinfo) totalBytes: 1.67493e+10 freeBytes: 5.85846e+09 memoryUsage(MB): 10386.3 / 15973.4
2026-03-04 16:13:11.316 [DEBUG] [SystemMonitor] cpuUsage: 31.5789 cpuTemp: 60.05 memUsed(MB): 10386.3 / 15973.4 diskUsed(GB): 45.2848 / 57.9994
2026-03-04 16:13:12.289 [DEBUG] [SystemMonitor] (sysinfo) totalBytes: 1.67493e+10 freeBytes: 5.85602e+09 memoryUsage(MB): 10388.7 / 15973.4
2026-03-04 16:13:12.296 [DEBUG] [SystemMonitor] cpuUsage: 34.375 cpuTemp: 60.6 memUsed(MB): 10388.7 / 15973.4 diskUsed(GB): 45.2848 / 57.9994
2026-03-04 16:13:13.302 [DEBUG] [SystemMonitor] (sysinfo) totalBytes: 1.67493e+10 freeBytes: 5.86187e+09 memoryUsage(MB): 10383.1 / 15973.4
2026-03-04 16:13:13.309 [DEBUG] [SystemMonitor] cpuUsage: 34.3511 cpuTemp: 60.05 memUsed(MB): 10383.1 / 15973.4 diskUsed(GB): 45.2848 / 57.9994
2026-03-04 16:13:14.290 [DEBUG] [SystemMonitor] (sysinfo) totalBytes: 1.67493e+10 freeBytes: 5.85801e+09 memoryUsage(MB): 10386.8 / 15973.4
2026-03-04 16:13:14.297 [DEBUG] [SystemMonitor] cpuUsage: 34.8052 cpuTemp: 60.6 memUsed(MB): 10386.8 / 15973.4 diskUsed(GB): 45.2848 / 57.9994
2026-03-04 16:13:15.295 [DEBUG] [SystemMonitor] (sysinfo) totalBytes: 1.67493e+10 freeBytes: 5.8566e+09 memoryUsage(MB): 10388.1 / 15973.4
2026-03-04 16:13:15.300 [DEBUG] [SystemMonitor] cpuUsage: 35.8779 cpuTemp: 60.05 memUsed(MB): 10388.1 / 15973.4 diskUsed(GB): 45.2848 / 57.9994
2026-03-04 16:13:16.124 [DEBUG] [UdpCommunicator] Single spectrum length: 1024 , min: 496.987 , max: 4571.26 , packetCount: 3950
2026-03-04 16:13:16.131 [DEBUG] onSpectrumReady - 数据大小: 1024 minVal: 496.986582278481 maxVal: 4571.26253164557
2026-03-04 16:13:16.295 [DEBUG] [SystemMonitor] (sysinfo) totalBytes: 1.67493e+10 freeBytes: 5.85488e+09 memoryUsage(MB): 10389.8 / 15973.4
2026-03-04 16:13:16.300 [DEBUG] [SystemMonitor] cpuUsage: 54.8469 cpuTemp: 62.8 memUsed(MB): 10389.8 / 15973.4 diskUsed(GB): 45.2848 / 57.9994
2026-03-04 16:13:17.296 [DEBUG] [SystemMonitor] (sysinfo) totalBytes: 1.67493e+10 freeBytes: 5.85702e+09 memoryUsage(MB): 10387.7 / 15973.4
2026-03-04 16:13:17.300 [DEBUG] [SystemMonitor] cpuUsage: 34.949 cpuTemp: 61.15 memUsed(MB): 10387.7 / 15973.4 diskUsed(GB): 45.2848 / 57.9994
2026-03-04 16:13:18.295 [DEBUG] [SystemMonitor] (sysinfo) totalBytes: 1.67493e+10 freeBytes: 5.86543e+09 memoryUsage(MB): 10379.7 / 15973.4
2026-03-04 16:13:18.300 [DEBUG] [SystemMonitor] cpuUsage: 33.5897 cpuTemp: 61.7 memUsed(MB): 10379.7 / 15973.4 diskUsed(GB): 45.2848 / 57.9994
2026-03-04 16:13:19.287 [DEBUG] [SystemMonitor] (sysinfo) totalBytes: 1.67493e+10 freeBytes: 5.86128e+09 memoryUsage(MB): 10383.7 / 15973.4
2026-03-04 16:13:19.291 [DEBUG] [SystemMonitor] cpuUsage: 35.2332 cpuTemp: 62.25 memUsed(MB): 10383.7 / 15973.4 diskUsed(GB): 45.2848 / 57.9994
2026-03-04 16:13:20.287 [DEBUG] [SystemMonitor] (sysinfo) totalBytes: 1.67493e+10 freeBytes: 5.85588e+09 memoryUsage(MB): 10388.8 / 15973.4
2026-03-04 16:13:20.290 [DEBUG] [SystemMonitor] cpuUsage: 35.0254 cpuTemp: 60.6 memUsed(MB): 10388.8 / 15973.4 diskUsed(GB): 45.2848 / 57.9994
2026-03-04 16:13:21.296 [DEBUG] [SystemMonitor] (sysinfo) totalBytes: 1.67493e+10 freeBytes: 5.85447e+09 memoryUsage(MB): 10390.1 / 15973.4
2026-03-04 16:13:21.301 [DEBUG] [SystemMonitor] cpuUsage: 35.1145 cpuTemp: 60.05 memUsed(MB): 10390.1 / 15973.4 diskUsed(GB): 45.2848 / 57.9994
2026-03-04 16:13:22.308 [DEBUG] [SystemMonitor] (sysinfo) totalBytes: 1.67493e+10 freeBytes: 5.85333e+09 memoryUsage(MB): 10391.2 / 15973.4
2026-03-04 16:13:22.314 [DEBUG] [SystemMonitor] cpuUsage: 32.9114 cpuTemp: 60.05 memUsed(MB): 10391.2 / 15973.4 diskUsed(GB): 45.2848 / 57.9994
2026-03-04 16:13:23.294 [DEBUG] [SystemMonitor] (sysinfo) totalBytes: 1.67493e+10 freeBytes: 5.85409e+09 memoryUsage(MB): 10390.5 / 15973.4
2026-03-04 16:13:23.299 [DEBUG] [SystemMonitor] cpuUsage: 32.987 cpuTemp: 60.05 memUsed(MB): 10390.5 / 15973.4 diskUsed(GB): 45.2848 / 57.9994
2026-03-04 16:13:24.296 [DEBUG] [SystemMonitor] (sysinfo) totalBytes: 1.67493e+10 freeBytes: 5.8571e+09 memoryUsage(MB): 10387.6 / 15973.4
2026-03-04 16:13:24.301 [DEBUG] [SystemMonitor] cpuUsage: 52.9262 cpuTemp: 62.25 memUsed(MB): 10387.6 / 15973.4 diskUsed(GB): 45.2848 / 57.9994
2026-03-04 16:13:24.318 [DEBUG] [UdpCommunicator] Single spectrum length: 1024 , min: 350.129 , max: 21569.8 , packetCount: 3952
2026-03-04 16:13:24.325 [DEBUG] onSpectrumReady - 数据大小: 1024 minVal: 350.12904858299595 maxVal: 21569.833502024292
2026-03-04 16:13:25.300 [DEBUG] [SystemMonitor] (sysinfo) totalBytes: 1.67493e+10 freeBytes: 5.85411e+09 memoryUsage(MB): 10390.5 / 15973.4
2026-03-04 16:13:25.305 [DEBUG] [SystemMonitor] cpuUsage: 37.659 cpuTemp: 62.8 memUsed(MB): 10390.5 / 15973.4 diskUsed(GB): 45.2848 / 57.9994
2026-03-04 16:13:26.296 [DEBUG] [SystemMonitor] (sysinfo) totalBytes: 1.67493e+10 freeBytes: 5.84529e+09 memoryUsage(MB): 10398.9 / 15973.4
2026-03-04 16:13:26.301 [DEBUG] [SystemMonitor] cpuUsage: 34.4473 cpuTemp: 60.05 memUsed(MB): 10398.9 / 15973.4 diskUsed(GB): 45.2848 / 57.9994
2026-03-04 16:13:27.293 [DEBUG] [SystemMonitor] (sysinfo) totalBytes: 1.67493e+10 freeBytes: 5.86073e+09 memoryUsage(MB): 10384.2 / 15973.4
2026-03-04 16:13:27.297 [DEBUG] [SystemMonitor] cpuUsage: 34.7826 cpuTemp: 61.15 memUsed(MB): 10384.2 / 15973.4 diskUsed(GB): 45.2848 / 57.9994
2026-03-04 16:13:28.294 [DEBUG] [SystemMonitor] (sysinfo) totalBytes: 1.67493e+10 freeBytes: 5.85733e+09 memoryUsage(MB): 10387.4 / 15973.4
2026-03-04 16:13:28.299 [DEBUG] [SystemMonitor] cpuUsage: 33.9286 cpuTemp: 60.6 memUsed(MB): 10387.4 / 15973.4 diskUsed(GB): 45.2848 / 57.9994
2026-03-04 16:13:29.298 [DEBUG] [SystemMonitor] (sysinfo) totalBytes: 1.67493e+10 freeBytes: 5.85617e+09 memoryUsage(MB): 10388.5 / 15973.4
2026-03-04 16:13:29.302 [DEBUG] [SystemMonitor] cpuUsage: 34.0102 cpuTemp: 61.7 memUsed(MB): 10388.5 / 15973.4 diskUsed(GB): 45.2848 / 57.9994
2026-03-04 16:13:30.294 [DEBUG] [SystemMonitor] (sysinfo) totalBytes: 1.67493e+10 freeBytes: 5.85474e+09 memoryUsage(MB): 10389.9 / 15973.4
2026-03-04 16:13:30.300 [DEBUG] [SystemMonitor] cpuUsage: 33.7596 cpuTemp: 61.15 memUsed(MB): 10389.9 / 15973.4 diskUsed(GB): 45.2848 / 57.9994
2026-03-04 16:13:31.295 [DEBUG] [SystemMonitor] (sysinfo) totalBytes: 1.67493e+10 freeBytes: 5.85758e+09 memoryUsage(MB): 10387.2 / 15973.4
2026-03-04 16:13:31.301 [DEBUG] [SystemMonitor] cpuUsage: 34.949 cpuTemp: 62.25 memUsed(MB): 10387.2 / 15973.4 diskUsed(GB): 45.2848 / 57.9994
2026-03-04 16:13:32.293 [DEBUG] [SystemMonitor] (sysinfo) totalBytes: 1.67493e+10 freeBytes: 5.85306e+09 memoryUsage(MB): 10391.5 / 15973.4
2026-03-04 16:13:32.297 [DEBUG] [SystemMonitor] cpuUsage: 48.7245 cpuTemp: 62.25 memUsed(MB): 10391.5 / 15973.4 diskUsed(GB): 45.2848 / 57.9994
2026-03-04 16:13:32.531 [DEBUG] [UdpCommunicator] Single spectrum length: 1024 , min: 350.937 , max: 21464.6 , packetCount: 3950
2026-03-04 16:13:32.539 [DEBUG] onSpectrumReady - 数据大小: 1024 minVal: 350.9372151898734 maxVal: 21464.58430379747
2026-03-04 16:13:33.287 [DEBUG] [SystemMonitor] (sysinfo) totalBytes: 1.67493e+10 freeBytes: 5.88044e+09 memoryUsage(MB): 10365.4 / 15973.4
2026-03-04 16:13:33.291 [DEBUG] [SystemMonitor] cpuUsage: 43.1877 cpuTemp: 62.25 memUsed(MB): 10365.4 / 15973.4 diskUsed(GB): 45.2848 / 57.9994
2026-03-04 16:13:34.300 [DEBUG] [SystemMonitor] (sysinfo) totalBytes: 1.67493e+10 freeBytes: 5.87414e+09 memoryUsage(MB): 10371.4 / 15973.4
2026-03-04 16:13:34.305 [DEBUG] [SystemMonitor] cpuUsage: 35.0126 cpuTemp: 62.25 memUsed(MB): 10371.4 / 15973.4 diskUsed(GB): 45.2848 / 57.9994
2026-03-04 16:13:35.289 [DEBUG] [SystemMonitor] (sysinfo) totalBytes: 1.67493e+10 freeBytes: 5.88077e+09 memoryUsage(MB): 10365.1 / 15973.4
2026-03-04 16:13:35.297 [DEBUG] [SystemMonitor] cpuUsage: 35.2332 cpuTemp: 62.8 memUsed(MB): 10365.1 / 15973.4 diskUsed(GB): 45.2848 / 57.9994
2026-03-04 16:13:36.293 [DEBUG] [SystemMonitor] (sysinfo) totalBytes: 1.67493e+10 freeBytes: 5.88559e+09 memoryUsage(MB): 10360.5 / 15973.4
2026-03-04 16:13:36.298 [DEBUG] [SystemMonitor] cpuUsage: 33.8422 cpuTemp: 61.7 memUsed(MB): 10360.5 / 15973.4 diskUsed(GB): 45.2848 / 57.9994
2026-03-04 16:13:37.294 [DEBUG] [SystemMonitor] (sysinfo) totalBytes: 1.67493e+10 freeBytes: 5.88449e+09 memoryUsage(MB): 10361.5 / 15973.4
2026-03-04 16:13:37.298 [DEBUG] [SystemMonitor] cpuUsage: 35.4592 cpuTemp: 60.6 memUsed(MB): 10361.5 / 15973.4 diskUsed(GB): 45.2848 / 57.9994
2026-03-04 16:13:38.295 [DEBUG] [SystemMonitor] (sysinfo) totalBytes: 1.67493e+10 freeBytes: 5.8815e+09 memoryUsage(MB): 10364.4 / 15973.4
2026-03-04 16:13:38.300 [DEBUG] [SystemMonitor] cpuUsage: 61.4213 cpuTemp: 63.35 memUsed(MB): 10364.4 / 15973.4 diskUsed(GB): 45.2848 / 57.9994
2026-03-04 16:13:39.287 [DEBUG] [SystemMonitor] (sysinfo) totalBytes: 1.67493e+10 freeBytes: 5.88138e+09 memoryUsage(MB): 10364.5 / 15973.4
2026-03-04 16:13:39.292 [DEBUG] [SystemMonitor] cpuUsage: 35.9897 cpuTemp: 61.7 memUsed(MB): 10364.5 / 15973.4 diskUsed(GB): 45.2848 / 57.9994
2026-03-04 16:13:40.302 [DEBUG] [SystemMonitor] (sysinfo) totalBytes: 1.67493e+10 freeBytes: 5.87789e+09 memoryUsage(MB): 10367.8 / 15973.4
2026-03-04 16:13:40.306 [DEBUG] [SystemMonitor] cpuUsage: 45.0633 cpuTemp: 62.8 memUsed(MB): 10367.8 / 15973.4 diskUsed(GB): 45.2848 / 57.9994
2026-03-04 16:13:40.811 [DEBUG] [UdpCommunicator] Single spectrum length: 1024 , min: 347.013 , max: 21472.8 , packetCount: 3950
2026-03-04 16:13:40.821 [DEBUG] onSpectrumReady - 数据大小: 1024 minVal: 347.013417721519 maxVal: 21472.75594936709
2026-03-04 16:13:41.294 [DEBUG] [SystemMonitor] (sysinfo) totalBytes: 1.67493e+10 freeBytes: 5.869e+09 memoryUsage(MB): 10376.3 / 15973.4
2026-03-04 16:13:41.299 [DEBUG] [SystemMonitor] cpuUsage: 49.4872 cpuTemp: 62.8 memUsed(MB): 10376.3 / 15973.4 diskUsed(GB): 45.2848 / 57.9994
2026-03-04 16:13:42.300 [DEBUG] [SystemMonitor] (sysinfo) totalBytes: 1.67493e+10 freeBytes: 5.86533e+09 memoryUsage(MB): 10379.8 / 15973.4
2026-03-04 16:13:42.305 [DEBUG] [SystemMonitor] cpuUsage: 36.2025 cpuTemp: 61.15 memUsed(MB): 10379.8 / 15973.4 diskUsed(GB): 45.2848 / 57.9994
2026-03-04 16:13:43.294 [DEBUG] [SystemMonitor] (sysinfo) totalBytes: 1.67493e+10 freeBytes: 5.87216e+09 memoryUsage(MB): 10373.3 / 15973.4
2026-03-04 16:13:43.298 [DEBUG] [SystemMonitor] cpuUsage: 34.9614 cpuTemp: 61.7 memUsed(MB): 10373.3 / 15973.4 diskUsed(GB): 45.2848 / 57.9994
2026-03-04 16:13:43.666 [INFO] [串口] ✓ 设置曝光时间(约 200.00 µs)命令已发送到 /dev/ttyUSB0: 08 A4 00 04 33 3E 09 D7
2026-03-04 16:13:44.294 [DEBUG] [SystemMonitor] (sysinfo) totalBytes: 1.67493e+10 freeBytes: 5.86852e+09 memoryUsage(MB): 10376.8 / 15973.4
2026-03-04 16:13:44.299 [DEBUG] [SystemMonitor] cpuUsage: 39.4872 cpuTemp: 61.7 memUsed(MB): 10376.8 / 15973.4 diskUsed(GB): 45.2848 / 57.9994
2026-03-04 16:13:45.301 [DEBUG] [SystemMonitor] (sysinfo) totalBytes: 1.67493e+10 freeBytes: 5.86458e+09 memoryUsage(MB): 10380.5 / 15973.4
2026-03-04 16:13:45.306 [DEBUG] [SystemMonitor] cpuUsage: 37.9747 cpuTemp: 60.6 memUsed(MB): 10380.5 / 15973.4 diskUsed(GB): 45.2848 / 57.9994
2026-03-04 16:13:45.925 [INFO] [串口] ✓ 设置读出时间(约 217.00 µs)命令已发送到 /dev/ttyUSB0: 08 A5 00 00 92 3E 09 D7
2026-03-04 16:13:46.321 [DEBUG] [SystemMonitor] (sysinfo) totalBytes: 1.67493e+10 freeBytes: 5.86589e+09 memoryUsage(MB): 10379.3 / 15973.4
2026-03-04 16:13:46.337 [DEBUG] [SystemMonitor] cpuUsage: 52.7638 cpuTemp: 63.35 memUsed(MB): 10379.3 / 15973.4 diskUsed(GB): 45.2848 / 57.9994
2026-03-04 16:13:47.068 [DEBUG] [UdpCommunicator] Single spectrum length: 1024 , min: 439.811 , max: 12591 , packetCount: 3950
2026-03-04 16:13:47.073 [DEBUG] onSpectrumReady - 数据大小: 1024 minVal: 439.8113924050633 maxVal: 12591.049367088608
2026-03-04 16:13:47.297 [DEBUG] [SystemMonitor] (sysinfo) totalBytes: 1.67493e+10 freeBytes: 5.80814e+09 memoryUsage(MB): 10434.3 / 15973.4
2026-03-04 16:13:47.302 [DEBUG] [SystemMonitor] cpuUsage: 76.5625 cpuTemp: 64.45 memUsed(MB): 10434.3 / 15973.4 diskUsed(GB): 45.2848 / 57.9994
2026-03-04 16:13:48.307 [DEBUG] [SystemMonitor] (sysinfo) totalBytes: 1.67493e+10 freeBytes: 5.80816e+09 memoryUsage(MB): 10434.3 / 15973.4
2026-03-04 16:13:48.314 [DEBUG] [SystemMonitor] cpuUsage: 67.5879 cpuTemp: 64.45 memUsed(MB): 10434.3 / 15973.4 diskUsed(GB): 45.2848 / 57.9994
2026-03-04 16:13:48.679 [DEBUG] [UdpCommunicator] Single spectrum length: 1024 , min: 505.885 , max: 5009.26 , packetCount: 3950
2026-03-04 16:13:48.684 [DEBUG] onSpectrumReady - 数据大小: 1024 minVal: 505.8848101265823 maxVal: 5009.2643037974685
2026-03-04 16:13:49.300 [DEBUG] [SystemMonitor] (sysinfo) totalBytes: 1.67493e+10 freeBytes: 5.81513e+09 memoryUsage(MB): 10427.7 / 15973.4
2026-03-04 16:13:49.304 [DEBUG] [SystemMonitor] cpuUsage: 62.2396 cpuTemp: 63.9 memUsed(MB): 10427.7 / 15973.4 diskUsed(GB): 45.2848 / 57.9994
2026-03-04 16:13:50.321 [DEBUG] [UdpCommunicator] Single spectrum length: 1024 , min: 505.612 , max: 5007.09 , packetCount: 3950
2026-03-04 16:13:50.326 [DEBUG] onSpectrumReady - 数据大小: 1024 minVal: 505.61240506329113 maxVal: 5007.08835443038
2026-03-04 16:13:50.398 [DEBUG] [SystemMonitor] (sysinfo) totalBytes: 1.67493e+10 freeBytes: 5.81645e+09 memoryUsage(MB): 10426.4 / 15973.4
2026-03-04 16:13:50.404 [DEBUG] [SystemMonitor] cpuUsage: 71.3953 cpuTemp: 66.1 memUsed(MB): 10426.4 / 15973.4 diskUsed(GB): 45.2848 / 57.9994
2026-03-04 16:13:51.317 [DEBUG] [SystemMonitor] (sysinfo) totalBytes: 1.67493e+10 freeBytes: 5.8183e+09 memoryUsage(MB): 10424.6 / 15973.4
2026-03-04 16:13:51.321 [DEBUG] [SystemMonitor] cpuUsage: 58.9385 cpuTemp: 65 memUsed(MB): 10424.6 / 15973.4 diskUsed(GB): 45.2848 / 57.9994
2026-03-04 16:13:52.000 [DEBUG] [UdpCommunicator] Single spectrum length: 1024 , min: 506.509 , max: 5004.87 , packetCount: 3950
2026-03-04 16:13:52.012 [DEBUG] onSpectrumReady - 数据大小: 1024 minVal: 506.5093670886076 maxVal: 5004.873417721519
2026-03-04 16:13:52.292 [DEBUG] [SystemMonitor] (sysinfo) totalBytes: 1.67493e+10 freeBytes: 5.86792e+09 memoryUsage(MB): 10377.3 / 15973.4
2026-03-04 16:13:52.297 [DEBUG] [SystemMonitor] cpuUsage: 68.5185 cpuTemp: 66.1 memUsed(MB): 10377.3 / 15973.4 diskUsed(GB): 45.2848 / 57.9994
2026-03-04 16:13:53.294 [DEBUG] [SystemMonitor] (sysinfo) totalBytes: 1.67493e+10 freeBytes: 5.84232e+09 memoryUsage(MB): 10401.7 / 15973.4
2026-03-04 16:13:53.301 [DEBUG] [SystemMonitor] cpuUsage: 65.2284 cpuTemp: 67.2 memUsed(MB): 10401.7 / 15973.4 diskUsed(GB): 45.2848 / 57.9994
2026-03-04 16:13:53.650 [DEBUG] [UdpCommunicator] Single spectrum length: 1024 , min: 506.902 , max: 5003.99 , packetCount: 3953
2026-03-04 16:13:53.655 [DEBUG] onSpectrumReady - 数据大小: 1024 minVal: 506.90159372628386 maxVal: 5003.987857323552
2026-03-04 16:13:54.303 [DEBUG] [SystemMonitor] (sysinfo) totalBytes: 1.67493e+10 freeBytes: 5.81321e+09 memoryUsage(MB): 10429.5 / 15973.4
2026-03-04 16:13:54.307 [DEBUG] [SystemMonitor] cpuUsage: 62.6904 cpuTemp: 65 memUsed(MB): 10429.5 / 15973.4 diskUsed(GB): 45.2848 / 57.9994
2026-03-04 16:13:55.307 [DEBUG] [UdpCommunicator] Single spectrum length: 1024 , min: 506.577 , max: 4998.92 , packetCount: 3950
2026-03-04 16:13:55.312 [DEBUG] onSpectrumReady - 数据大小: 1024 minVal: 506.5767088607595 maxVal: 4998.923544303798
2026-03-04 16:13:55.379 [DEBUG] [SystemMonitor] (sysinfo) totalBytes: 1.67493e+10 freeBytes: 5.8154e+09 memoryUsage(MB): 10427.4 / 15973.4
2026-03-04 16:13:55.385 [DEBUG] [SystemMonitor] cpuUsage: 70.8531 cpuTemp: 66.1 memUsed(MB): 10427.4 / 15973.4 diskUsed(GB): 45.2848 / 57.9994
2026-03-04 16:13:56.299 [DEBUG] [SystemMonitor] (sysinfo) totalBytes: 1.67493e+10 freeBytes: 5.81205e+09 memoryUsage(MB): 10430.6 / 15973.4
2026-03-04 16:13:56.306 [DEBUG] [SystemMonitor] cpuUsage: 58.3799 cpuTemp: 67.2 memUsed(MB): 10430.6 / 15973.4 diskUsed(GB): 45.2848 / 57.9994
2026-03-04 16:13:56.964 [DEBUG] [UdpCommunicator] Single spectrum length: 1024 , min: 506.473 , max: 5000.32 , packetCount: 3953
2026-03-04 16:13:56.970 [DEBUG] onSpectrumReady - 数据大小: 1024 minVal: 506.4730584366304 maxVal: 5000.316215532507
2026-03-04 16:13:57.293 [DEBUG] [SystemMonitor] (sysinfo) totalBytes: 1.67493e+10 freeBytes: 5.81433e+09 memoryUsage(MB): 10428.4 / 15973.4
2026-03-04 16:13:57.299 [DEBUG] [SystemMonitor] cpuUsage: 68.4755 cpuTemp: 66.1 memUsed(MB): 10428.4 / 15973.4 diskUsed(GB): 45.2848 / 57.9994
2026-03-04 16:13:58.303 [DEBUG] [SystemMonitor] (sysinfo) totalBytes: 1.67493e+10 freeBytes: 5.80803e+09 memoryUsage(MB): 10434.4 / 15973.4
2026-03-04 16:13:58.312 [DEBUG] [SystemMonitor] cpuUsage: 67.2589 cpuTemp: 66.1 memUsed(MB): 10434.4 / 15973.4 diskUsed(GB): 45.2848 / 57.9994
2026-03-04 16:13:58.629 [DEBUG] [UdpCommunicator] Single spectrum length: 1024 , min: 505.804 , max: 5001.92 , packetCount: 3950
2026-03-04 16:13:58.634 [DEBUG] onSpectrumReady - 数据大小: 1024 minVal: 505.80379746835445 maxVal: 5001.918987341772
2026-03-04 16:13:59.290 [DEBUG] [SystemMonitor] (sysinfo) totalBytes: 1.67493e+10 freeBytes: 5.81074e+09 memoryUsage(MB): 10431.9 / 15973.4
2026-03-04 16:13:59.295 [DEBUG] [SystemMonitor] cpuUsage: 62.7907 cpuTemp: 64.45 memUsed(MB): 10431.9 / 15973.4 diskUsed(GB): 45.2848 / 57.9994
2026-03-04 16:14:00.295 [DEBUG] [UdpCommunicator] Single spectrum length: 1024 , min: 503.585 , max: 5030.51 , packetCount: 3950
2026-03-04 16:14:00.299 [DEBUG] onSpectrumReady - 数据大小: 1024 minVal: 503.5845569620253 maxVal: 5030.5118987341775
2026-03-04 16:14:00.350 [DEBUG] [SystemMonitor] (sysinfo) totalBytes: 1.67493e+10 freeBytes: 5.81328e+09 memoryUsage(MB): 10429.4 / 15973.4
2026-03-04 16:14:00.356 [DEBUG] [SystemMonitor] cpuUsage: 74.3341 cpuTemp: 66.1 memUsed(MB): 10429.4 / 15973.4 diskUsed(GB): 45.2848 / 57.9994
2026-03-04 16:14:01.214 [WARN] qrc:/Main.qml:1128: Error: Cannot assign to non-existent property "readoutCustomized"
2026-03-04 16:14:01.302 [DEBUG] [SystemMonitor] (sysinfo) totalBytes: 1.67493e+10 freeBytes: 5.80306e+09 memoryUsage(MB): 10439.2 / 15973.4
2026-03-04 16:14:01.307 [DEBUG] [SystemMonitor] cpuUsage: 63.172 cpuTemp: 68.3 memUsed(MB): 10439.2 / 15973.4 diskUsed(GB): 45.2848 / 57.9994
2026-03-04 16:14:01.421 [WARN] qrc:/Main.qml:1128: Error: Cannot assign to non-existent property "readoutCustomized"
2026-03-04 16:14:01.560 [WARN] qrc:/Main.qml:1128: Error: Cannot assign to non-existent property "readoutCustomized"
2026-03-04 16:14:01.721 [WARN] qrc:/Main.qml:1128: Error: Cannot assign to non-existent property "readoutCustomized"
2026-03-04 16:14:01.926 [DEBUG] [UdpCommunicator] Single spectrum length: 1024 , min: 501.306 , max: 5047.65 , packetCount: 3950
2026-03-04 16:14:01.934 [DEBUG] onSpectrumReady - 数据大小: 1024 minVal: 501.30632911392405 maxVal: 5047.650126582278
2026-03-04 16:14:02.178 [WARN] qrc:/Main.qml:1128: Error: Cannot assign to non-existent property "readoutCustomized"
2026-03-04 16:14:02.286 [DEBUG] [SystemMonitor] (sysinfo) totalBytes: 1.67493e+10 freeBytes: 5.80454e+09 memoryUsage(MB): 10437.8 / 15973.4
2026-03-04 16:14:02.294 [DEBUG] [SystemMonitor] cpuUsage: 74.2188 cpuTemp: 66.1 memUsed(MB): 10437.8 / 15973.4 diskUsed(GB): 45.2848 / 57.9994
2026-03-04 16:14:03.293 [DEBUG] [SystemMonitor] (sysinfo) totalBytes: 1.67493e+10 freeBytes: 5.80095e+09 memoryUsage(MB): 10441.2 / 15973.4
2026-03-04 16:14:03.299 [DEBUG] [SystemMonitor] cpuUsage: 67.0051 cpuTemp: 68.3 memUsed(MB): 10441.2 / 15973.4 diskUsed(GB): 45.2848 / 57.9994
2026-03-04 16:14:03.648 [DEBUG] [UdpCommunicator] Single spectrum length: 1024 , min: 502.946 , max: 5015.34 , packetCount: 3954
2026-03-04 16:14:03.652 [DEBUG] onSpectrumReady - 数据大小: 1024 minVal: 502.9456246838644 maxVal: 5015.33889731917
2026-03-04 16:14:04.139 [INFO] [串口] ✓ 设置读出时间(约 10000.00 µs)命令已发送到 /dev/ttyUSB0: 08 A5 00 1A 40 3E 09 D7
2026-03-04 16:14:04.301 [DEBUG] [SystemMonitor] (sysinfo) totalBytes: 1.67493e+10 freeBytes: 5.79968e+09 memoryUsage(MB): 10442.4 / 15973.4
2026-03-04 16:14:04.306 [DEBUG] [SystemMonitor] cpuUsage: 61.2245 cpuTemp: 67.2 memUsed(MB): 10442.4 / 15973.4 diskUsed(GB): 45.2848 / 57.9994
2026-03-04 16:14:05.303 [DEBUG] [SystemMonitor] (sysinfo) totalBytes: 1.67493e+10 freeBytes: 5.80053e+09 memoryUsage(MB): 10441.6 / 15973.4
2026-03-04 16:14:05.309 [DEBUG] [SystemMonitor] cpuUsage: 30.7888 cpuTemp: 64.45 memUsed(MB): 10441.6 / 15973.4 diskUsed(GB): 45.2848 / 57.9994
2026-03-04 16:14:06.298 [DEBUG] [SystemMonitor] (sysinfo) totalBytes: 1.67493e+10 freeBytes: 5.79959e+09 memoryUsage(MB): 10442.5 / 15973.4
2026-03-04 16:14:06.303 [DEBUG] [SystemMonitor] cpuUsage: 30.3571 cpuTemp: 65 memUsed(MB): 10442.5 / 15973.4 diskUsed(GB): 45.2848 / 57.9994
2026-03-04 16:14:07.295 [DEBUG] [SystemMonitor] (sysinfo) totalBytes: 1.67493e+10 freeBytes: 5.79936e+09 memoryUsage(MB): 10442.7 / 15973.4
2026-03-04 16:14:07.300 [DEBUG] [SystemMonitor] cpuUsage: 30.179 cpuTemp: 63.35 memUsed(MB): 10442.7 / 15973.4 diskUsed(GB): 45.2848 / 57.9994
2026-03-04 16:14:08.297 [DEBUG] [SystemMonitor] (sysinfo) totalBytes: 1.67493e+10 freeBytes: 5.79984e+09 memoryUsage(MB): 10442.2 / 15973.4
2026-03-04 16:14:08.303 [DEBUG] [SystemMonitor] cpuUsage: 30.303 cpuTemp: 63.35 memUsed(MB): 10442.2 / 15973.4 diskUsed(GB): 45.2848 / 57.9994
2026-03-04 16:14:09.297 [DEBUG] [SystemMonitor] (sysinfo) totalBytes: 1.67493e+10 freeBytes: 5.79984e+09 memoryUsage(MB): 10442.2 / 15973.4
2026-03-04 16:14:09.302 [DEBUG] [SystemMonitor] cpuUsage: 45.0382 cpuTemp: 64.45 memUsed(MB): 10442.2 / 15973.4 diskUsed(GB): 45.2848 / 57.9994
2026-03-04 16:14:09.535 [DEBUG] [UdpCommunicator] Single spectrum length: 1024 , min: 504.119 , max: 5022.15 , packetCount: 3950
2026-03-04 16:14:09.549 [DEBUG] onSpectrumReady - 数据大小: 1024 minVal: 504.1192405063291 maxVal: 5022.1478481012655
2026-03-04 16:14:10.298 [DEBUG] [SystemMonitor] (sysinfo) totalBytes: 1.67493e+10 freeBytes: 5.86728e+09 memoryUsage(MB): 10377.9 / 15973.4
2026-03-04 16:14:10.304 [DEBUG] [SystemMonitor] cpuUsage: 38.5204 cpuTemp: 62.8 memUsed(MB): 10377.9 / 15973.4 diskUsed(GB): 45.2848 / 57.9994
2026-03-04 16:14:11.293 [DEBUG] [SystemMonitor] (sysinfo) totalBytes: 1.67493e+10 freeBytes: 5.86476e+09 memoryUsage(MB): 10380.3 / 15973.4
2026-03-04 16:14:11.298 [DEBUG] [SystemMonitor] cpuUsage: 30.6122 cpuTemp: 63.35 memUsed(MB): 10380.3 / 15973.4 diskUsed(GB): 45.2848 / 57.9994
2026-03-04 16:14:12.287 [DEBUG] [SystemMonitor] (sysinfo) totalBytes: 1.67493e+10 freeBytes: 5.86706e+09 memoryUsage(MB): 10378.1 / 15973.4
2026-03-04 16:14:12.293 [DEBUG] [SystemMonitor] cpuUsage: 29.8969 cpuTemp: 63.35 memUsed(MB): 10378.1 / 15973.4 diskUsed(GB): 45.2848 / 57.9994
2026-03-04 16:14:13.286 [DEBUG] [SystemMonitor] (sysinfo) totalBytes: 1.67493e+10 freeBytes: 5.86631e+09 memoryUsage(MB): 10378.9 / 15973.4
2026-03-04 16:14:13.310 [DEBUG] [SystemMonitor] cpuUsage: 38.5787 cpuTemp: 65 memUsed(MB): 10378.9 / 15973.4 diskUsed(GB): 45.2848 / 57.9994
2026-03-04 16:14:14.291 [DEBUG] [SystemMonitor] (sysinfo) totalBytes: 1.67493e+10 freeBytes: 5.8699e+09 memoryUsage(MB): 10375.4 / 15973.4
2026-03-04 16:14:14.295 [DEBUG] [SystemMonitor] cpuUsage: 48.9899 cpuTemp: 64.45 memUsed(MB): 10375.4 / 15973.4 diskUsed(GB): 45.2848 / 57.9994
2026-03-04 16:14:15.300 [DEBUG] [SystemMonitor] (sysinfo) totalBytes: 1.67493e+10 freeBytes: 5.86605e+09 memoryUsage(MB): 10379.1 / 15973.4
2026-03-04 16:14:15.306 [DEBUG] [SystemMonitor] cpuUsage: 31.3131 cpuTemp: 62.25 memUsed(MB): 10379.1 / 15973.4 diskUsed(GB): 45.2848 / 57.9994
2026-03-04 16:14:16.292 [DEBUG] [SystemMonitor] (sysinfo) totalBytes: 1.67493e+10 freeBytes: 5.86568e+09 memoryUsage(MB): 10379.5 / 15973.4
2026-03-04 16:14:16.296 [DEBUG] [SystemMonitor] cpuUsage: 30.6701 cpuTemp: 63.9 memUsed(MB): 10379.5 / 15973.4 diskUsed(GB): 45.2848 / 57.9994
2026-03-04 16:14:17.292 [DEBUG] [SystemMonitor] (sysinfo) totalBytes: 1.67493e+10 freeBytes: 5.8656e+09 memoryUsage(MB): 10379.5 / 15973.4
2026-03-04 16:14:17.298 [DEBUG] [SystemMonitor] cpuUsage: 30.203 cpuTemp: 63.35 memUsed(MB): 10379.5 / 15973.4 diskUsed(GB): 45.2848 / 57.9994
2026-03-04 16:14:18.296 [DEBUG] [SystemMonitor] (sysinfo) totalBytes: 1.67493e+10 freeBytes: 5.86958e+09 memoryUsage(MB): 10375.7 / 15973.4
2026-03-04 16:14:18.301 [DEBUG] [SystemMonitor] cpuUsage: 30.3797 cpuTemp: 61.7 memUsed(MB): 10375.7 / 15973.4 diskUsed(GB): 45.2848 / 57.9994
2026-03-04 16:14:19.292 [DEBUG] [SystemMonitor] (sysinfo) totalBytes: 1.67493e+10 freeBytes: 5.87173e+09 memoryUsage(MB): 10373.7 / 15973.4
2026-03-04 16:14:19.298 [DEBUG] [SystemMonitor] cpuUsage: 31.3776 cpuTemp: 61.15 memUsed(MB): 10373.7 / 15973.4 diskUsed(GB): 45.2848 / 57.9994
2026-03-04 16:14:20.301 [DEBUG] [SystemMonitor] (sysinfo) totalBytes: 1.67493e+10 freeBytes: 5.87151e+09 memoryUsage(MB): 10373.9 / 15973.4
2026-03-04 16:14:20.307 [DEBUG] [SystemMonitor] cpuUsage: 29.6203 cpuTemp: 62.25 memUsed(MB): 10373.9 / 15973.4 diskUsed(GB): 45.2848 / 57.9994
2026-03-04 16:14:21.294 [DEBUG] [SystemMonitor] (sysinfo) totalBytes: 1.67493e+10 freeBytes: 5.87475e+09 memoryUsage(MB): 10370.8 / 15973.4
2026-03-04 16:14:21.299 [DEBUG] [SystemMonitor] cpuUsage: 29.7436 cpuTemp: 62.25 memUsed(MB): 10370.8 / 15973.4 diskUsed(GB): 45.2848 / 57.9994
2026-03-04 16:14:22.292 [DEBUG] [SystemMonitor] (sysinfo) totalBytes: 1.67493e+10 freeBytes: 5.87725e+09 memoryUsage(MB): 10368.4 / 15973.4
2026-03-04 16:14:22.296 [DEBUG] [SystemMonitor] cpuUsage: 31.3776 cpuTemp: 61.7 memUsed(MB): 10368.4 / 15973.4 diskUsed(GB): 45.2848 / 57.9994
2026-03-04 16:14:23.287 [DEBUG] [SystemMonitor] (sysinfo) totalBytes: 1.67493e+10 freeBytes: 5.8753e+09 memoryUsage(MB): 10370.3 / 15973.4
2026-03-04 16:14:23.296 [DEBUG] [SystemMonitor] cpuUsage: 34.1902 cpuTemp: 62.8 memUsed(MB): 10370.3 / 15973.4 diskUsed(GB): 45.2848 / 57.9994
2026-03-04 16:16:09.970 [WARN] qrc:/Main.qml:3147:13: QML Dialog: Binding loop detected for property "implicitWidth":
qrc:/qt-project.org/imports/QtQuick/Controls/Fusion/Dialog.qml:14:5
2026-03-04 16:16:09.971 [WARN] qrc:/Main.qml:3147:13: QML Dialog: Binding loop detected for property "implicitWidth":
qrc:/qt-project.org/imports/QtQuick/Controls/Fusion/Dialog.qml:14:5
2026-03-04 16:16:09.984 [DEBUG] 找到模型文件: "/media/linxi-ice-2/CCCOMA_X64FRE_ZH-CN_DV9/test1/c_system_formal/NIR_system_formal/host_computer/predictor_train/pytorch_predictor/spectrum_model.jit"
2026-03-04 16:16:10.124 [DEBUG] 找到模型文件: "/media/linxi-ice-2/CCCOMA_X64FRE_ZH-CN_DV9/test1/c_system_formal/NIR_system_formal/host_computer/predictor_train/pytorch_predictor/spectrum_model.jit"
2026-03-04 16:16:10.171 [DEBUG] PyTorch 模型加载成功: /media/linxi-ice-2/CCCOMA_X64FRE_ZH-CN_DV9/test1/c_system_formal/NIR_system_formal/host_computer/predictor_train/pytorch_predictor/spectrum_model.jit
2026-03-04 16:16:10.183 [DEBUG] 模型加载成功: "/media/linxi-ice-2/CCCOMA_X64FRE_ZH-CN_DV9/test1/c_system_formal/NIR_system_formal/host_computer/predictor_train/pytorch_predictor/spectrum_model.jit" 预测器: "PyTorch 神经网络预测器"
2026-03-04 16:16:10.444 [DEBUG] [SystemMonitor] (sysinfo) totalBytes: 1.67493e+10 freeBytes: 6.06034e+09 memoryUsage(MB): 10193.8 / 15973.4
2026-03-04 16:16:10.452 [DEBUG] [SystemMonitor] cpuUsage: 0 cpuTemp: 61.15 memUsed(MB): 10193.8 / 15973.4 diskUsed(GB): 45.2837 / 57.9994
2026-03-04 16:16:11.394 [DEBUG] [SystemMonitor] (sysinfo) totalBytes: 1.67493e+10 freeBytes: 6.05955e+09 memoryUsage(MB): 10194.6 / 15973.4
2026-03-04 16:16:11.404 [DEBUG] [SystemMonitor] cpuUsage: 12.5668 cpuTemp: 60.6 memUsed(MB): 10194.6 / 15973.4 diskUsed(GB): 45.2837 / 57.9994
2026-03-04 16:16:12.344 [DEBUG] [SystemMonitor] (sysinfo) totalBytes: 1.67493e+10 freeBytes: 6.06281e+09 memoryUsage(MB): 10191.5 / 15973.4
2026-03-04 16:16:12.356 [DEBUG] [SystemMonitor] cpuUsage: 6.11702 cpuTemp: 58.95 memUsed(MB): 10191.5 / 15973.4 diskUsed(GB): 45.2837 / 57.9994
2026-03-04 16:16:13.293 [DEBUG] [SystemMonitor] (sysinfo) totalBytes: 1.67493e+10 freeBytes: 6.05719e+09 memoryUsage(MB): 10196.8 / 15973.4
2026-03-04 16:16:13.314 [DEBUG] [SystemMonitor] cpuUsage: 18.0851 cpuTemp: 58.95 memUsed(MB): 10196.8 / 15973.4 diskUsed(GB): 45.2837 / 57.9994
2026-03-04 16:16:14.287 [DEBUG] [SystemMonitor] (sysinfo) totalBytes: 1.67493e+10 freeBytes: 6.02962e+09 memoryUsage(MB): 10223.1 / 15973.4
2026-03-04 16:16:14.302 [DEBUG] [SystemMonitor] cpuUsage: 16.0305 cpuTemp: 59.5 memUsed(MB): 10223.1 / 15973.4 diskUsed(GB): 45.2837 / 57.9994
2026-03-04 16:16:15.288 [DEBUG] [SystemMonitor] (sysinfo) totalBytes: 1.67493e+10 freeBytes: 6.03073e+09 memoryUsage(MB): 10222.1 / 15973.4
2026-03-04 16:16:15.308 [DEBUG] [SystemMonitor] cpuUsage: 9.34343 cpuTemp: 59.5 memUsed(MB): 10222.1 / 15973.4 diskUsed(GB): 45.2837 / 57.9994
2026-03-04 16:16:16.286 [DEBUG] [SystemMonitor] (sysinfo) totalBytes: 1.67493e+10 freeBytes: 6.02663e+09 memoryUsage(MB): 10226 / 15973.4
2026-03-04 16:16:16.291 [DEBUG] [SystemMonitor] cpuUsage: 7.30479 cpuTemp: 58.95 memUsed(MB): 10226 / 15973.4 diskUsed(GB): 45.2837 / 57.9994
2026-03-04 16:16:17.287 [DEBUG] [SystemMonitor] (sysinfo) totalBytes: 1.67493e+10 freeBytes: 6.03675e+09 memoryUsage(MB): 10216.3 / 15973.4
2026-03-04 16:16:17.292 [DEBUG] [SystemMonitor] cpuUsage: 5.56962 cpuTemp: 58.4 memUsed(MB): 10216.3 / 15973.4 diskUsed(GB): 45.2837 / 57.9994
2026-03-04 16:16:17.621 [INFO] [串口] ✓ 设置曝光时间(约 200.00 µs)命令已发送到 /dev/ttyUSB0: 08 A4 00 04 33 3E 09 D7
2026-03-04 16:16:18.287 [DEBUG] [SystemMonitor] (sysinfo) totalBytes: 1.67493e+10 freeBytes: 6.03232e+09 memoryUsage(MB): 10220.5 / 15973.4
2026-03-04 16:16:18.291 [DEBUG] [SystemMonitor] cpuUsage: 8.31234 cpuTemp: 57.85 memUsed(MB): 10220.5 / 15973.4 diskUsed(GB): 45.2837 / 57.9994
2026-03-04 16:16:19.287 [DEBUG] [SystemMonitor] (sysinfo) totalBytes: 1.67493e+10 freeBytes: 6.03209e+09 memoryUsage(MB): 10220.8 / 15973.4
2026-03-04 16:16:19.292 [DEBUG] [SystemMonitor] cpuUsage: 5.51378 cpuTemp: 58.4 memUsed(MB): 10220.8 / 15973.4 diskUsed(GB): 45.2837 / 57.9994
2026-03-04 16:16:20.246 [INFO] [串口] ✓ 设置读出时间(约 64.00 µs)命令已发送到 /dev/ttyUSB0: 08 A5 00 00 2B 3E 09 D7
2026-03-04 16:16:20.287 [DEBUG] [SystemMonitor] (sysinfo) totalBytes: 1.67493e+10 freeBytes: 6.03806e+09 memoryUsage(MB): 10215.1 / 15973.4
2026-03-04 16:16:20.292 [DEBUG] [SystemMonitor] cpuUsage: 7.57576 cpuTemp: 59.5 memUsed(MB): 10215.1 / 15973.4 diskUsed(GB): 45.2837 / 57.9994
2026-03-04 16:16:21.286 [DEBUG] [SystemMonitor] (sysinfo) totalBytes: 1.67493e+10 freeBytes: 6.03602e+09 memoryUsage(MB): 10217 / 15973.4
2026-03-04 16:16:21.291 [DEBUG] [SystemMonitor] cpuUsage: 6.09137 cpuTemp: 58.95 memUsed(MB): 10217 / 15973.4 diskUsed(GB): 45.2837 / 57.9994
2026-03-04 16:16:22.287 [DEBUG] [SystemMonitor] (sysinfo) totalBytes: 1.67493e+10 freeBytes: 6.04104e+09 memoryUsage(MB): 10212.2 / 15973.4
2026-03-04 16:16:22.292 [DEBUG] [SystemMonitor] cpuUsage: 4.81013 cpuTemp: 59.5 memUsed(MB): 10212.2 / 15973.4 diskUsed(GB): 45.2837 / 57.9994
2026-03-04 16:16:23.287 [DEBUG] [SystemMonitor] (sysinfo) totalBytes: 1.67493e+10 freeBytes: 6.03908e+09 memoryUsage(MB): 10214.1 / 15973.4
2026-03-04 16:16:23.292 [DEBUG] [SystemMonitor] cpuUsage: 5.08906 cpuTemp: 58.95 memUsed(MB): 10214.1 / 15973.4 diskUsed(GB): 45.2837 / 57.9994
2026-03-04 16:16:24.287 [DEBUG] [SystemMonitor] (sysinfo) totalBytes: 1.67493e+10 freeBytes: 6.03452e+09 memoryUsage(MB): 10218.4 / 15973.4
2026-03-04 16:16:24.291 [DEBUG] [SystemMonitor] cpuUsage: 7.59494 cpuTemp: 59.5 memUsed(MB): 10218.4 / 15973.4 diskUsed(GB): 45.2837 / 57.9994
2026-03-04 16:16:24.628 [INFO] [串口] ✓ 设置读出时间(约 217.00 µs)命令已发送到 /dev/ttyUSB0: 08 A5 00 00 92 3E 09 D7
2026-03-04 16:16:25.287 [DEBUG] [SystemMonitor] (sysinfo) totalBytes: 1.67493e+10 freeBytes: 6.03017e+09 memoryUsage(MB): 10222.6 / 15973.4
2026-03-04 16:16:25.291 [DEBUG] [SystemMonitor] cpuUsage: 7.36041 cpuTemp: 60.05 memUsed(MB): 10222.6 / 15973.4 diskUsed(GB): 45.2837 / 57.9994
2026-03-04 16:16:26.287 [DEBUG] [SystemMonitor] (sysinfo) totalBytes: 1.67493e+10 freeBytes: 6.02351e+09 memoryUsage(MB): 10228.9 / 15973.4
2026-03-04 16:16:26.291 [DEBUG] [SystemMonitor] cpuUsage: 6.54912 cpuTemp: 58.4 memUsed(MB): 10228.9 / 15973.4 diskUsed(GB): 45.2837 / 57.9994
2026-03-04 16:16:27.287 [DEBUG] [SystemMonitor] (sysinfo) totalBytes: 1.67493e+10 freeBytes: 6.02613e+09 memoryUsage(MB): 10226.4 / 15973.4
2026-03-04 16:16:27.291 [DEBUG] [SystemMonitor] cpuUsage: 6.01504 cpuTemp: 59.5 memUsed(MB): 10226.4 / 15973.4 diskUsed(GB): 45.2837 / 57.9994
2026-03-04 16:16:28.287 [DEBUG] [SystemMonitor] (sysinfo) totalBytes: 1.67493e+10 freeBytes: 6.02832e+09 memoryUsage(MB): 10224.3 / 15973.4
2026-03-04 16:16:28.292 [DEBUG] [SystemMonitor] cpuUsage: 4.82234 cpuTemp: 58.95 memUsed(MB): 10224.3 / 15973.4 diskUsed(GB): 45.2837 / 57.9994
2026-03-04 16:16:29.287 [DEBUG] [SystemMonitor] (sysinfo) totalBytes: 1.67493e+10 freeBytes: 6.02945e+09 memoryUsage(MB): 10223.3 / 15973.4
2026-03-04 16:16:29.292 [DEBUG] [SystemMonitor] cpuUsage: 6.04534 cpuTemp: 57.85 memUsed(MB): 10223.3 / 15973.4 diskUsed(GB): 45.2837 / 57.9994
2026-03-04 16:16:30.287 [DEBUG] [SystemMonitor] (sysinfo) totalBytes: 1.67493e+10 freeBytes: 6.02738e+09 memoryUsage(MB): 10225.2 / 15973.4
2026-03-04 16:16:30.291 [DEBUG] [SystemMonitor] cpuUsage: 6.83544 cpuTemp: 58.95 memUsed(MB): 10225.2 / 15973.4 diskUsed(GB): 45.2837 / 57.9994
2026-03-04 16:16:30.750 [INFO] [主界面] 点击 开始获取光谱 按钮
2026-03-04 16:16:30.768 [INFO] [串口] ✓ 启动命令已发送到 /dev/ttyUSB0: 08 6B 00 00 00 3E 09 D7
2026-03-04 16:16:30.775 [INFO] [UDP] UDP接收已在运行
2026-03-04 16:16:30.780 [INFO] [UDP] ✓ UDP接收已启动，端口: 1234
2026-03-04 16:16:31.287 [DEBUG] [SystemMonitor] (sysinfo) totalBytes: 1.67493e+10 freeBytes: 6.03067e+09 memoryUsage(MB): 10222.1 / 15973.4
2026-03-04 16:16:31.292 [DEBUG] [SystemMonitor] cpuUsage: 11.335 cpuTemp: 57.85 memUsed(MB): 10222.1 / 15973.4 diskUsed(GB): 45.2837 / 57.9994
2026-03-04 16:16:32.287 [DEBUG] [SystemMonitor] (sysinfo) totalBytes: 1.67493e+10 freeBytes: 6.02603e+09 memoryUsage(MB): 10226.5 / 15973.4
2026-03-04 16:16:32.291 [DEBUG] [SystemMonitor] cpuUsage: 6.03015 cpuTemp: 57.85 memUsed(MB): 10226.5 / 15973.4 diskUsed(GB): 45.2837 / 57.9994
2026-03-04 16:16:33.287 [DEBUG] [SystemMonitor] (sysinfo) totalBytes: 1.67493e+10 freeBytes: 6.02603e+09 memoryUsage(MB): 10226.5 / 15973.4
2026-03-04 16:16:33.293 [DEBUG] [SystemMonitor] cpuUsage: 5.54156 cpuTemp: 57.3 memUsed(MB): 10226.5 / 15973.4 diskUsed(GB): 45.2837 / 57.9994
2026-03-04 16:16:34.287 [DEBUG] [SystemMonitor] (sysinfo) totalBytes: 1.67493e+10 freeBytes: 6.03656e+09 memoryUsage(MB): 10216.5 / 15973.4
2026-03-04 16:16:34.291 [DEBUG] [SystemMonitor] cpuUsage: 6.01504 cpuTemp: 57.3 memUsed(MB): 10216.5 / 15973.4 diskUsed(GB): 45.2837 / 57.9994
2026-03-04 16:16:35.287 [DEBUG] [SystemMonitor] (sysinfo) totalBytes: 1.67493e+10 freeBytes: 6.03453e+09 memoryUsage(MB): 10218.4 / 15973.4
2026-03-04 16:16:35.291 [DEBUG] [SystemMonitor] cpuUsage: 7.07071 cpuTemp: 58.4 memUsed(MB): 10218.4 / 15973.4 diskUsed(GB): 45.2837 / 57.9994
2026-03-04 16:16:36.287 [DEBUG] [SystemMonitor] (sysinfo) totalBytes: 1.67493e+10 freeBytes: 6.03401e+09 memoryUsage(MB): 10218.9 / 15973.4
2026-03-04 16:16:36.291 [DEBUG] [SystemMonitor] cpuUsage: 5.54156 cpuTemp: 57.85 memUsed(MB): 10218.9 / 15973.4 diskUsed(GB): 45.2837 / 57.9994
2026-03-04 16:16:37.287 [DEBUG] [SystemMonitor] (sysinfo) totalBytes: 1.67493e+10 freeBytes: 6.02989e+09 memoryUsage(MB): 10222.9 / 15973.4
2026-03-04 16:16:37.292 [DEBUG] [SystemMonitor] cpuUsage: 6.21891 cpuTemp: 58.4 memUsed(MB): 10222.9 / 15973.4 diskUsed(GB): 45.2837 / 57.9994
2026-03-04 16:16:38.286 [DEBUG] [SystemMonitor] (sysinfo) totalBytes: 1.67493e+10 freeBytes: 6.02966e+09 memoryUsage(MB): 10223.1 / 15973.4
2026-03-04 16:16:38.291 [DEBUG] [SystemMonitor] cpuUsage: 8.56423 cpuTemp: 58.4 memUsed(MB): 10223.1 / 15973.4 diskUsed(GB): 45.2837 / 57.9994
2026-03-04 16:16:39.287 [DEBUG] [SystemMonitor] (sysinfo) totalBytes: 1.67493e+10 freeBytes: 6.02604e+09 memoryUsage(MB): 10226.5 / 15973.4
2026-03-04 16:16:39.292 [DEBUG] [SystemMonitor] cpuUsage: 7.32323 cpuTemp: 59.5 memUsed(MB): 10226.5 / 15973.4 diskUsed(GB): 45.2837 / 57.9994
2026-03-04 16:16:39.566 [INFO] [串口] ✓ 启动命令已发送到 /dev/ttyUSB0: 08 6B 00 00 00 3E 09 D7
2026-03-04 16:16:39.572 [INFO] [UDP] UDP接收已在运行
2026-03-04 16:16:40.310 [DEBUG] [SystemMonitor] (sysinfo) totalBytes: 1.67493e+10 freeBytes: 5.96913e+09 memoryUsage(MB): 10280.8 / 15973.4
2026-03-04 16:16:40.315 [DEBUG] [SystemMonitor] cpuUsage: 45 cpuTemp: 61.15 memUsed(MB): 10280.8 / 15973.4 diskUsed(GB): 45.2837 / 57.9994
2026-03-04 16:16:41.292 [DEBUG] [SystemMonitor] (sysinfo) totalBytes: 1.67493e+10 freeBytes: 5.8881e+09 memoryUsage(MB): 10358.1 / 15973.4
2026-03-04 16:16:41.297 [DEBUG] [SystemMonitor] cpuUsage: 55.4974 cpuTemp: 61.7 memUsed(MB): 10358.1 / 15973.4 diskUsed(GB): 45.2837 / 57.9994
2026-03-04 16:16:42.135 [DEBUG] [UdpCommunicator] Single spectrum length: 1024 , min: 510.392 , max: 4776.81 , packetCount: 3950
2026-03-04 16:16:42.139 [DEBUG] onSpectrumReady - 数据大小: 1024 minVal: 510.3921518987342 maxVal: 4776.810379746836
2026-03-04 16:16:42.290 [DEBUG] [SystemMonitor] (sysinfo) totalBytes: 1.67493e+10 freeBytes: 5.82359e+09 memoryUsage(MB): 10419.6 / 15973.4
2026-03-04 16:16:42.295 [DEBUG] [SystemMonitor] cpuUsage: 71.9388 cpuTemp: 63.35 memUsed(MB): 10419.6 / 15973.4 diskUsed(GB): 45.2837 / 57.9994
2026-03-04 16:16:43.291 [DEBUG] [SystemMonitor] (sysinfo) totalBytes: 1.67493e+10 freeBytes: 5.83342e+09 memoryUsage(MB): 10410.2 / 15973.4
2026-03-04 16:16:43.295 [DEBUG] [SystemMonitor] cpuUsage: 61.3811 cpuTemp: 63.9 memUsed(MB): 10410.2 / 15973.4 diskUsed(GB): 45.2837 / 57.9994
2026-03-04 16:16:43.794 [DEBUG] [UdpCommunicator] Single spectrum length: 1024 , min: 510.455 , max: 4765.26 , packetCount: 3950
2026-03-04 16:16:43.799 [DEBUG] onSpectrumReady - 数据大小: 1024 minVal: 510.4554430379747 maxVal: 4765.264810126582
2026-03-04 16:16:44.303 [DEBUG] [SystemMonitor] (sysinfo) totalBytes: 1.67493e+10 freeBytes: 5.89744e+09 memoryUsage(MB): 10349.2 / 15973.4
2026-03-04 16:16:44.308 [DEBUG] [SystemMonitor] cpuUsage: 63.4518 cpuTemp: 63.35 memUsed(MB): 10349.2 / 15973.4 diskUsed(GB): 45.2837 / 57.9994
2026-03-04 16:16:45.290 [DEBUG] [SystemMonitor] (sysinfo) totalBytes: 1.67493e+10 freeBytes: 5.84228e+09 memoryUsage(MB): 10401.8 / 15973.4
2026-03-04 16:16:45.295 [DEBUG] [SystemMonitor] cpuUsage: 68.1347 cpuTemp: 63.35 memUsed(MB): 10401.8 / 15973.4 diskUsed(GB): 45.2837 / 57.9994
2026-03-04 16:16:45.451 [DEBUG] [UdpCommunicator] Single spectrum length: 1024 , min: 510.716 , max: 4760.38 , packetCount: 3950
2026-03-04 16:16:45.456 [DEBUG] onSpectrumReady - 数据大小: 1024 minVal: 510.71569620253166 maxVal: 4760.377468354431
2026-03-04 16:16:46.304 [DEBUG] [SystemMonitor] (sysinfo) totalBytes: 1.67493e+10 freeBytes: 5.81205e+09 memoryUsage(MB): 10430.6 / 15973.4
2026-03-04 16:16:46.314 [DEBUG] [SystemMonitor] cpuUsage: 76.3224 cpuTemp: 65.55 memUsed(MB): 10430.6 / 15973.4 diskUsed(GB): 45.2837 / 57.9994
2026-03-04 16:16:47.140 [DEBUG] [UdpCommunicator] Single spectrum length: 1024 , min: 510.743 , max: 4758.14 , packetCount: 3950
2026-03-04 16:16:47.146 [DEBUG] onSpectrumReady - 数据大小: 1024 minVal: 510.74303797468355 maxVal: 4758.141518987341
2026-03-04 16:16:47.290 [DEBUG] [SystemMonitor] (sysinfo) totalBytes: 1.67493e+10 freeBytes: 5.81457e+09 memoryUsage(MB): 10428.2 / 15973.4
2026-03-04 16:16:47.295 [DEBUG] [SystemMonitor] cpuUsage: 87.4359 cpuTemp: 65.55 memUsed(MB): 10428.2 / 15973.4 diskUsed(GB): 45.2837 / 57.9994
2026-03-04 16:16:48.290 [DEBUG] [SystemMonitor] (sysinfo) totalBytes: 1.67493e+10 freeBytes: 5.832e+09 memoryUsage(MB): 10411.6 / 15973.4
2026-03-04 16:16:48.294 [DEBUG] [SystemMonitor] cpuUsage: 71.1735 cpuTemp: 65 memUsed(MB): 10411.6 / 15973.4 diskUsed(GB): 45.2837 / 57.9994
2026-03-04 16:16:48.789 [DEBUG] [UdpCommunicator] Single spectrum length: 1024 , min: 510.239 , max: 4756.6 , packetCount: 3954
2026-03-04 16:16:48.795 [DEBUG] onSpectrumReady - 数据大小: 1024 minVal: 510.23899848254933 maxVal: 4756.600151745069
2026-03-04 16:16:49.288 [DEBUG] [SystemMonitor] (sysinfo) totalBytes: 1.67493e+10 freeBytes: 5.82985e+09 memoryUsage(MB): 10413.6 / 15973.4
2026-03-04 16:16:49.292 [DEBUG] [SystemMonitor] cpuUsage: 65.1282 cpuTemp: 65 memUsed(MB): 10413.6 / 15973.4 diskUsed(GB): 45.2837 / 57.9994
2026-03-04 16:16:50.303 [DEBUG] [SystemMonitor] (sysinfo) totalBytes: 1.67493e+10 freeBytes: 5.82966e+09 memoryUsage(MB): 10413.8 / 15973.4
2026-03-04 16:16:50.308 [DEBUG] [SystemMonitor] cpuUsage: 68.7657 cpuTemp: 66.1 memUsed(MB): 10413.8 / 15973.4 diskUsed(GB): 45.2837 / 57.9994
2026-03-04 16:16:50.456 [DEBUG] [UdpCommunicator] Single spectrum length: 1024 , min: 509.526 , max: 4747.2 , packetCount: 3950
2026-03-04 16:16:50.463 [DEBUG] onSpectrumReady - 数据大小: 1024 minVal: 509.5263291139241 maxVal: 4747.203037974684
2026-03-04 16:16:51.287 [DEBUG] [SystemMonitor] (sysinfo) totalBytes: 1.67493e+10 freeBytes: 5.8869e+09 memoryUsage(MB): 10359.2 / 15973.4
2026-03-04 16:16:51.293 [DEBUG] [SystemMonitor] cpuUsage: 62.9921 cpuTemp: 66.1 memUsed(MB): 10359.2 / 15973.4 diskUsed(GB): 45.2837 / 57.9994
2026-03-04 16:16:52.095 [DEBUG] [UdpCommunicator] Single spectrum length: 1024 , min: 514.136 , max: 3331.78 , packetCount: 3950
2026-03-04 16:16:52.102 [DEBUG] onSpectrumReady - 数据大小: 1024 minVal: 514.1362025316456 maxVal: 3331.7774683544303
2026-03-04 16:16:52.318 [DEBUG] [SystemMonitor] (sysinfo) totalBytes: 1.67493e+10 freeBytes: 5.83028e+09 memoryUsage(MB): 10413.2 / 15973.4
2026-03-04 16:16:52.330 [DEBUG] [SystemMonitor] cpuUsage: 75.9214 cpuTemp: 67.75 memUsed(MB): 10413.2 / 15973.4 diskUsed(GB): 45.2837 / 57.9994
2026-03-04 16:16:53.311 [DEBUG] [SystemMonitor] (sysinfo) totalBytes: 1.67493e+10 freeBytes: 5.83908e+09 memoryUsage(MB): 10404.8 / 15973.4
2026-03-04 16:16:53.315 [DEBUG] [SystemMonitor] cpuUsage: 65.7216 cpuTemp: 66.65 memUsed(MB): 10404.8 / 15973.4 diskUsed(GB): 45.2837 / 57.9994
2026-03-04 16:16:53.765 [DEBUG] [UdpCommunicator] Single spectrum length: 1024 , min: 370.995 , max: 1402.66 , packetCount: 3950
2026-03-04 16:16:53.771 [DEBUG] onSpectrumReady - 数据大小: 1024 minVal: 370.99544303797467 maxVal: 1402.6559493670886
2026-03-04 16:16:54.289 [DEBUG] [SystemMonitor] (sysinfo) totalBytes: 1.67493e+10 freeBytes: 5.8286e+09 memoryUsage(MB): 10414.8 / 15973.4
2026-03-04 16:16:54.297 [DEBUG] [SystemMonitor] cpuUsage: 65.3543 cpuTemp: 65.55 memUsed(MB): 10414.8 / 15973.4 diskUsed(GB): 45.2837 / 57.9994
2026-03-04 16:16:55.288 [DEBUG] [SystemMonitor] (sysinfo) totalBytes: 1.67493e+10 freeBytes: 5.81865e+09 memoryUsage(MB): 10424.3 / 15973.4
2026-03-04 16:16:55.293 [DEBUG] [SystemMonitor] cpuUsage: 73.4694 cpuTemp: 65.55 memUsed(MB): 10424.3 / 15973.4 diskUsed(GB): 45.2837 / 57.9994
2026-03-04 16:16:55.408 [DEBUG] [UdpCommunicator] Single spectrum length: 1024 , min: 374.236 , max: 1410.64 , packetCount: 3950
2026-03-04 16:16:55.414 [DEBUG] onSpectrumReady - 数据大小: 1024 minVal: 374.23645569620254 maxVal: 1410.6443037974684
2026-03-04 16:16:56.304 [DEBUG] [SystemMonitor] (sysinfo) totalBytes: 1.67493e+10 freeBytes: 5.81643e+09 memoryUsage(MB): 10426.4 / 15973.4
2026-03-04 16:16:56.313 [DEBUG] [SystemMonitor] cpuUsage: 62.6263 cpuTemp: 67.2 memUsed(MB): 10426.4 / 15973.4 diskUsed(GB): 45.2837 / 57.9994
2026-03-04 16:16:57.143 [DEBUG] [UdpCommunicator] Single spectrum length: 1024 , min: 380.859 , max: 1414.71 , packetCount: 3950
2026-03-04 16:16:57.153 [DEBUG] onSpectrumReady - 数据大小: 1024 minVal: 380.8594936708861 maxVal: 1414.7103797468355
2026-03-04 16:16:57.331 [DEBUG] [SystemMonitor] (sysinfo) totalBytes: 1.67493e+10 freeBytes: 5.81392e+09 memoryUsage(MB): 10428.8 / 15973.4
2026-03-04 16:16:57.335 [DEBUG] [SystemMonitor] cpuUsage: 73.3831 cpuTemp: 66.65 memUsed(MB): 10428.8 / 15973.4 diskUsed(GB): 45.2837 / 57.9994
2026-03-04 16:16:58.286 [DEBUG] [SystemMonitor] (sysinfo) totalBytes: 1.67493e+10 freeBytes: 5.82865e+09 memoryUsage(MB): 10414.8 / 15973.4
2026-03-04 16:16:58.292 [DEBUG] [SystemMonitor] cpuUsage: 62.4 cpuTemp: 67.2 memUsed(MB): 10414.8 / 15973.4 diskUsed(GB): 45.2837 / 57.9994
2026-03-04 16:16:58.773 [DEBUG] [UdpCommunicator] Single spectrum length: 1024 , min: 380.478 , max: 1411.31 , packetCount: 3950
2026-03-04 16:16:58.778 [DEBUG] onSpectrumReady - 数据大小: 1024 minVal: 380.4777215189873 maxVal: 1411.3078481012658
2026-03-04 16:16:59.310 [DEBUG] [SystemMonitor] (sysinfo) totalBytes: 1.67493e+10 freeBytes: 5.83739e+09 memoryUsage(MB): 10406.4 / 15973.4
2026-03-04 16:16:59.314 [DEBUG] [SystemMonitor] cpuUsage: 62.8141 cpuTemp: 65 memUsed(MB): 10406.4 / 15973.4 diskUsed(GB): 45.2837 / 57.9994
2026-03-04 16:17:00.289 [DEBUG] [SystemMonitor] (sysinfo) totalBytes: 1.67493e+10 freeBytes: 5.83597e+09 memoryUsage(MB): 10407.8 / 15973.4
2026-03-04 16:17:00.295 [DEBUG] [SystemMonitor] cpuUsage: 71.0183 cpuTemp: 65.55 memUsed(MB): 10407.8 / 15973.4 diskUsed(GB): 45.2837 / 57.9994
2026-03-04 16:17:00.382 [DEBUG] [UdpCommunicator] Single spectrum length: 1024 , min: 518.611 , max: 2179.24 , packetCount: 3950
2026-03-04 16:17:00.387 [DEBUG] onSpectrumReady - 数据大小: 1024 minVal: 518.6111392405063 maxVal: 2179.241518987342
2026-03-04 16:17:01.289 [DEBUG] [SystemMonitor] (sysinfo) totalBytes: 1.67493e+10 freeBytes: 5.83354e+09 memoryUsage(MB): 10410.1 / 15973.4
2026-03-04 16:17:01.293 [DEBUG] [SystemMonitor] cpuUsage: 50.3856 cpuTemp: 65.55 memUsed(MB): 10410.1 / 15973.4 diskUsed(GB): 45.2837 / 57.9994
2026-03-04 16:17:02.031 [DEBUG] [UdpCommunicator] Single spectrum length: 1024 , min: 510.086 , max: 4722.56 , packetCount: 3950
2026-03-04 16:17:02.037 [DEBUG] onSpectrumReady - 数据大小: 1024 minVal: 510.086329113924 maxVal: 4722.561265822785
2026-03-04 16:17:02.291 [DEBUG] [SystemMonitor] (sysinfo) totalBytes: 1.67493e+10 freeBytes: 5.82448e+09 memoryUsage(MB): 10418.8 / 15973.4
2026-03-04 16:17:02.295 [DEBUG] [SystemMonitor] cpuUsage: 68.1234 cpuTemp: 65.55 memUsed(MB): 10418.8 / 15973.4 diskUsed(GB): 45.2837 / 57.9994
2026-03-04 16:17:03.293 [DEBUG] [SystemMonitor] (sysinfo) totalBytes: 1.67493e+10 freeBytes: 5.8236e+09 memoryUsage(MB): 10419.6 / 15973.4
2026-03-04 16:17:03.298 [DEBUG] [SystemMonitor] cpuUsage: 63.4271 cpuTemp: 68.3 memUsed(MB): 10419.6 / 15973.4 diskUsed(GB): 45.2837 / 57.9994
2026-03-04 16:17:03.702 [DEBUG] [UdpCommunicator] Single spectrum length: 1024 , min: 510.835 , max: 4321.58 , packetCount: 3950
2026-03-04 16:17:03.713 [DEBUG] onSpectrumReady - 数据大小: 1024 minVal: 510.8346835443038 maxVal: 4321.576962025317
2026-03-04 16:17:04.289 [DEBUG] [SystemMonitor] (sysinfo) totalBytes: 1.67493e+10 freeBytes: 5.82715e+09 memoryUsage(MB): 10416.2 / 15973.4
2026-03-04 16:17:04.293 [DEBUG] [SystemMonitor] cpuUsage: 64.5244 cpuTemp: 66.65 memUsed(MB): 10416.2 / 15973.4 diskUsed(GB): 45.2837 / 57.9994
2026-03-04 16:17:05.290 [DEBUG] [SystemMonitor] (sysinfo) totalBytes: 1.67493e+10 freeBytes: 5.82518e+09 memoryUsage(MB): 10418.1 / 15973.4
2026-03-04 16:17:05.295 [DEBUG] [SystemMonitor] cpuUsage: 71.4286 cpuTemp: 67.2 memUsed(MB): 10418.1 / 15973.4 diskUsed(GB): 45.2837 / 57.9994
2026-03-04 16:17:05.356 [DEBUG] [UdpCommunicator] Single spectrum length: 1024 , min: 516.348 , max: 2576.78 , packetCount: 3950
2026-03-04 16:17:05.361 [DEBUG] onSpectrumReady - 数据大小: 1024 minVal: 516.3481012658228 maxVal: 2576.779493670886
2026-03-04 16:17:06.304 [DEBUG] [SystemMonitor] (sysinfo) totalBytes: 1.67493e+10 freeBytes: 5.82982e+09 memoryUsage(MB): 10413.7 / 15973.4
2026-03-04 16:17:06.309 [DEBUG] [SystemMonitor] cpuUsage: 61.8687 cpuTemp: 67.75 memUsed(MB): 10413.7 / 15973.4 diskUsed(GB): 45.2837 / 57.9994
2026-03-04 16:17:07.020 [DEBUG] [UdpCommunicator] Single spectrum length: 1024 , min: 516.957 , max: 1749.6 , packetCount: 3951
2026-03-04 16:17:07.025 [DEBUG] onSpectrumReady - 数据大小: 1024 minVal: 516.9572260187294 maxVal: 1749.6003543406732
2026-03-04 16:17:07.294 [DEBUG] [SystemMonitor] (sysinfo) totalBytes: 1.67493e+10 freeBytes: 5.82468e+09 memoryUsage(MB): 10418.6 / 15973.4
2026-03-04 16:17:07.299 [DEBUG] [SystemMonitor] cpuUsage: 70.1031 cpuTemp: 66.65 memUsed(MB): 10418.6 / 15973.4 diskUsed(GB): 45.2837 / 57.9994
2026-03-04 16:17:08.286 [DEBUG] [SystemMonitor] (sysinfo) totalBytes: 1.67493e+10 freeBytes: 5.82493e+09 memoryUsage(MB): 10418.3 / 15973.4
2026-03-04 16:17:08.292 [DEBUG] [SystemMonitor] cpuUsage: 64.9351 cpuTemp: 66.65 memUsed(MB): 10418.3 / 15973.4 diskUsed(GB): 45.2837 / 57.9994
2026-03-04 16:17:08.674 [DEBUG] [UdpCommunicator] Single spectrum length: 1024 , min: 514.326 , max: 1764.92 , packetCount: 3950
2026-03-04 16:17:08.680 [DEBUG] onSpectrumReady - 数据大小: 1024 minVal: 514.3263291139241 maxVal: 1764.9156962025315
2026-03-04 16:17:09.304 [DEBUG] [SystemMonitor] (sysinfo) totalBytes: 1.67493e+10 freeBytes: 5.82648e+09 memoryUsage(MB): 10416.8 / 15973.4
2026-03-04 16:17:09.308 [DEBUG] [SystemMonitor] cpuUsage: 62.6566 cpuTemp: 65.55 memUsed(MB): 10416.8 / 15973.4 diskUsed(GB): 45.2837 / 57.9994
2026-03-04 16:17:10.290 [DEBUG] [SystemMonitor] (sysinfo) totalBytes: 1.67493e+10 freeBytes: 5.81775e+09 memoryUsage(MB): 10425.2 / 15973.4
2026-03-04 16:17:10.296 [DEBUG] [SystemMonitor] cpuUsage: 75.1295 cpuTemp: 69.4 memUsed(MB): 10425.2 / 15973.4 diskUsed(GB): 45.2837 / 57.9994
2026-03-04 16:17:10.355 [DEBUG] [UdpCommunicator] Single spectrum length: 1024 , min: 516.836 , max: 1761.68 , packetCount: 3950
2026-03-04 16:17:10.359 [DEBUG] onSpectrumReady - 数据大小: 1024 minVal: 516.8362025316455 maxVal: 1761.6772151898733
2026-03-04 16:17:11.304 [DEBUG] [SystemMonitor] (sysinfo) totalBytes: 1.67493e+10 freeBytes: 5.81285e+09 memoryUsage(MB): 10429.8 / 15973.4
2026-03-04 16:17:11.311 [DEBUG] [SystemMonitor] cpuUsage: 61.9289 cpuTemp: 67.2 memUsed(MB): 10429.8 / 15973.4 diskUsed(GB): 45.2837 / 57.9994
2026-03-04 16:17:11.992 [DEBUG] [UdpCommunicator] Single spectrum length: 1024 , min: 517.368 , max: 1763.04 , packetCount: 3950
2026-03-04 16:17:12.002 [DEBUG] onSpectrumReady - 数据大小: 1024 minVal: 517.3683544303798 maxVal: 1763.0417721518988
2026-03-04 16:17:12.306 [DEBUG] [SystemMonitor] (sysinfo) totalBytes: 1.67493e+10 freeBytes: 5.82052e+09 memoryUsage(MB): 10422.5 / 15973.4
2026-03-04 16:17:12.310 [DEBUG] [SystemMonitor] cpuUsage: 67.5127 cpuTemp: 67.75 memUsed(MB): 10422.5 / 15973.4 diskUsed(GB): 45.2837 / 57.9994
2026-03-04 16:17:13.083 [INFO] [串口] ✓ 设置曝光时间(约 1000.00 µs)命令已发送到 /dev/ttyUSB0: 08 A4 00 15 00 3E 09 D7
2026-03-04 16:17:13.300 [DEBUG] [SystemMonitor] (sysinfo) totalBytes: 1.67493e+10 freeBytes: 5.81686e+09 memoryUsage(MB): 10426 / 15973.4
2026-03-04 16:17:13.304 [DEBUG] [SystemMonitor] cpuUsage: 62.6289 cpuTemp: 68.3 memUsed(MB): 10426 / 15973.4 diskUsed(GB): 45.2837 / 57.9994
2026-03-04 16:17:13.661 [DEBUG] [UdpCommunicator] Single spectrum length: 1024 , min: 517.764 , max: 1795.18 , packetCount: 3950
2026-03-04 16:17:13.670 [DEBUG] onSpectrumReady - 数据大小: 1024 minVal: 517.7640506329114 maxVal: 1795.1837974683544
2026-03-04 16:17:14.292 [DEBUG] [SystemMonitor] (sysinfo) totalBytes: 1.67493e+10 freeBytes: 5.88544e+09 memoryUsage(MB): 10360.6 / 15973.4
2026-03-04 16:17:14.297 [DEBUG] [SystemMonitor] cpuUsage: 45.9948 cpuTemp: 66.1 memUsed(MB): 10360.6 / 15973.4 diskUsed(GB): 45.2837 / 57.9994
2026-03-04 16:17:15.287 [DEBUG] [SystemMonitor] (sysinfo) totalBytes: 1.67493e+10 freeBytes: 5.87868e+09 memoryUsage(MB): 10367.1 / 15973.4
2026-03-04 16:17:15.301 [DEBUG] [SystemMonitor] cpuUsage: 50.1279 cpuTemp: 67.2 memUsed(MB): 10367.1 / 15973.4 diskUsed(GB): 45.2837 / 57.9994
2026-03-04 16:17:15.541 [INFO] [串口] ✓ 设置读出时间(约 1085.00 µs)命令已发送到 /dev/ttyUSB0: 08 A5 00 02 D9 3E 09 D7
2026-03-04 16:17:16.290 [DEBUG] [SystemMonitor] (sysinfo) totalBytes: 1.67493e+10 freeBytes: 5.88447e+09 memoryUsage(MB): 10361.5 / 15973.4
2026-03-04 16:17:16.295 [DEBUG] [SystemMonitor] cpuUsage: 50.7576 cpuTemp: 66.1 memUsed(MB): 10361.5 / 15973.4 diskUsed(GB): 45.2837 / 57.9994
2026-03-04 16:17:17.287 [DEBUG] [SystemMonitor] (sysinfo) totalBytes: 1.67493e+10 freeBytes: 5.88756e+09 memoryUsage(MB): 10358.6 / 15973.4
2026-03-04 16:17:17.292 [DEBUG] [SystemMonitor] cpuUsage: 34.7044 cpuTemp: 63.35 memUsed(MB): 10358.6 / 15973.4 diskUsed(GB): 45.2837 / 57.9994
2026-03-04 16:17:18.289 [DEBUG] [SystemMonitor] (sysinfo) totalBytes: 1.67493e+10 freeBytes: 5.88435e+09 memoryUsage(MB): 10361.7 / 15973.4
2026-03-04 16:17:18.294 [DEBUG] [SystemMonitor] cpuUsage: 46.7005 cpuTemp: 65.55 memUsed(MB): 10361.7 / 15973.4 diskUsed(GB): 45.2837 / 57.9994
2026-03-04 16:17:18.665 [DEBUG] [UdpCommunicator] Single spectrum length: 1024 , min: 493.989 , max: 3670.67 , packetCount: 3950
2026-03-04 16:17:18.673 [DEBUG] onSpectrumReady - 数据大小: 1024 minVal: 493.9893670886076 maxVal: 3670.666329113924
2026-03-04 16:17:19.287 [DEBUG] [SystemMonitor] (sysinfo) totalBytes: 1.67493e+10 freeBytes: 5.88593e+09 memoryUsage(MB): 10360.1 / 15973.4
2026-03-04 16:17:19.291 [DEBUG] [SystemMonitor] cpuUsage: 45.8974 cpuTemp: 63.35 memUsed(MB): 10360.1 / 15973.4 diskUsed(GB): 45.2837 / 57.9994
2026-03-04 16:17:20.287 [DEBUG] [SystemMonitor] (sysinfo) totalBytes: 1.67493e+10 freeBytes: 5.88313e+09 memoryUsage(MB): 10362.8 / 15973.4
2026-03-04 16:17:20.291 [DEBUG] [SystemMonitor] cpuUsage: 34.1026 cpuTemp: 64.45 memUsed(MB): 10362.8 / 15973.4 diskUsed(GB): 45.2837 / 57.9994
2026-03-04 16:17:21.289 [DEBUG] [SystemMonitor] (sysinfo) totalBytes: 1.67493e+10 freeBytes: 5.87404e+09 memoryUsage(MB): 10371.5 / 15973.4
2026-03-04 16:17:21.295 [DEBUG] [SystemMonitor] cpuUsage: 35.9694 cpuTemp: 63.35 memUsed(MB): 10371.5 / 15973.4 diskUsed(GB): 45.2837 / 57.9994
2026-03-04 16:17:22.305 [DEBUG] [SystemMonitor] (sysinfo) totalBytes: 1.67493e+10 freeBytes: 5.87893e+09 memoryUsage(MB): 10366.8 / 15973.4
2026-03-04 16:17:22.311 [DEBUG] [SystemMonitor] cpuUsage: 34.8371 cpuTemp: 62.8 memUsed(MB): 10366.8 / 15973.4 diskUsed(GB): 45.2837 / 57.9994
2026-03-04 16:17:23.287 [DEBUG] [SystemMonitor] (sysinfo) totalBytes: 1.67493e+10 freeBytes: 5.87756e+09 memoryUsage(MB): 10368.1 / 15973.4
2026-03-04 16:17:23.292 [DEBUG] [SystemMonitor] cpuUsage: 33.7662 cpuTemp: 63.9 memUsed(MB): 10368.1 / 15973.4 diskUsed(GB): 45.2837 / 57.9994
2026-03-04 16:17:24.291 [DEBUG] [SystemMonitor] (sysinfo) totalBytes: 1.67493e+10 freeBytes: 5.87437e+09 memoryUsage(MB): 10371.2 / 15973.4
2026-03-04 16:17:24.297 [DEBUG] [SystemMonitor] cpuUsage: 36.0406 cpuTemp: 64.45 memUsed(MB): 10371.2 / 15973.4 diskUsed(GB): 45.2837 / 57.9994
2026-03-04 16:17:25.295 [DEBUG] [SystemMonitor] (sysinfo) totalBytes: 1.67493e+10 freeBytes: 5.87274e+09 memoryUsage(MB): 10372.7 / 15973.4
2026-03-04 16:17:25.302 [DEBUG] [SystemMonitor] cpuUsage: 35.6234 cpuTemp: 63.9 memUsed(MB): 10372.7 / 15973.4 diskUsed(GB): 45.2837 / 57.9994
2026-03-04 16:17:26.288 [DEBUG] [SystemMonitor] (sysinfo) totalBytes: 1.67493e+10 freeBytes: 5.85485e+09 memoryUsage(MB): 10389.8 / 15973.4
2026-03-04 16:17:26.296 [DEBUG] [SystemMonitor] cpuUsage: 42.7461 cpuTemp: 65 memUsed(MB): 10389.8 / 15973.4 diskUsed(GB): 45.2837 / 57.9994
2026-03-04 16:17:26.896 [DEBUG] [UdpCommunicator] Single spectrum length: 1024 , min: 504.83 , max: 4251.3 , packetCount: 3950
2026-03-04 16:17:26.903 [DEBUG] onSpectrumReady - 数据大小: 1024 minVal: 504.83037974683543 maxVal: 4251.295189873418
2026-03-04 16:17:27.305 [DEBUG] [SystemMonitor] (sysinfo) totalBytes: 1.67493e+10 freeBytes: 5.86007e+09 memoryUsage(MB): 10384.8 / 15973.4
2026-03-04 16:17:27.310 [DEBUG] [SystemMonitor] cpuUsage: 52.1303 cpuTemp: 64.45 memUsed(MB): 10384.8 / 15973.4 diskUsed(GB): 45.2837 / 57.9994
2026-03-04 16:17:28.287 [DEBUG] [SystemMonitor] (sysinfo) totalBytes: 1.67493e+10 freeBytes: 5.85853e+09 memoryUsage(MB): 10386.3 / 15973.4
2026-03-04 16:17:28.291 [DEBUG] [SystemMonitor] cpuUsage: 35.2332 cpuTemp: 63.9 memUsed(MB): 10386.3 / 15973.4 diskUsed(GB): 45.2837 / 57.9994
2026-03-04 16:17:29.287 [DEBUG] [SystemMonitor] (sysinfo) totalBytes: 1.67493e+10 freeBytes: 5.85983e+09 memoryUsage(MB): 10385 / 15973.4
2026-03-04 16:17:29.293 [DEBUG] [SystemMonitor] cpuUsage: 34.8601 cpuTemp: 63.9 memUsed(MB): 10385 / 15973.4 diskUsed(GB): 45.2837 / 57.9994
2026-03-04 16:17:30.299 [DEBUG] [SystemMonitor] (sysinfo) totalBytes: 1.67493e+10 freeBytes: 5.86938e+09 memoryUsage(MB): 10375.9 / 15973.4
2026-03-04 16:17:30.304 [DEBUG] [SystemMonitor] cpuUsage: 34.1709 cpuTemp: 65 memUsed(MB): 10375.9 / 15973.4 diskUsed(GB): 45.2837 / 57.9994
2026-03-04 16:17:31.288 [DEBUG] [SystemMonitor] (sysinfo) totalBytes: 1.67493e+10 freeBytes: 5.88359e+09 memoryUsage(MB): 10362.4 / 15973.4
2026-03-04 16:17:31.293 [DEBUG] [SystemMonitor] cpuUsage: 36.3402 cpuTemp: 62.25 memUsed(MB): 10362.4 / 15973.4 diskUsed(GB): 45.2837 / 57.9994
2026-03-04 16:17:32.294 [DEBUG] [SystemMonitor] (sysinfo) totalBytes: 1.67493e+10 freeBytes: 5.88096e+09 memoryUsage(MB): 10364.9 / 15973.4
2026-03-04 16:17:32.299 [DEBUG] [SystemMonitor] cpuUsage: 35.0254 cpuTemp: 63.9 memUsed(MB): 10364.9 / 15973.4 diskUsed(GB): 45.2837 / 57.9994
2026-03-04 16:17:33.289 [DEBUG] [SystemMonitor] (sysinfo) totalBytes: 1.67493e+10 freeBytes: 5.88292e+09 memoryUsage(MB): 10363 / 15973.4
2026-03-04 16:17:33.294 [DEBUG] [SystemMonitor] cpuUsage: 33.419 cpuTemp: 61.7 memUsed(MB): 10363 / 15973.4 diskUsed(GB): 45.2837 / 57.9994
2026-03-04 16:19:14.538 [WARN] qrc:/Main.qml:3147:13: QML Dialog: Binding loop detected for property "implicitWidth":
qrc:/qt-project.org/imports/QtQuick/Controls/Fusion/Dialog.qml:14:5
2026-03-04 16:19:14.539 [WARN] qrc:/Main.qml:3147:13: QML Dialog: Binding loop detected for property "implicitWidth":
qrc:/qt-project.org/imports/QtQuick/Controls/Fusion/Dialog.qml:14:5
2026-03-04 16:19:14.552 [DEBUG] 找到模型文件: "/media/linxi-ice-2/CCCOMA_X64FRE_ZH-CN_DV9/test1/c_system_formal/NIR_system_formal/host_computer/predictor_train/pytorch_predictor/spectrum_model.jit"
2026-03-04 16:19:14.702 [DEBUG] 找到模型文件: "/media/linxi-ice-2/CCCOMA_X64FRE_ZH-CN_DV9/test1/c_system_formal/NIR_system_formal/host_computer/predictor_train/pytorch_predictor/spectrum_model.jit"
2026-03-04 16:19:14.748 [DEBUG] PyTorch 模型加载成功: /media/linxi-ice-2/CCCOMA_X64FRE_ZH-CN_DV9/test1/c_system_formal/NIR_system_formal/host_computer/predictor_train/pytorch_predictor/spectrum_model.jit
2026-03-04 16:19:14.762 [DEBUG] 模型加载成功: "/media/linxi-ice-2/CCCOMA_X64FRE_ZH-CN_DV9/test1/c_system_formal/NIR_system_formal/host_computer/predictor_train/pytorch_predictor/spectrum_model.jit" 预测器: "PyTorch 神经网络预测器"
2026-03-04 16:19:15.271 [DEBUG] [SystemMonitor] (sysinfo) totalBytes: 1.67493e+10 freeBytes: 6.00587e+09 memoryUsage(MB): 10245.8 / 15973.4
2026-03-04 16:19:15.280 [DEBUG] [SystemMonitor] cpuUsage: 0 cpuTemp: 61.15 memUsed(MB): 10245.8 / 15973.4 diskUsed(GB): 45.2841 / 57.9994
2026-03-04 16:19:16.287 [DEBUG] [SystemMonitor] (sysinfo) totalBytes: 1.67493e+10 freeBytes: 6.00957e+09 memoryUsage(MB): 10242.2 / 15973.4
2026-03-04 16:19:16.298 [DEBUG] [SystemMonitor] cpuUsage: 4.72637 cpuTemp: 58.4 memUsed(MB): 10242.2 / 15973.4 diskUsed(GB): 45.2841 / 57.9994
2026-03-04 16:19:17.287 [DEBUG] [SystemMonitor] (sysinfo) totalBytes: 1.67493e+10 freeBytes: 6.01029e+09 memoryUsage(MB): 10241.5 / 15973.4
2026-03-04 16:19:17.305 [DEBUG] [SystemMonitor] cpuUsage: 24.9364 cpuTemp: 60.05 memUsed(MB): 10241.5 / 15973.4 diskUsed(GB): 45.2841 / 57.9994
2026-03-04 16:19:18.288 [DEBUG] [SystemMonitor] (sysinfo) totalBytes: 1.67493e+10 freeBytes: 5.99954e+09 memoryUsage(MB): 10251.8 / 15973.4
2026-03-04 16:19:18.301 [DEBUG] [SystemMonitor] cpuUsage: 33.5025 cpuTemp: 60.05 memUsed(MB): 10251.8 / 15973.4 diskUsed(GB): 45.2841 / 57.9994
2026-03-04 16:19:19.288 [DEBUG] [SystemMonitor] (sysinfo) totalBytes: 1.67493e+10 freeBytes: 6.00181e+09 memoryUsage(MB): 10249.6 / 15973.4
2026-03-04 16:19:19.303 [DEBUG] [SystemMonitor] cpuUsage: 9.79899 cpuTemp: 60.05 memUsed(MB): 10249.6 / 15973.4 diskUsed(GB): 45.2841 / 57.9994
2026-03-04 16:19:20.288 [DEBUG] [SystemMonitor] (sysinfo) totalBytes: 1.67493e+10 freeBytes: 5.99941e+09 memoryUsage(MB): 10251.9 / 15973.4
2026-03-04 16:19:20.305 [DEBUG] [SystemMonitor] cpuUsage: 13.6364 cpuTemp: 58.95 memUsed(MB): 10251.9 / 15973.4 diskUsed(GB): 45.2841 / 57.9994
2026-03-04 16:19:21.287 [DEBUG] [SystemMonitor] (sysinfo) totalBytes: 1.67493e+10 freeBytes: 6.00233e+09 memoryUsage(MB): 10249.1 / 15973.4
2026-03-04 16:19:21.291 [DEBUG] [SystemMonitor] cpuUsage: 7.57576 cpuTemp: 59.5 memUsed(MB): 10249.1 / 15973.4 diskUsed(GB): 45.2841 / 57.9994
2026-03-04 16:19:22.287 [DEBUG] [SystemMonitor] (sysinfo) totalBytes: 1.67493e+10 freeBytes: 6.00013e+09 memoryUsage(MB): 10251.2 / 15973.4
2026-03-04 16:19:22.292 [DEBUG] [SystemMonitor] cpuUsage: 11.3636 cpuTemp: 58.95 memUsed(MB): 10251.2 / 15973.4 diskUsed(GB): 45.2841 / 57.9994
2026-03-04 16:19:23.287 [DEBUG] [SystemMonitor] (sysinfo) totalBytes: 1.67493e+10 freeBytes: 5.99213e+09 memoryUsage(MB): 10258.9 / 15973.4
2026-03-04 16:19:23.294 [DEBUG] [SystemMonitor] cpuUsage: 13.5678 cpuTemp: 59.5 memUsed(MB): 10258.9 / 15973.4 diskUsed(GB): 45.2841 / 57.9994
2026-03-04 16:19:24.287 [DEBUG] [SystemMonitor] (sysinfo) totalBytes: 1.67493e+10 freeBytes: 5.94234e+09 memoryUsage(MB): 10306.3 / 15973.4
2026-03-04 16:19:24.292 [DEBUG] [SystemMonitor] cpuUsage: 53.1486 cpuTemp: 60.05 memUsed(MB): 10306.3 / 15973.4 diskUsed(GB): 45.2841 / 57.9994
2026-03-04 16:19:25.287 [DEBUG] [SystemMonitor] (sysinfo) totalBytes: 1.67493e+10 freeBytes: 5.94337e+09 memoryUsage(MB): 10305.4 / 15973.4
2026-03-04 16:19:25.292 [DEBUG] [SystemMonitor] cpuUsage: 6.32911 cpuTemp: 59.5 memUsed(MB): 10305.4 / 15973.4 diskUsed(GB): 45.2841 / 57.9994
2026-03-04 16:19:26.287 [DEBUG] [SystemMonitor] (sysinfo) totalBytes: 1.67493e+10 freeBytes: 5.9514e+09 memoryUsage(MB): 10297.7 / 15973.4
2026-03-04 16:19:26.292 [DEBUG] [SystemMonitor] cpuUsage: 14.8615 cpuTemp: 58.4 memUsed(MB): 10297.7 / 15973.4 diskUsed(GB): 45.2841 / 57.9994
2026-03-04 16:19:27.287 [DEBUG] [SystemMonitor] (sysinfo) totalBytes: 1.67493e+10 freeBytes: 5.94859e+09 memoryUsage(MB): 10300.4 / 15973.4
2026-03-04 16:19:27.293 [DEBUG] [SystemMonitor] cpuUsage: 33.5878 cpuTemp: 60.6 memUsed(MB): 10300.4 / 15973.4 diskUsed(GB): 45.2841 / 57.9994
2026-03-04 16:19:28.287 [DEBUG] [SystemMonitor] (sysinfo) totalBytes: 1.67493e+10 freeBytes: 5.94606e+09 memoryUsage(MB): 10302.8 / 15973.4
2026-03-04 16:19:28.290 [DEBUG] [SystemMonitor] cpuUsage: 23.3503 cpuTemp: 60.05 memUsed(MB): 10302.8 / 15973.4 diskUsed(GB): 45.2841 / 57.9994
2026-03-04 16:19:29.288 [DEBUG] [SystemMonitor] (sysinfo) totalBytes: 1.67493e+10 freeBytes: 5.94534e+09 memoryUsage(MB): 10303.5 / 15973.4
2026-03-04 16:19:29.292 [DEBUG] [SystemMonitor] cpuUsage: 11.3065 cpuTemp: 59.5 memUsed(MB): 10303.5 / 15973.4 diskUsed(GB): 45.2841 / 57.9994
2026-03-04 16:19:30.287 [DEBUG] [SystemMonitor] (sysinfo) totalBytes: 1.67493e+10 freeBytes: 5.9443e+09 memoryUsage(MB): 10304.5 / 15973.4
2026-03-04 16:19:30.292 [DEBUG] [SystemMonitor] cpuUsage: 16.962 cpuTemp: 58.4 memUsed(MB): 10304.5 / 15973.4 diskUsed(GB): 45.2841 / 57.9994
2026-03-04 16:19:31.287 [DEBUG] [SystemMonitor] (sysinfo) totalBytes: 1.67493e+10 freeBytes: 5.9501e+09 memoryUsage(MB): 10299 / 15973.4
2026-03-04 16:19:31.291 [DEBUG] [SystemMonitor] cpuUsage: 7.08861 cpuTemp: 58.95 memUsed(MB): 10299 / 15973.4 diskUsed(GB): 45.2841 / 57.9994
2026-03-04 16:19:32.287 [DEBUG] [SystemMonitor] (sysinfo) totalBytes: 1.67493e+10 freeBytes: 6.01067e+09 memoryUsage(MB): 10241.2 / 15973.4
2026-03-04 16:19:32.294 [DEBUG] [SystemMonitor] cpuUsage: 29.5739 cpuTemp: 61.15 memUsed(MB): 10241.2 / 15973.4 diskUsed(GB): 45.2841 / 57.9994
2026-03-04 16:19:33.287 [DEBUG] [SystemMonitor] (sysinfo) totalBytes: 1.67493e+10 freeBytes: 6.03752e+09 memoryUsage(MB): 10215.6 / 15973.4
2026-03-04 16:19:33.291 [DEBUG] [SystemMonitor] cpuUsage: 37.6884 cpuTemp: 59.5 memUsed(MB): 10215.6 / 15973.4 diskUsed(GB): 45.2841 / 57.9994
2026-03-04 16:19:34.287 [DEBUG] [SystemMonitor] (sysinfo) totalBytes: 1.67493e+10 freeBytes: 6.04141e+09 memoryUsage(MB): 10211.9 / 15973.4
2026-03-04 16:19:34.292 [DEBUG] [SystemMonitor] cpuUsage: 6.51629 cpuTemp: 58.95 memUsed(MB): 10211.9 / 15973.4 diskUsed(GB): 45.2841 / 57.9994
2026-03-04 16:19:35.288 [DEBUG] [SystemMonitor] (sysinfo) totalBytes: 1.67493e+10 freeBytes: 6.0409e+09 memoryUsage(MB): 10212.4 / 15973.4
2026-03-04 16:19:35.292 [DEBUG] [SystemMonitor] cpuUsage: 6.78392 cpuTemp: 59.5 memUsed(MB): 10212.4 / 15973.4 diskUsed(GB): 45.2841 / 57.9994
2026-03-04 16:19:36.287 [DEBUG] [SystemMonitor] (sysinfo) totalBytes: 1.67493e+10 freeBytes: 6.04064e+09 memoryUsage(MB): 10212.6 / 15973.4
2026-03-04 16:19:36.292 [DEBUG] [SystemMonitor] cpuUsage: 6.04534 cpuTemp: 58.95 memUsed(MB): 10212.6 / 15973.4 diskUsed(GB): 45.2841 / 57.9994
2026-03-04 16:19:37.287 [DEBUG] [SystemMonitor] (sysinfo) totalBytes: 1.67493e+10 freeBytes: 6.04064e+09 memoryUsage(MB): 10212.6 / 15973.4
2026-03-04 16:19:37.293 [DEBUG] [SystemMonitor] cpuUsage: 5.03778 cpuTemp: 58.95 memUsed(MB): 10212.6 / 15973.4 diskUsed(GB): 45.2841 / 57.9994
2026-03-04 16:19:38.287 [DEBUG] [SystemMonitor] (sysinfo) totalBytes: 1.67493e+10 freeBytes: 6.04443e+09 memoryUsage(MB): 10209 / 15973.4
2026-03-04 16:19:38.291 [DEBUG] [SystemMonitor] cpuUsage: 16.1209 cpuTemp: 58.95 memUsed(MB): 10209 / 15973.4 diskUsed(GB): 45.2841 / 57.9994
2026-03-04 16:19:39.287 [DEBUG] [SystemMonitor] (sysinfo) totalBytes: 1.67493e+10 freeBytes: 6.03851e+09 memoryUsage(MB): 10214.6 / 15973.4
2026-03-04 16:19:39.291 [DEBUG] [SystemMonitor] cpuUsage: 16.4141 cpuTemp: 59.5 memUsed(MB): 10214.6 / 15973.4 diskUsed(GB): 45.2841 / 57.9994
2026-03-04 16:19:40.287 [DEBUG] [SystemMonitor] (sysinfo) totalBytes: 1.67493e+10 freeBytes: 6.03412e+09 memoryUsage(MB): 10218.8 / 15973.4
2026-03-04 16:19:40.291 [DEBUG] [SystemMonitor] cpuUsage: 6.03015 cpuTemp: 58.95 memUsed(MB): 10218.8 / 15973.4 diskUsed(GB): 45.2841 / 57.9994
2026-03-04 16:19:41.287 [DEBUG] [SystemMonitor] (sysinfo) totalBytes: 1.67493e+10 freeBytes: 6.03586e+09 memoryUsage(MB): 10217.2 / 15973.4
2026-03-04 16:19:41.292 [DEBUG] [SystemMonitor] cpuUsage: 7 cpuTemp: 59.5 memUsed(MB): 10217.2 / 15973.4 diskUsed(GB): 45.2841 / 57.9994
2026-03-04 16:19:42.287 [DEBUG] [SystemMonitor] (sysinfo) totalBytes: 1.67493e+10 freeBytes: 6.03153e+09 memoryUsage(MB): 10221.3 / 15973.4
2026-03-04 16:19:42.293 [DEBUG] [SystemMonitor] cpuUsage: 5.82278 cpuTemp: 59.5 memUsed(MB): 10221.3 / 15973.4 diskUsed(GB): 45.2841 / 57.9994
2026-03-04 16:19:43.287 [DEBUG] [SystemMonitor] (sysinfo) totalBytes: 1.67493e+10 freeBytes: 6.02266e+09 memoryUsage(MB): 10229.8 / 15973.4
2026-03-04 16:19:43.291 [DEBUG] [SystemMonitor] cpuUsage: 12.9114 cpuTemp: 59.5 memUsed(MB): 10229.8 / 15973.4 diskUsed(GB): 45.2841 / 57.9994
2026-03-04 16:19:44.287 [DEBUG] [SystemMonitor] (sysinfo) totalBytes: 1.67493e+10 freeBytes: 6.0224e+09 memoryUsage(MB): 10230 / 15973.4
2026-03-04 16:19:44.290 [DEBUG] [SystemMonitor] cpuUsage: 7.78894 cpuTemp: 58.95 memUsed(MB): 10230 / 15973.4 diskUsed(GB): 45.2841 / 57.9994
2026-03-04 16:19:45.287 [DEBUG] [SystemMonitor] (sysinfo) totalBytes: 1.67493e+10 freeBytes: 6.02111e+09 memoryUsage(MB): 10231.2 / 15973.4
2026-03-04 16:19:45.291 [DEBUG] [SystemMonitor] cpuUsage: 9.64467 cpuTemp: 58.4 memUsed(MB): 10231.2 / 15973.4 diskUsed(GB): 45.2841 / 57.9994
2026-03-04 16:19:46.287 [DEBUG] [SystemMonitor] (sysinfo) totalBytes: 1.67493e+10 freeBytes: 6.0206e+09 memoryUsage(MB): 10231.7 / 15973.4
2026-03-04 16:19:46.291 [DEBUG] [SystemMonitor] cpuUsage: 9.27318 cpuTemp: 58.95 memUsed(MB): 10231.7 / 15973.4 diskUsed(GB): 45.2841 / 57.9994
2026-03-04 16:19:47.287 [DEBUG] [SystemMonitor] (sysinfo) totalBytes: 1.67493e+10 freeBytes: 6.01647e+09 memoryUsage(MB): 10235.7 / 15973.4
2026-03-04 16:19:47.291 [DEBUG] [SystemMonitor] cpuUsage: 7.5188 cpuTemp: 57.3 memUsed(MB): 10235.7 / 15973.4 diskUsed(GB): 45.2841 / 57.9994
2026-03-04 16:19:48.288 [DEBUG] [SystemMonitor] (sysinfo) totalBytes: 1.67493e+10 freeBytes: 6.00798e+09 memoryUsage(MB): 10243.8 / 15973.4
2026-03-04 16:19:48.293 [DEBUG] [SystemMonitor] cpuUsage: 34.6734 cpuTemp: 60.6 memUsed(MB): 10243.8 / 15973.4 diskUsed(GB): 45.2841 / 57.9994
2026-03-04 16:19:49.287 [DEBUG] [SystemMonitor] (sysinfo) totalBytes: 1.67493e+10 freeBytes: 6.00824e+09 memoryUsage(MB): 10243.5 / 15973.4
2026-03-04 16:19:49.291 [DEBUG] [SystemMonitor] cpuUsage: 18.2741 cpuTemp: 57.3 memUsed(MB): 10243.5 / 15973.4 diskUsed(GB): 45.2841 / 57.9994
2026-03-04 16:19:50.287 [DEBUG] [SystemMonitor] (sysinfo) totalBytes: 1.67493e+10 freeBytes: 6.01125e+09 memoryUsage(MB): 10240.6 / 15973.4
2026-03-04 16:19:50.292 [DEBUG] [SystemMonitor] cpuUsage: 12.782 cpuTemp: 58.95 memUsed(MB): 10240.6 / 15973.4 diskUsed(GB): 45.2841 / 57.9994
2026-03-04 16:19:51.287 [DEBUG] [SystemMonitor] (sysinfo) totalBytes: 1.67493e+10 freeBytes: 6.01125e+09 memoryUsage(MB): 10240.6 / 15973.4
2026-03-04 16:19:51.292 [DEBUG] [SystemMonitor] cpuUsage: 5.79345 cpuTemp: 59.5 memUsed(MB): 10240.6 / 15973.4 diskUsed(GB): 45.2841 / 57.9994
2026-03-04 16:19:52.287 [DEBUG] [SystemMonitor] (sysinfo) totalBytes: 1.67493e+10 freeBytes: 6.01967e+09 memoryUsage(MB): 10232.6 / 15973.4
2026-03-04 16:19:52.291 [DEBUG] [SystemMonitor] cpuUsage: 5.79345 cpuTemp: 57.85 memUsed(MB): 10232.6 / 15973.4 diskUsed(GB): 45.2841 / 57.9994
2026-03-04 16:19:53.287 [DEBUG] [SystemMonitor] (sysinfo) totalBytes: 1.67493e+10 freeBytes: 6.01977e+09 memoryUsage(MB): 10232.5 / 15973.4
2026-03-04 16:19:53.291 [DEBUG] [SystemMonitor] cpuUsage: 14.3577 cpuTemp: 59.5 memUsed(MB): 10232.5 / 15973.4 diskUsed(GB): 45.2841 / 57.9994
2026-03-04 16:19:54.287 [DEBUG] [SystemMonitor] (sysinfo) totalBytes: 1.67493e+10 freeBytes: 5.9612e+09 memoryUsage(MB): 10288.4 / 15973.4
2026-03-04 16:19:54.292 [DEBUG] [SystemMonitor] cpuUsage: 54.6835 cpuTemp: 61.15 memUsed(MB): 10288.4 / 15973.4 diskUsed(GB): 45.2841 / 57.9994
2026-03-04 16:19:55.287 [DEBUG] [SystemMonitor] (sysinfo) totalBytes: 1.67493e+10 freeBytes: 5.9616e+09 memoryUsage(MB): 10288 / 15973.4
2026-03-04 16:19:55.290 [DEBUG] [SystemMonitor] cpuUsage: 11.8388 cpuTemp: 59.5 memUsed(MB): 10288 / 15973.4 diskUsed(GB): 45.2841 / 57.9994
2026-03-04 16:19:56.287 [DEBUG] [SystemMonitor] (sysinfo) totalBytes: 1.67493e+10 freeBytes: 5.95954e+09 memoryUsage(MB): 10289.9 / 15973.4
2026-03-04 16:19:56.292 [DEBUG] [SystemMonitor] cpuUsage: 7.36041 cpuTemp: 59.5 memUsed(MB): 10289.9 / 15973.4 diskUsed(GB): 45.2841 / 57.9994
2026-03-04 16:19:57.287 [DEBUG] [SystemMonitor] (sysinfo) totalBytes: 1.67493e+10 freeBytes: 5.96165e+09 memoryUsage(MB): 10287.9 / 15973.4
2026-03-04 16:19:57.292 [DEBUG] [SystemMonitor] cpuUsage: 10.8586 cpuTemp: 59.5 memUsed(MB): 10287.9 / 15973.4 diskUsed(GB): 45.2841 / 57.9994
2026-03-04 16:19:58.287 [DEBUG] [SystemMonitor] (sysinfo) totalBytes: 1.67493e+10 freeBytes: 5.96581e+09 memoryUsage(MB): 10284 / 15973.4
2026-03-04 16:19:58.292 [DEBUG] [SystemMonitor] cpuUsage: 16.3728 cpuTemp: 58.4 memUsed(MB): 10284 / 15973.4 diskUsed(GB): 45.2841 / 57.9994
2026-03-04 16:19:59.288 [DEBUG] [SystemMonitor] (sysinfo) totalBytes: 1.67493e+10 freeBytes: 5.96457e+09 memoryUsage(MB): 10285.1 / 15973.4
2026-03-04 16:19:59.292 [DEBUG] [SystemMonitor] cpuUsage: 12.4051 cpuTemp: 59.5 memUsed(MB): 10285.1 / 15973.4 diskUsed(GB): 45.2841 / 57.9994
2026-03-04 16:20:00.287 [DEBUG] [SystemMonitor] (sysinfo) totalBytes: 1.67493e+10 freeBytes: 5.96335e+09 memoryUsage(MB): 10286.3 / 15973.4
2026-03-04 16:20:00.292 [DEBUG] [SystemMonitor] cpuUsage: 13.6364 cpuTemp: 59.5 memUsed(MB): 10286.3 / 15973.4 diskUsed(GB): 45.2841 / 57.9994
2026-03-04 16:20:01.288 [DEBUG] [SystemMonitor] (sysinfo) totalBytes: 1.67493e+10 freeBytes: 5.96309e+09 memoryUsage(MB): 10286.6 / 15973.4
2026-03-04 16:20:01.293 [DEBUG] [SystemMonitor] cpuUsage: 6.56566 cpuTemp: 58.4 memUsed(MB): 10286.6 / 15973.4 diskUsed(GB): 45.2841 / 57.9994
2026-03-04 16:20:02.287 [DEBUG] [SystemMonitor] (sysinfo) totalBytes: 1.67493e+10 freeBytes: 5.96309e+09 memoryUsage(MB): 10286.6 / 15973.4
2026-03-04 16:20:02.291 [DEBUG] [SystemMonitor] cpuUsage: 4.79798 cpuTemp: 58.4 memUsed(MB): 10286.6 / 15973.4 diskUsed(GB): 45.2841 / 57.9994
2026-03-04 16:20:03.287 [DEBUG] [SystemMonitor] (sysinfo) totalBytes: 1.67493e+10 freeBytes: 5.9711e+09 memoryUsage(MB): 10278.9 / 15973.4
2026-03-04 16:20:03.292 [DEBUG] [SystemMonitor] cpuUsage: 11.335 cpuTemp: 58.4 memUsed(MB): 10278.9 / 15973.4 diskUsed(GB): 45.2841 / 57.9994
2026-03-04 16:20:04.288 [DEBUG] [SystemMonitor] (sysinfo) totalBytes: 1.67493e+10 freeBytes: 5.96673e+09 memoryUsage(MB): 10283.1 / 15973.4
2026-03-04 16:20:04.305 [DEBUG] [SystemMonitor] cpuUsage: 24.0602 cpuTemp: 60.05 memUsed(MB): 10283.1 / 15973.4 diskUsed(GB): 45.2841 / 57.9994
2026-03-04 16:20:05.287 [DEBUG] [SystemMonitor] (sysinfo) totalBytes: 1.67493e+10 freeBytes: 5.98635e+09 memoryUsage(MB): 10264.4 / 15973.4
2026-03-04 16:20:05.294 [DEBUG] [SystemMonitor] cpuUsage: 48.1013 cpuTemp: 60.6 memUsed(MB): 10264.4 / 15973.4 diskUsed(GB): 45.2841 / 57.9994
2026-03-04 16:20:06.287 [DEBUG] [SystemMonitor] (sysinfo) totalBytes: 1.67493e+10 freeBytes: 5.98551e+09 memoryUsage(MB): 10265.2 / 15973.4
2026-03-04 16:20:06.291 [DEBUG] [SystemMonitor] cpuUsage: 27.9898 cpuTemp: 57.85 memUsed(MB): 10265.2 / 15973.4 diskUsed(GB): 45.2841 / 57.9994
2026-03-04 16:20:07.287 [DEBUG] [SystemMonitor] (sysinfo) totalBytes: 1.67493e+10 freeBytes: 5.97623e+09 memoryUsage(MB): 10274 / 15973.4
2026-03-04 16:20:07.294 [DEBUG] [SystemMonitor] cpuUsage: 37.9747 cpuTemp: 61.15 memUsed(MB): 10274 / 15973.4 diskUsed(GB): 45.2841 / 57.9994
2026-03-04 16:20:08.288 [DEBUG] [SystemMonitor] (sysinfo) totalBytes: 1.67493e+10 freeBytes: 5.96337e+09 memoryUsage(MB): 10286.3 / 15973.4
2026-03-04 16:20:08.300 [DEBUG] [SystemMonitor] cpuUsage: 57.8005 cpuTemp: 61.7 memUsed(MB): 10286.3 / 15973.4 diskUsed(GB): 45.2841 / 57.9994
2026-03-04 16:20:09.287 [DEBUG] [SystemMonitor] (sysinfo) totalBytes: 1.67493e+10 freeBytes: 5.94939e+09 memoryUsage(MB): 10299.6 / 15973.4
2026-03-04 16:20:09.297 [DEBUG] [SystemMonitor] cpuUsage: 79.8982 cpuTemp: 62.8 memUsed(MB): 10299.6 / 15973.4 diskUsed(GB): 45.2841 / 57.9994
2026-03-04 16:20:10.287 [DEBUG] [SystemMonitor] (sysinfo) totalBytes: 1.67493e+10 freeBytes: 5.96042e+09 memoryUsage(MB): 10289.1 / 15973.4
2026-03-04 16:20:10.291 [DEBUG] [SystemMonitor] cpuUsage: 45.1777 cpuTemp: 62.8 memUsed(MB): 10289.1 / 15973.4 diskUsed(GB): 45.2841 / 57.9994
2026-03-04 16:20:11.287 [DEBUG] [SystemMonitor] (sysinfo) totalBytes: 1.67493e+10 freeBytes: 5.96915e+09 memoryUsage(MB): 10280.8 / 15973.4
2026-03-04 16:20:11.292 [DEBUG] [SystemMonitor] cpuUsage: 44.2455 cpuTemp: 61.15 memUsed(MB): 10280.8 / 15973.4 diskUsed(GB): 45.2841 / 57.9994
2026-03-04 16:20:12.287 [DEBUG] [SystemMonitor] (sysinfo) totalBytes: 1.67493e+10 freeBytes: 5.97053e+09 memoryUsage(MB): 10279.5 / 15973.4
2026-03-04 16:20:12.292 [DEBUG] [SystemMonitor] cpuUsage: 45.7584 cpuTemp: 61.15 memUsed(MB): 10279.5 / 15973.4 diskUsed(GB): 45.2841 / 57.9994
2026-03-04 16:20:13.287 [DEBUG] [SystemMonitor] (sysinfo) totalBytes: 1.67493e+10 freeBytes: 5.97488e+09 memoryUsage(MB): 10275.3 / 15973.4
2026-03-04 16:20:13.294 [DEBUG] [SystemMonitor] cpuUsage: 43.257 cpuTemp: 60.6 memUsed(MB): 10275.3 / 15973.4 diskUsed(GB): 45.2841 / 57.9994
2026-03-04 16:20:14.287 [DEBUG] [SystemMonitor] (sysinfo) totalBytes: 1.67493e+10 freeBytes: 5.96695e+09 memoryUsage(MB): 10282.9 / 15973.4
2026-03-04 16:20:14.292 [DEBUG] [SystemMonitor] cpuUsage: 49.1049 cpuTemp: 61.15 memUsed(MB): 10282.9 / 15973.4 diskUsed(GB): 45.2841 / 57.9994
2026-03-04 16:20:15.287 [DEBUG] [SystemMonitor] (sysinfo) totalBytes: 1.67493e+10 freeBytes: 5.96437e+09 memoryUsage(MB): 10285.3 / 15973.4
2026-03-04 16:20:15.291 [DEBUG] [SystemMonitor] cpuUsage: 41.9847 cpuTemp: 61.7 memUsed(MB): 10285.3 / 15973.4 diskUsed(GB): 45.2841 / 57.9994
2026-03-04 16:20:16.287 [DEBUG] [SystemMonitor] (sysinfo) totalBytes: 1.67493e+10 freeBytes: 5.9771e+09 memoryUsage(MB): 10273.2 / 15973.4
2026-03-04 16:20:16.292 [DEBUG] [SystemMonitor] cpuUsage: 45.0128 cpuTemp: 61.7 memUsed(MB): 10273.2 / 15973.4 diskUsed(GB): 45.2841 / 57.9994
2026-03-04 16:20:17.288 [DEBUG] [SystemMonitor] (sysinfo) totalBytes: 1.67493e+10 freeBytes: 5.97352e+09 memoryUsage(MB): 10276.6 / 15973.4
2026-03-04 16:20:17.295 [DEBUG] [SystemMonitor] cpuUsage: 54.1772 cpuTemp: 62.8 memUsed(MB): 10276.6 / 15973.4 diskUsed(GB): 45.2841 / 57.9994
2026-03-04 16:20:18.287 [DEBUG] [SystemMonitor] (sysinfo) totalBytes: 1.67493e+10 freeBytes: 5.95879e+09 memoryUsage(MB): 10290.7 / 15973.4
2026-03-04 16:20:18.291 [DEBUG] [SystemMonitor] cpuUsage: 53.9642 cpuTemp: 63.9 memUsed(MB): 10290.7 / 15973.4 diskUsed(GB): 45.2841 / 57.9994
2026-03-04 16:20:19.287 [DEBUG] [SystemMonitor] (sysinfo) totalBytes: 1.67493e+10 freeBytes: 5.94961e+09 memoryUsage(MB): 10299.4 / 15973.4
2026-03-04 16:20:19.294 [DEBUG] [SystemMonitor] cpuUsage: 71.8987 cpuTemp: 63.35 memUsed(MB): 10299.4 / 15973.4 diskUsed(GB): 45.2841 / 57.9994
2026-03-04 16:20:20.287 [DEBUG] [SystemMonitor] (sysinfo) totalBytes: 1.67493e+10 freeBytes: 5.94898e+09 memoryUsage(MB): 10300 / 15973.4
2026-03-04 16:20:20.303 [DEBUG] [SystemMonitor] cpuUsage: 57.4359 cpuTemp: 63.9 memUsed(MB): 10300 / 15973.4 diskUsed(GB): 45.2841 / 57.9994
2026-03-04 16:20:21.287 [DEBUG] [SystemMonitor] (sysinfo) totalBytes: 1.67493e+10 freeBytes: 5.95687e+09 memoryUsage(MB): 10292.5 / 15973.4
2026-03-04 16:20:21.292 [DEBUG] [SystemMonitor] cpuUsage: 46.0154 cpuTemp: 63.9 memUsed(MB): 10292.5 / 15973.4 diskUsed(GB): 45.2841 / 57.9994
2026-03-04 16:20:22.287 [DEBUG] [SystemMonitor] (sysinfo) totalBytes: 1.67493e+10 freeBytes: 5.94841e+09 memoryUsage(MB): 10300.6 / 15973.4
2026-03-04 16:20:22.293 [DEBUG] [SystemMonitor] cpuUsage: 41.688 cpuTemp: 62.8 memUsed(MB): 10300.6 / 15973.4 diskUsed(GB): 45.2841 / 57.9994
2026-03-04 16:20:23.288 [DEBUG] [SystemMonitor] (sysinfo) totalBytes: 1.67493e+10 freeBytes: 5.9512e+09 memoryUsage(MB): 10297.9 / 15973.4
2026-03-04 16:20:23.296 [DEBUG] [SystemMonitor] cpuUsage: 54.5918 cpuTemp: 61.7 memUsed(MB): 10297.9 / 15973.4 diskUsed(GB): 45.2841 / 57.9994
2026-03-04 16:20:24.287 [DEBUG] [SystemMonitor] (sysinfo) totalBytes: 1.67493e+10 freeBytes: 5.91291e+09 memoryUsage(MB): 10334.4 / 15973.4
2026-03-04 16:20:24.300 [DEBUG] [SystemMonitor] cpuUsage: 73.9241 cpuTemp: 65 memUsed(MB): 10334.4 / 15973.4 diskUsed(GB): 45.2841 / 57.9994
2026-03-04 16:20:25.287 [DEBUG] [SystemMonitor] (sysinfo) totalBytes: 1.67493e+10 freeBytes: 5.90592e+09 memoryUsage(MB): 10341.1 / 15973.4
2026-03-04 16:20:25.296 [DEBUG] [SystemMonitor] cpuUsage: 66.9211 cpuTemp: 64.45 memUsed(MB): 10341.1 / 15973.4 diskUsed(GB): 45.2841 / 57.9994
2026-03-04 16:20:26.287 [DEBUG] [SystemMonitor] (sysinfo) totalBytes: 1.67493e+10 freeBytes: 5.92108e+09 memoryUsage(MB): 10326.6 / 15973.4
2026-03-04 16:20:26.292 [DEBUG] [SystemMonitor] cpuUsage: 52.6854 cpuTemp: 64.45 memUsed(MB): 10326.6 / 15973.4 diskUsed(GB): 45.2841 / 57.9994
2026-03-04 16:20:27.287 [DEBUG] [SystemMonitor] (sysinfo) totalBytes: 1.67493e+10 freeBytes: 5.91858e+09 memoryUsage(MB): 10329 / 15973.4
2026-03-04 16:20:27.292 [DEBUG] [SystemMonitor] cpuUsage: 50.7653 cpuTemp: 63.9 memUsed(MB): 10329 / 15973.4 diskUsed(GB): 45.2841 / 57.9994
2026-03-04 16:20:28.288 [DEBUG] [SystemMonitor] (sysinfo) totalBytes: 1.67493e+10 freeBytes: 5.91549e+09 memoryUsage(MB): 10332 / 15973.4
2026-03-04 16:20:28.299 [DEBUG] [SystemMonitor] cpuUsage: 43.3673 cpuTemp: 63.9 memUsed(MB): 10332 / 15973.4 diskUsed(GB): 45.2841 / 57.9994
2026-03-04 16:20:29.294 [DEBUG] [SystemMonitor] (sysinfo) totalBytes: 1.67493e+10 freeBytes: 5.88182e+09 memoryUsage(MB): 10364.1 / 15973.4
2026-03-04 16:20:29.344 [DEBUG] [SystemMonitor] cpuUsage: 80.203 cpuTemp: 65 memUsed(MB): 10364.1 / 15973.4 diskUsed(GB): 45.2841 / 57.9994
2026-03-04 16:20:30.288 [DEBUG] [SystemMonitor] (sysinfo) totalBytes: 1.67493e+10 freeBytes: 5.90343e+09 memoryUsage(MB): 10343.5 / 15973.4
2026-03-04 16:20:30.296 [DEBUG] [SystemMonitor] cpuUsage: 54.7315 cpuTemp: 64.45 memUsed(MB): 10343.5 / 15973.4 diskUsed(GB): 45.2841 / 57.9994
2026-03-04 16:20:31.287 [DEBUG] [SystemMonitor] (sysinfo) totalBytes: 1.67493e+10 freeBytes: 5.89366e+09 memoryUsage(MB): 10352.8 / 15973.4
2026-03-04 16:20:31.295 [DEBUG] [SystemMonitor] cpuUsage: 57.289 cpuTemp: 65 memUsed(MB): 10352.8 / 15973.4 diskUsed(GB): 45.2841 / 57.9994
2026-03-04 16:20:32.287 [DEBUG] [SystemMonitor] (sysinfo) totalBytes: 1.67493e+10 freeBytes: 5.90266e+09 memoryUsage(MB): 10344.2 / 15973.4
2026-03-04 16:20:32.293 [DEBUG] [SystemMonitor] cpuUsage: 69.3671 cpuTemp: 65 memUsed(MB): 10344.2 / 15973.4 diskUsed(GB): 45.2841 / 57.9994
2026-03-04 16:20:33.287 [DEBUG] [SystemMonitor] (sysinfo) totalBytes: 1.67493e+10 freeBytes: 5.90994e+09 memoryUsage(MB): 10337.2 / 15973.4
2026-03-04 16:20:33.301 [DEBUG] [SystemMonitor] cpuUsage: 49.0956 cpuTemp: 64.45 memUsed(MB): 10337.2 / 15973.4 diskUsed(GB): 45.2841 / 57.9994
2026-03-04 16:20:34.290 [DEBUG] [SystemMonitor] (sysinfo) totalBytes: 1.67493e+10 freeBytes: 5.8981e+09 memoryUsage(MB): 10348.5 / 15973.4
2026-03-04 16:20:34.308 [DEBUG] [SystemMonitor] cpuUsage: 53.944 cpuTemp: 65 memUsed(MB): 10348.5 / 15973.4 diskUsed(GB): 45.2841 / 57.9994
2026-03-04 16:20:35.289 [DEBUG] [SystemMonitor] (sysinfo) totalBytes: 1.67493e+10 freeBytes: 5.90947e+09 memoryUsage(MB): 10337.7 / 15973.4
2026-03-04 16:20:35.327 [DEBUG] [SystemMonitor] cpuUsage: 69.898 cpuTemp: 63.35 memUsed(MB): 10337.7 / 15973.4 diskUsed(GB): 45.2841 / 57.9994
2026-03-04 16:20:36.287 [DEBUG] [SystemMonitor] (sysinfo) totalBytes: 1.67493e+10 freeBytes: 5.91043e+09 memoryUsage(MB): 10336.8 / 15973.4
2026-03-04 16:20:36.296 [DEBUG] [SystemMonitor] cpuUsage: 56.0102 cpuTemp: 63.35 memUsed(MB): 10336.8 / 15973.4 diskUsed(GB): 45.2841 / 57.9994
2026-03-04 16:20:37.287 [DEBUG] [SystemMonitor] (sysinfo) totalBytes: 1.67493e+10 freeBytes: 5.90863e+09 memoryUsage(MB): 10338.5 / 15973.4
2026-03-04 16:20:37.295 [DEBUG] [SystemMonitor] cpuUsage: 47.0738 cpuTemp: 63.35 memUsed(MB): 10338.5 / 15973.4 diskUsed(GB): 45.2841 / 57.9994
2026-03-04 16:20:38.292 [DEBUG] [SystemMonitor] (sysinfo) totalBytes: 1.67493e+10 freeBytes: 5.91834e+09 memoryUsage(MB): 10329.2 / 15973.4
2026-03-04 16:20:38.297 [DEBUG] [SystemMonitor] cpuUsage: 80.102 cpuTemp: 65.55 memUsed(MB): 10329.2 / 15973.4 diskUsed(GB): 45.2841 / 57.9994
2026-03-04 16:20:39.294 [DEBUG] [SystemMonitor] (sysinfo) totalBytes: 1.67493e+10 freeBytes: 5.91705e+09 memoryUsage(MB): 10330.5 / 15973.4
2026-03-04 16:20:39.318 [DEBUG] [SystemMonitor] cpuUsage: 54.0609 cpuTemp: 65.55 memUsed(MB): 10330.5 / 15973.4 diskUsed(GB): 45.2841 / 57.9994
2026-03-04 16:20:40.290 [DEBUG] [SystemMonitor] (sysinfo) totalBytes: 1.67493e+10 freeBytes: 5.90424e+09 memoryUsage(MB): 10342.7 / 15973.4
2026-03-04 16:20:40.306 [DEBUG] [SystemMonitor] cpuUsage: 84.264 cpuTemp: 65 memUsed(MB): 10342.7 / 15973.4 diskUsed(GB): 45.2841 / 57.9994
2026-03-04 16:20:41.287 [DEBUG] [SystemMonitor] (sysinfo) totalBytes: 1.67493e+10 freeBytes: 5.92215e+09 memoryUsage(MB): 10325.6 / 15973.4
2026-03-04 16:20:41.292 [DEBUG] [SystemMonitor] cpuUsage: 56.9231 cpuTemp: 63.9 memUsed(MB): 10325.6 / 15973.4 diskUsed(GB): 45.2841 / 57.9994
2026-03-04 16:20:42.287 [DEBUG] [SystemMonitor] (sysinfo) totalBytes: 1.67493e+10 freeBytes: 5.9277e+09 memoryUsage(MB): 10320.3 / 15973.4
2026-03-04 16:20:42.292 [DEBUG] [SystemMonitor] cpuUsage: 40.1535 cpuTemp: 65 memUsed(MB): 10320.3 / 15973.4 diskUsed(GB): 45.2841 / 57.9994
2026-03-04 16:20:43.287 [DEBUG] [SystemMonitor] (sysinfo) totalBytes: 1.67493e+10 freeBytes: 5.92324e+09 memoryUsage(MB): 10324.6 / 15973.4
2026-03-04 16:20:43.294 [DEBUG] [SystemMonitor] cpuUsage: 52.9412 cpuTemp: 66.1 memUsed(MB): 10324.6 / 15973.4 diskUsed(GB): 45.2841 / 57.9994
2026-03-04 16:20:44.287 [DEBUG] [SystemMonitor] (sysinfo) totalBytes: 1.67493e+10 freeBytes: 5.91473e+09 memoryUsage(MB): 10332.7 / 15973.4
2026-03-04 16:20:44.297 [DEBUG] [SystemMonitor] cpuUsage: 54.359 cpuTemp: 63.9 memUsed(MB): 10332.7 / 15973.4 diskUsed(GB): 45.2841 / 57.9994
2026-03-04 16:20:45.291 [DEBUG] [SystemMonitor] (sysinfo) totalBytes: 1.67493e+10 freeBytes: 5.92491e+09 memoryUsage(MB): 10323 / 15973.4
2026-03-04 16:20:45.304 [DEBUG] [SystemMonitor] cpuUsage: 85.8586 cpuTemp: 65.55 memUsed(MB): 10323 / 15973.4 diskUsed(GB): 45.2841 / 57.9994
2026-03-04 16:20:46.288 [DEBUG] [SystemMonitor] (sysinfo) totalBytes: 1.67493e+10 freeBytes: 5.92168e+09 memoryUsage(MB): 10326.1 / 15973.4
2026-03-04 16:20:46.295 [DEBUG] [SystemMonitor] cpuUsage: 65.8974 cpuTemp: 65.55 memUsed(MB): 10326.1 / 15973.4 diskUsed(GB): 45.2841 / 57.9994
2026-03-04 16:20:47.287 [DEBUG] [SystemMonitor] (sysinfo) totalBytes: 1.67493e+10 freeBytes: 5.90717e+09 memoryUsage(MB): 10339.9 / 15973.4
2026-03-04 16:20:47.298 [DEBUG] [SystemMonitor] cpuUsage: 71.7224 cpuTemp: 67.2 memUsed(MB): 10339.9 / 15973.4 diskUsed(GB): 45.2841 / 57.9994
2026-03-04 16:20:48.287 [DEBUG] [SystemMonitor] (sysinfo) totalBytes: 1.67493e+10 freeBytes: 5.8982e+09 memoryUsage(MB): 10348.4 / 15973.4
2026-03-04 16:20:48.292 [DEBUG] [SystemMonitor] cpuUsage: 70.8861 cpuTemp: 65.55 memUsed(MB): 10348.4 / 15973.4 diskUsed(GB): 45.2841 / 57.9994
2026-03-04 16:20:49.288 [DEBUG] [SystemMonitor] (sysinfo) totalBytes: 1.67493e+10 freeBytes: 5.89876e+09 memoryUsage(MB): 10347.9 / 15973.4
2026-03-04 16:20:49.301 [DEBUG] [SystemMonitor] cpuUsage: 53.3505 cpuTemp: 65.55 memUsed(MB): 10347.9 / 15973.4 diskUsed(GB): 45.2841 / 57.9994
2026-03-04 16:20:50.288 [DEBUG] [SystemMonitor] (sysinfo) totalBytes: 1.67493e+10 freeBytes: 5.91154e+09 memoryUsage(MB): 10335.7 / 15973.4
2026-03-04 16:20:50.302 [DEBUG] [SystemMonitor] cpuUsage: 58.0808 cpuTemp: 64.45 memUsed(MB): 10335.7 / 15973.4 diskUsed(GB): 45.2841 / 57.9994
2026-03-04 16:20:51.289 [DEBUG] [SystemMonitor] (sysinfo) totalBytes: 1.67493e+10 freeBytes: 5.91106e+09 memoryUsage(MB): 10336.2 / 15973.4
2026-03-04 16:20:51.299 [DEBUG] [SystemMonitor] cpuUsage: 46.8193 cpuTemp: 64.45 memUsed(MB): 10336.2 / 15973.4 diskUsed(GB): 45.2841 / 57.9994
2026-03-04 16:20:52.291 [DEBUG] [SystemMonitor] (sysinfo) totalBytes: 1.67493e+10 freeBytes: 5.91058e+09 memoryUsage(MB): 10336.6 / 15973.4
2026-03-04 16:20:52.312 [DEBUG] [SystemMonitor] cpuUsage: 45.1531 cpuTemp: 65.55 memUsed(MB): 10336.6 / 15973.4 diskUsed(GB): 45.2841 / 57.9994
2026-03-04 16:20:53.287 [DEBUG] [SystemMonitor] (sysinfo) totalBytes: 1.67493e+10 freeBytes: 5.92079e+09 memoryUsage(MB): 10326.9 / 15973.4
2026-03-04 16:20:53.296 [DEBUG] [SystemMonitor] cpuUsage: 71.066 cpuTemp: 63.35 memUsed(MB): 10326.9 / 15973.4 diskUsed(GB): 45.2841 / 57.9994
2026-03-04 16:20:54.290 [DEBUG] [SystemMonitor] (sysinfo) totalBytes: 1.67493e+10 freeBytes: 5.8353e+09 memoryUsage(MB): 10408.4 / 15973.4
2026-03-04 16:20:54.306 [DEBUG] [SystemMonitor] cpuUsage: 63.6829 cpuTemp: 66.65 memUsed(MB): 10408.4 / 15973.4 diskUsed(GB): 45.2841 / 57.9994
2026-03-04 16:20:55.288 [DEBUG] [SystemMonitor] (sysinfo) totalBytes: 1.67493e+10 freeBytes: 5.84221e+09 memoryUsage(MB): 10401.8 / 15973.4
2026-03-04 16:20:55.306 [DEBUG] [SystemMonitor] cpuUsage: 92.6952 cpuTemp: 67.2 memUsed(MB): 10401.8 / 15973.4 diskUsed(GB): 45.2841 / 57.9994
2026-03-04 16:20:56.289 [DEBUG] [SystemMonitor] (sysinfo) totalBytes: 1.67493e+10 freeBytes: 5.84198e+09 memoryUsage(MB): 10402.1 / 15973.4
2026-03-04 16:20:56.297 [DEBUG] [SystemMonitor] cpuUsage: 50.5128 cpuTemp: 66.1 memUsed(MB): 10402.1 / 15973.4 diskUsed(GB): 45.2841 / 57.9994
2026-03-04 16:20:57.287 [DEBUG] [SystemMonitor] (sysinfo) totalBytes: 1.67493e+10 freeBytes: 5.84198e+09 memoryUsage(MB): 10402.1 / 15973.4
2026-03-04 16:20:57.299 [DEBUG] [SystemMonitor] cpuUsage: 45.2685 cpuTemp: 64.45 memUsed(MB): 10402.1 / 15973.4 diskUsed(GB): 45.2841 / 57.9994
2026-03-04 16:20:58.287 [DEBUG] [SystemMonitor] (sysinfo) totalBytes: 1.67493e+10 freeBytes: 5.8541e+09 memoryUsage(MB): 10390.5 / 15973.4
2026-03-04 16:20:58.293 [DEBUG] [SystemMonitor] cpuUsage: 47.8261 cpuTemp: 65 memUsed(MB): 10390.5 / 15973.4 diskUsed(GB): 45.2841 / 57.9994
2026-03-04 16:20:59.287 [DEBUG] [SystemMonitor] (sysinfo) totalBytes: 1.67493e+10 freeBytes: 5.85362e+09 memoryUsage(MB): 10391 / 15973.4
2026-03-04 16:20:59.294 [DEBUG] [SystemMonitor] cpuUsage: 44.9871 cpuTemp: 65.55 memUsed(MB): 10391 / 15973.4 diskUsed(GB): 45.2841 / 57.9994
2026-03-04 16:21:00.288 [DEBUG] [SystemMonitor] (sysinfo) totalBytes: 1.67493e+10 freeBytes: 5.85578e+09 memoryUsage(MB): 10388.9 / 15973.4
2026-03-04 16:21:00.292 [DEBUG] [SystemMonitor] cpuUsage: 53.1807 cpuTemp: 66.1 memUsed(MB): 10388.9 / 15973.4 diskUsed(GB): 45.2841 / 57.9994
2026-03-04 16:21:01.287 [DEBUG] [SystemMonitor] (sysinfo) totalBytes: 1.67493e+10 freeBytes: 5.85532e+09 memoryUsage(MB): 10389.3 / 15973.4
2026-03-04 16:21:01.293 [DEBUG] [SystemMonitor] cpuUsage: 46.7866 cpuTemp: 65 memUsed(MB): 10389.3 / 15973.4 diskUsed(GB): 45.2841 / 57.9994
2026-03-04 16:21:02.287 [DEBUG] [SystemMonitor] (sysinfo) totalBytes: 1.67493e+10 freeBytes: 5.84967e+09 memoryUsage(MB): 10394.7 / 15973.4
2026-03-04 16:21:02.312 [DEBUG] [SystemMonitor] cpuUsage: 63.8677 cpuTemp: 65 memUsed(MB): 10394.7 / 15973.4 diskUsed(GB): 45.2841 / 57.9994
2026-03-04 16:21:03.289 [DEBUG] [SystemMonitor] (sysinfo) totalBytes: 1.67493e+10 freeBytes: 5.84249e+09 memoryUsage(MB): 10401.6 / 15973.4
2026-03-04 16:21:03.319 [DEBUG] [SystemMonitor] cpuUsage: 70.0508 cpuTemp: 67.75 memUsed(MB): 10401.6 / 15973.4 diskUsed(GB): 45.2841 / 57.9994
2026-03-04 16:21:04.287 [DEBUG] [SystemMonitor] (sysinfo) totalBytes: 1.67493e+10 freeBytes: 5.87415e+09 memoryUsage(MB): 10371.4 / 15973.4
2026-03-04 16:21:04.291 [DEBUG] [SystemMonitor] cpuUsage: 44.8101 cpuTemp: 65 memUsed(MB): 10371.4 / 15973.4 diskUsed(GB): 45.2841 / 57.9994
2026-03-04 16:21:05.288 [DEBUG] [SystemMonitor] (sysinfo) totalBytes: 1.67493e+10 freeBytes: 5.88147e+09 memoryUsage(MB): 10364.4 / 15973.4
2026-03-04 16:21:05.291 [DEBUG] [SystemMonitor] cpuUsage: 35.6962 cpuTemp: 64.45 memUsed(MB): 10364.4 / 15973.4 diskUsed(GB): 45.2841 / 57.9994
2026-03-04 16:21:06.287 [DEBUG] [SystemMonitor] (sysinfo) totalBytes: 1.67493e+10 freeBytes: 5.87772e+09 memoryUsage(MB): 10368 / 15973.4
2026-03-04 16:21:06.294 [DEBUG] [SystemMonitor] cpuUsage: 61.5385 cpuTemp: 66.65 memUsed(MB): 10368 / 15973.4 diskUsed(GB): 45.2841 / 57.9994
2026-03-04 16:21:17.320 [WARN] qrc:/Main.qml:3147:13: QML Dialog: Binding loop detected for property "implicitWidth":
qrc:/qt-project.org/imports/QtQuick/Controls/Fusion/Dialog.qml:14:5
2026-03-04 16:21:17.321 [WARN] qrc:/Main.qml:3147:13: QML Dialog: Binding loop detected for property "implicitWidth":
qrc:/qt-project.org/imports/QtQuick/Controls/Fusion/Dialog.qml:14:5
2026-03-04 16:21:17.344 [DEBUG] 找到模型文件: "/media/linxi-ice-2/CCCOMA_X64FRE_ZH-CN_DV9/test1/c_system_formal/NIR_system_formal/host_computer/predictor_train/pytorch_predictor/spectrum_model.jit"
2026-03-04 16:21:17.576 [DEBUG] 找到模型文件: "/media/linxi-ice-2/CCCOMA_X64FRE_ZH-CN_DV9/test1/c_system_formal/NIR_system_formal/host_computer/predictor_train/pytorch_predictor/spectrum_model.jit"
2026-03-04 16:21:17.650 [DEBUG] PyTorch 模型加载成功: /media/linxi-ice-2/CCCOMA_X64FRE_ZH-CN_DV9/test1/c_system_formal/NIR_system_formal/host_computer/predictor_train/pytorch_predictor/spectrum_model.jit
2026-03-04 16:21:17.670 [DEBUG] 模型加载成功: "/media/linxi-ice-2/CCCOMA_X64FRE_ZH-CN_DV9/test1/c_system_formal/NIR_system_formal/host_computer/predictor_train/pytorch_predictor/spectrum_model.jit" 预测器: "PyTorch 神经网络预测器"
2026-03-04 16:21:17.881 [DEBUG] [SystemMonitor] (sysinfo) totalBytes: 1.67493e+10 freeBytes: 5.83088e+09 memoryUsage(MB): 10412.6 / 15973.4
2026-03-04 16:21:17.902 [DEBUG] [SystemMonitor] cpuUsage: 0 cpuTemp: 67.2 memUsed(MB): 10412.6 / 15973.4 diskUsed(GB): 45.2862 / 57.9994
2026-03-04 16:21:18.787 [DEBUG] [SystemMonitor] (sysinfo) totalBytes: 1.67493e+10 freeBytes: 5.82631e+09 memoryUsage(MB): 10417 / 15973.4
2026-03-04 16:21:18.805 [DEBUG] [SystemMonitor] cpuUsage: 67.6966 cpuTemp: 67.75 memUsed(MB): 10417 / 15973.4 diskUsed(GB): 45.2862 / 57.9994
2026-03-04 16:21:19.464 [INFO] [主界面] 点击 开始获取光谱 按钮
2026-03-04 16:21:19.505 [INFO] [串口] ✓ 启动命令已发送到 /dev/ttyUSB0: 08 6B 00 00 00 3E 09 D7
2026-03-04 16:21:19.538 [INFO] [UDP] UDP接收已在运行
2026-03-04 16:21:19.583 [INFO] [UDP] ✓ UDP接收已启动，端口: 1234
2026-03-04 16:21:19.789 [DEBUG] [SystemMonitor] (sysinfo) totalBytes: 1.67493e+10 freeBytes: 5.82076e+09 memoryUsage(MB): 10422.3 / 15973.4
2026-03-04 16:21:19.808 [DEBUG] [SystemMonitor] cpuUsage: 71.7557 cpuTemp: 66.65 memUsed(MB): 10422.3 / 15973.4 diskUsed(GB): 45.2862 / 57.9994
2026-03-04 16:21:20.661 [INFO] [串口] ✓ 启动命令已发送到 /dev/ttyUSB0: 08 6B 00 00 00 3E 09 D7
2026-03-04 16:21:20.682 [INFO] [UDP] UDP接收已在运行
2026-03-04 16:21:20.812 [DEBUG] [SystemMonitor] (sysinfo) totalBytes: 1.67493e+10 freeBytes: 5.80806e+09 memoryUsage(MB): 10434.4 / 15973.4
2026-03-04 16:21:20.819 [DEBUG] [SystemMonitor] cpuUsage: 72.818 cpuTemp: 68.85 memUsed(MB): 10434.4 / 15973.4 diskUsed(GB): 45.2862 / 57.9994
2026-03-04 16:21:21.801 [DEBUG] [SystemMonitor] (sysinfo) totalBytes: 1.67493e+10 freeBytes: 5.7696e+09 memoryUsage(MB): 10471.1 / 15973.4
2026-03-04 16:21:21.821 [DEBUG] [SystemMonitor] cpuUsage: 88.946 cpuTemp: 69.95 memUsed(MB): 10471.1 / 15973.4 diskUsed(GB): 45.2862 / 57.9994
2026-03-04 16:21:22.797 [DEBUG] [SystemMonitor] (sysinfo) totalBytes: 1.67493e+10 freeBytes: 5.75479e+09 memoryUsage(MB): 10485.2 / 15973.4
2026-03-04 16:21:22.807 [DEBUG] [SystemMonitor] cpuUsage: 63.6829 cpuTemp: 67.2 memUsed(MB): 10485.2 / 15973.4 diskUsed(GB): 45.2862 / 57.9994
2026-03-04 16:21:23.854 [DEBUG] [SystemMonitor] (sysinfo) totalBytes: 1.67493e+10 freeBytes: 5.7398e+09 memoryUsage(MB): 10499.5 / 15973.4
2026-03-04 16:21:23.867 [DEBUG] [SystemMonitor] cpuUsage: 76.8116 cpuTemp: 68.85 memUsed(MB): 10499.5 / 15973.4 diskUsed(GB): 45.2862 / 57.9994
2026-03-04 16:21:24.790 [DEBUG] [SystemMonitor] (sysinfo) totalBytes: 1.67493e+10 freeBytes: 5.72194e+09 memoryUsage(MB): 10516.5 / 15973.4
2026-03-04 16:21:24.800 [DEBUG] [SystemMonitor] cpuUsage: 77.1117 cpuTemp: 67.75 memUsed(MB): 10516.5 / 15973.4 diskUsed(GB): 45.2862 / 57.9994
2026-03-04 16:21:25.821 [DEBUG] [SystemMonitor] (sysinfo) totalBytes: 1.67493e+10 freeBytes: 5.71453e+09 memoryUsage(MB): 10523.6 / 15973.4
2026-03-04 16:21:25.828 [DEBUG] [SystemMonitor] cpuUsage: 71.9603 cpuTemp: 67.2 memUsed(MB): 10523.6 / 15973.4 diskUsed(GB): 45.2862 / 57.9994
2026-03-04 16:21:26.762 [INFO] [主界面] 点击 停止获取光谱 按钮
2026-03-04 16:21:26.787 [INFO] [串口] ✓ 停止命令已发送到 /dev/ttyUSB0: 08 6B 00 00 00 3E 09 D7
2026-03-04 16:21:26.858 [INFO] [UDP] UDP接收已停止
2026-03-04 16:21:26.879 [DEBUG] [SystemMonitor] (sysinfo) totalBytes: 1.67493e+10 freeBytes: 5.68821e+09 memoryUsage(MB): 10548.7 / 15973.4
2026-03-04 16:21:26.889 [DEBUG] [SystemMonitor] cpuUsage: 94.2857 cpuTemp: 69.4 memUsed(MB): 10548.7 / 15973.4 diskUsed(GB): 45.2862 / 57.9994
2026-03-04 16:21:27.788 [DEBUG] [SystemMonitor] (sysinfo) totalBytes: 1.67493e+10 freeBytes: 5.6631e+09 memoryUsage(MB): 10572.7 / 15973.4
2026-03-04 16:21:27.796 [DEBUG] [SystemMonitor] cpuUsage: 73.0337 cpuTemp: 67.75 memUsed(MB): 10572.7 / 15973.4 diskUsed(GB): 45.2862 / 57.9994
2026-03-04 16:21:28.787 [DEBUG] [SystemMonitor] (sysinfo) totalBytes: 1.67493e+10 freeBytes: 5.6643e+09 memoryUsage(MB): 10571.5 / 15973.4
2026-03-04 16:21:28.805 [DEBUG] [SystemMonitor] cpuUsage: 86.802 cpuTemp: 69.4 memUsed(MB): 10571.5 / 15973.4 diskUsed(GB): 45.2862 / 57.9994
2026-03-04 16:21:29.787 [DEBUG] [SystemMonitor] (sysinfo) totalBytes: 1.67493e+10 freeBytes: 5.65152e+09 memoryUsage(MB): 10583.7 / 15973.4
2026-03-04 16:21:29.794 [DEBUG] [SystemMonitor] cpuUsage: 63.7532 cpuTemp: 68.3 memUsed(MB): 10583.7 / 15973.4 diskUsed(GB): 45.2862 / 57.9994
2026-03-04 16:21:30.787 [DEBUG] [SystemMonitor] (sysinfo) totalBytes: 1.67493e+10 freeBytes: 5.65869e+09 memoryUsage(MB): 10576.9 / 15973.4
2026-03-04 16:21:30.808 [DEBUG] [SystemMonitor] cpuUsage: 68.5279 cpuTemp: 68.85 memUsed(MB): 10576.9 / 15973.4 diskUsed(GB): 45.2862 / 57.9994
2026-03-04 16:21:31.787 [DEBUG] [SystemMonitor] (sysinfo) totalBytes: 1.67493e+10 freeBytes: 5.698e+09 memoryUsage(MB): 10539.4 / 15973.4
2026-03-04 16:21:31.795 [DEBUG] [SystemMonitor] cpuUsage: 57.7608 cpuTemp: 68.3 memUsed(MB): 10539.4 / 15973.4 diskUsed(GB): 45.2862 / 57.9994
2026-03-04 16:21:32.789 [DEBUG] [SystemMonitor] (sysinfo) totalBytes: 1.67493e+10 freeBytes: 5.68221e+09 memoryUsage(MB): 10554.4 / 15973.4
2026-03-04 16:21:32.799 [DEBUG] [SystemMonitor] cpuUsage: 74.0458 cpuTemp: 68.85 memUsed(MB): 10554.4 / 15973.4 diskUsed(GB): 45.2862 / 57.9994
2026-03-04 16:21:33.787 [DEBUG] [SystemMonitor] (sysinfo) totalBytes: 1.67493e+10 freeBytes: 5.67637e+09 memoryUsage(MB): 10560 / 15973.4
2026-03-04 16:21:33.793 [DEBUG] [SystemMonitor] cpuUsage: 66.2404 cpuTemp: 69.95 memUsed(MB): 10560 / 15973.4 diskUsed(GB): 45.2862 / 57.9994
2026-03-04 16:21:34.787 [DEBUG] [SystemMonitor] (sysinfo) totalBytes: 1.67493e+10 freeBytes: 5.67358e+09 memoryUsage(MB): 10562.7 / 15973.4
2026-03-04 16:21:34.807 [DEBUG] [SystemMonitor] cpuUsage: 66.4122 cpuTemp: 68.3 memUsed(MB): 10562.7 / 15973.4 diskUsed(GB): 45.2862 / 57.9994
2026-03-04 16:21:35.788 [DEBUG] [SystemMonitor] (sysinfo) totalBytes: 1.67493e+10 freeBytes: 5.68696e+09 memoryUsage(MB): 10549.9 / 15973.4
2026-03-04 16:21:35.799 [DEBUG] [SystemMonitor] cpuUsage: 68.9567 cpuTemp: 67.75 memUsed(MB): 10549.9 / 15973.4 diskUsed(GB): 45.2862 / 57.9994
2026-03-04 16:21:36.787 [DEBUG] [SystemMonitor] (sysinfo) totalBytes: 1.67493e+10 freeBytes: 5.69468e+09 memoryUsage(MB): 10542.5 / 15973.4
2026-03-04 16:21:36.813 [DEBUG] [SystemMonitor] cpuUsage: 68.5422 cpuTemp: 68.85 memUsed(MB): 10542.5 / 15973.4 diskUsed(GB): 45.2862 / 57.9994
2026-03-04 16:21:37.789 [DEBUG] [SystemMonitor] (sysinfo) totalBytes: 1.67493e+10 freeBytes: 5.68477e+09 memoryUsage(MB): 10552 / 15973.4
2026-03-04 16:21:37.806 [DEBUG] [SystemMonitor] cpuUsage: 88.9724 cpuTemp: 68.3 memUsed(MB): 10552 / 15973.4 diskUsed(GB): 45.2862 / 57.9994
2026-03-04 16:21:38.787 [DEBUG] [SystemMonitor] (sysinfo) totalBytes: 1.67493e+10 freeBytes: 5.67924e+09 memoryUsage(MB): 10557.3 / 15973.4
2026-03-04 16:21:38.795 [DEBUG] [SystemMonitor] cpuUsage: 73.8462 cpuTemp: 69.4 memUsed(MB): 10557.3 / 15973.4 diskUsed(GB): 45.2862 / 57.9994
2026-03-04 16:21:39.788 [DEBUG] [SystemMonitor] (sysinfo) totalBytes: 1.67493e+10 freeBytes: 5.67128e+09 memoryUsage(MB): 10564.9 / 15973.4
2026-03-04 16:21:39.804 [DEBUG] [SystemMonitor] cpuUsage: 80.303 cpuTemp: 67.75 memUsed(MB): 10564.9 / 15973.4 diskUsed(GB): 45.2862 / 57.9994
2026-03-04 16:21:40.788 [DEBUG] [SystemMonitor] (sysinfo) totalBytes: 1.67493e+10 freeBytes: 5.67693e+09 memoryUsage(MB): 10559.5 / 15973.4
2026-03-04 16:21:40.800 [DEBUG] [SystemMonitor] cpuUsage: 68.1934 cpuTemp: 67.2 memUsed(MB): 10559.5 / 15973.4 diskUsed(GB): 45.2862 / 57.9994
2026-03-04 16:21:41.788 [DEBUG] [SystemMonitor] (sysinfo) totalBytes: 1.67493e+10 freeBytes: 5.68545e+09 memoryUsage(MB): 10551.3 / 15973.4
2026-03-04 16:21:41.812 [DEBUG] [SystemMonitor] cpuUsage: 66.0714 cpuTemp: 69.4 memUsed(MB): 10551.3 / 15973.4 diskUsed(GB): 45.2862 / 57.9994
2026-03-04 16:21:42.791 [DEBUG] [SystemMonitor] (sysinfo) totalBytes: 1.67493e+10 freeBytes: 5.67101e+09 memoryUsage(MB): 10565.1 / 15973.4
2026-03-04 16:21:42.808 [DEBUG] [SystemMonitor] cpuUsage: 88.8608 cpuTemp: 68.85 memUsed(MB): 10565.1 / 15973.4 diskUsed(GB): 45.2862 / 57.9994
2026-03-04 16:21:43.787 [DEBUG] [SystemMonitor] (sysinfo) totalBytes: 1.67493e+10 freeBytes: 5.6691e+09 memoryUsage(MB): 10566.9 / 15973.4
2026-03-04 16:21:43.804 [DEBUG] [SystemMonitor] cpuUsage: 81.1705 cpuTemp: 69.4 memUsed(MB): 10566.9 / 15973.4 diskUsed(GB): 45.2862 / 57.9994
2026-03-04 16:21:44.787 [DEBUG] [SystemMonitor] (sysinfo) totalBytes: 1.67493e+10 freeBytes: 5.66059e+09 memoryUsage(MB): 10575 / 15973.4
2026-03-04 16:21:44.797 [DEBUG] [SystemMonitor] cpuUsage: 82.2335 cpuTemp: 69.4 memUsed(MB): 10575 / 15973.4 diskUsed(GB): 45.2862 / 57.9994
2026-03-04 16:21:45.787 [DEBUG] [SystemMonitor] (sysinfo) totalBytes: 1.67493e+10 freeBytes: 5.66461e+09 memoryUsage(MB): 10571.2 / 15973.4
2026-03-04 16:21:45.795 [DEBUG] [SystemMonitor] cpuUsage: 68.1122 cpuTemp: 69.95 memUsed(MB): 10571.2 / 15973.4 diskUsed(GB): 45.2862 / 57.9994
2026-03-04 16:21:46.787 [DEBUG] [SystemMonitor] (sysinfo) totalBytes: 1.67493e+10 freeBytes: 5.66901e+09 memoryUsage(MB): 10567 / 15973.4
2026-03-04 16:21:46.795 [DEBUG] [SystemMonitor] cpuUsage: 82.2785 cpuTemp: 68.85 memUsed(MB): 10567 / 15973.4 diskUsed(GB): 45.2862 / 57.9994
2026-03-04 16:21:47.788 [DEBUG] [SystemMonitor] (sysinfo) totalBytes: 1.67493e+10 freeBytes: 5.67645e+09 memoryUsage(MB): 10559.9 / 15973.4
2026-03-04 16:21:47.799 [DEBUG] [SystemMonitor] cpuUsage: 65.5612 cpuTemp: 69.4 memUsed(MB): 10559.9 / 15973.4 diskUsed(GB): 45.2862 / 57.9994
2026-03-04 16:21:48.787 [DEBUG] [SystemMonitor] (sysinfo) totalBytes: 1.67493e+10 freeBytes: 5.65751e+09 memoryUsage(MB): 10578 / 15973.4
2026-03-04 16:21:48.794 [DEBUG] [SystemMonitor] cpuUsage: 69.821 cpuTemp: 69.4 memUsed(MB): 10578 / 15973.4 diskUsed(GB): 45.2862 / 57.9994
2026-03-04 16:21:49.788 [DEBUG] [SystemMonitor] (sysinfo) totalBytes: 1.67493e+10 freeBytes: 5.65287e+09 memoryUsage(MB): 10582.4 / 15973.4
2026-03-04 16:21:49.801 [DEBUG] [SystemMonitor] cpuUsage: 83.0808 cpuTemp: 68.85 memUsed(MB): 10582.4 / 15973.4 diskUsed(GB): 45.2862 / 57.9994
2026-03-04 16:21:50.789 [DEBUG] [SystemMonitor] (sysinfo) totalBytes: 1.67493e+10 freeBytes: 5.66358e+09 memoryUsage(MB): 10572.2 / 15973.4
2026-03-04 16:21:50.805 [DEBUG] [SystemMonitor] cpuUsage: 71.5013 cpuTemp: 69.4 memUsed(MB): 10572.2 / 15973.4 diskUsed(GB): 45.2862 / 57.9994
2026-03-04 16:21:51.787 [DEBUG] [SystemMonitor] (sysinfo) totalBytes: 1.67493e+10 freeBytes: 5.68523e+09 memoryUsage(MB): 10551.5 / 15973.4
2026-03-04 16:21:51.793 [DEBUG] [SystemMonitor] cpuUsage: 78.5354 cpuTemp: 67.75 memUsed(MB): 10551.5 / 15973.4 diskUsed(GB): 45.2862 / 57.9994
2026-03-04 16:21:52.787 [DEBUG] [SystemMonitor] (sysinfo) totalBytes: 1.67493e+10 freeBytes: 5.68698e+09 memoryUsage(MB): 10549.9 / 15973.4
2026-03-04 16:21:52.793 [DEBUG] [SystemMonitor] cpuUsage: 43.8776 cpuTemp: 67.75 memUsed(MB): 10549.9 / 15973.4 diskUsed(GB): 45.2862 / 57.9994
2026-03-04 16:21:53.787 [DEBUG] [SystemMonitor] (sysinfo) totalBytes: 1.67493e+10 freeBytes: 5.68345e+09 memoryUsage(MB): 10553.2 / 15973.4
2026-03-04 16:21:53.807 [DEBUG] [SystemMonitor] cpuUsage: 44.5013 cpuTemp: 66.65 memUsed(MB): 10553.2 / 15973.4 diskUsed(GB): 45.2862 / 57.9994
2026-03-04 16:21:54.787 [DEBUG] [SystemMonitor] (sysinfo) totalBytes: 1.67493e+10 freeBytes: 5.68127e+09 memoryUsage(MB): 10555.3 / 15973.4
2026-03-04 16:21:54.794 [DEBUG] [SystemMonitor] cpuUsage: 45.6633 cpuTemp: 67.75 memUsed(MB): 10555.3 / 15973.4 diskUsed(GB): 45.2862 / 57.9994
2026-03-04 16:21:55.787 [DEBUG] [SystemMonitor] (sysinfo) totalBytes: 1.67493e+10 freeBytes: 5.68612e+09 memoryUsage(MB): 10550.7 / 15973.4
2026-03-04 16:21:55.794 [DEBUG] [SystemMonitor] cpuUsage: 49.6164 cpuTemp: 66.65 memUsed(MB): 10550.7 / 15973.4 diskUsed(GB): 45.2862 / 57.9994
2026-03-04 16:21:56.787 [DEBUG] [SystemMonitor] (sysinfo) totalBytes: 1.67493e+10 freeBytes: 5.6873e+09 memoryUsage(MB): 10549.6 / 15973.4
2026-03-04 16:21:56.796 [DEBUG] [SystemMonitor] cpuUsage: 48.6005 cpuTemp: 65.55 memUsed(MB): 10549.6 / 15973.4 diskUsed(GB): 45.2862 / 57.9994
2026-03-04 16:21:57.787 [DEBUG] [SystemMonitor] (sysinfo) totalBytes: 1.67493e+10 freeBytes: 5.68084e+09 memoryUsage(MB): 10555.7 / 15973.4
2026-03-04 16:21:57.797 [DEBUG] [SystemMonitor] cpuUsage: 59.6939 cpuTemp: 67.75 memUsed(MB): 10555.7 / 15973.4 diskUsed(GB): 45.2862 / 57.9994
2026-03-04 16:21:58.788 [DEBUG] [SystemMonitor] (sysinfo) totalBytes: 1.67493e+10 freeBytes: 5.67877e+09 memoryUsage(MB): 10557.7 / 15973.4
2026-03-04 16:21:58.799 [DEBUG] [SystemMonitor] cpuUsage: 70.229 cpuTemp: 67.75 memUsed(MB): 10557.7 / 15973.4 diskUsed(GB): 45.2862 / 57.9994
2026-03-04 16:21:59.787 [DEBUG] [SystemMonitor] (sysinfo) totalBytes: 1.67493e+10 freeBytes: 5.67826e+09 memoryUsage(MB): 10558.2 / 15973.4
2026-03-04 16:21:59.802 [DEBUG] [SystemMonitor] cpuUsage: 61.5776 cpuTemp: 67.2 memUsed(MB): 10558.2 / 15973.4 diskUsed(GB): 45.2862 / 57.9994
2026-03-04 16:22:00.787 [DEBUG] [SystemMonitor] (sysinfo) totalBytes: 1.67493e+10 freeBytes: 5.67647e+09 memoryUsage(MB): 10559.9 / 15973.4
2026-03-04 16:22:00.794 [DEBUG] [SystemMonitor] cpuUsage: 70.2771 cpuTemp: 68.85 memUsed(MB): 10559.9 / 15973.4 diskUsed(GB): 45.2862 / 57.9994
2026-03-04 16:22:01.787 [DEBUG] [SystemMonitor] (sysinfo) totalBytes: 1.67493e+10 freeBytes: 5.6716e+09 memoryUsage(MB): 10564.5 / 15973.4
2026-03-04 16:22:01.794 [DEBUG] [SystemMonitor] cpuUsage: 60.4113 cpuTemp: 68.3 memUsed(MB): 10564.5 / 15973.4 diskUsed(GB): 45.2862 / 57.9994
2026-03-04 16:22:02.788 [DEBUG] [SystemMonitor] (sysinfo) totalBytes: 1.67493e+10 freeBytes: 5.66491e+09 memoryUsage(MB): 10570.9 / 15973.4
2026-03-04 16:22:02.792 [DEBUG] [SystemMonitor] cpuUsage: 73.9899 cpuTemp: 68.3 memUsed(MB): 10570.9 / 15973.4 diskUsed(GB): 45.2862 / 57.9994
2026-03-04 16:22:03.787 [DEBUG] [SystemMonitor] (sysinfo) totalBytes: 1.67493e+10 freeBytes: 5.60628e+09 memoryUsage(MB): 10626.8 / 15973.4
2026-03-04 16:22:03.791 [DEBUG] [SystemMonitor] cpuUsage: 67.0886 cpuTemp: 66.1 memUsed(MB): 10626.8 / 15973.4 diskUsed(GB): 45.2862 / 57.9994
2026-03-04 16:22:04.787 [DEBUG] [SystemMonitor] (sysinfo) totalBytes: 1.67493e+10 freeBytes: 5.63543e+09 memoryUsage(MB): 10599 / 15973.4
2026-03-04 16:22:04.792 [DEBUG] [SystemMonitor] cpuUsage: 17.0426 cpuTemp: 66.65 memUsed(MB): 10599 / 15973.4 diskUsed(GB): 45.2862 / 57.9994
2026-03-04 16:22:05.787 [DEBUG] [SystemMonitor] (sysinfo) totalBytes: 1.67493e+10 freeBytes: 5.6538e+09 memoryUsage(MB): 10581.5 / 15973.4
2026-03-04 16:22:05.791 [DEBUG] [SystemMonitor] cpuUsage: 4.78589 cpuTemp: 63.9 memUsed(MB): 10581.5 / 15973.4 diskUsed(GB): 45.2862 / 57.9994
2026-03-04 16:22:06.787 [DEBUG] [SystemMonitor] (sysinfo) totalBytes: 1.67493e+10 freeBytes: 5.65874e+09 memoryUsage(MB): 10576.8 / 15973.4
2026-03-04 16:22:06.792 [DEBUG] [SystemMonitor] cpuUsage: 5.76441 cpuTemp: 63.9 memUsed(MB): 10576.8 / 15973.4 diskUsed(GB): 45.2862 / 57.9994
2026-03-04 16:22:07.787 [DEBUG] [SystemMonitor] (sysinfo) totalBytes: 1.67493e+10 freeBytes: 5.66987e+09 memoryUsage(MB): 10566.2 / 15973.4
2026-03-04 16:22:07.791 [DEBUG] [SystemMonitor] cpuUsage: 5.27638 cpuTemp: 62.8 memUsed(MB): 10566.2 / 15973.4 diskUsed(GB): 45.2862 / 57.9994
2026-03-04 16:22:08.787 [DEBUG] [SystemMonitor] (sysinfo) totalBytes: 1.67493e+10 freeBytes: 5.66322e+09 memoryUsage(MB): 10572.5 / 15973.4
2026-03-04 16:22:08.792 [DEBUG] [SystemMonitor] cpuUsage: 13.5338 cpuTemp: 63.9 memUsed(MB): 10572.5 / 15973.4 diskUsed(GB): 45.2862 / 57.9994
2026-03-04 16:22:09.787 [DEBUG] [SystemMonitor] (sysinfo) totalBytes: 1.67493e+10 freeBytes: 5.65731e+09 memoryUsage(MB): 10578.2 / 15973.4
2026-03-04 16:22:09.791 [DEBUG] [SystemMonitor] cpuUsage: 10.5793 cpuTemp: 62.8 memUsed(MB): 10578.2 / 15973.4 diskUsed(GB): 45.2862 / 57.9994
2026-03-04 16:22:10.788 [DEBUG] [SystemMonitor] (sysinfo) totalBytes: 1.67493e+10 freeBytes: 5.65706e+09 memoryUsage(MB): 10578.4 / 15973.4
2026-03-04 16:22:10.792 [DEBUG] [SystemMonitor] cpuUsage: 10.5528 cpuTemp: 62.25 memUsed(MB): 10578.4 / 15973.4 diskUsed(GB): 45.2862 / 57.9994
2026-03-04 16:22:11.787 [DEBUG] [SystemMonitor] (sysinfo) totalBytes: 1.67493e+10 freeBytes: 5.86811e+09 memoryUsage(MB): 10377.1 / 15973.4
2026-03-04 16:22:11.792 [DEBUG] [SystemMonitor] cpuUsage: 35.0126 cpuTemp: 65 memUsed(MB): 10377.1 / 15973.4 diskUsed(GB): 45.2862 / 57.9994
2026-03-04 16:22:12.787 [DEBUG] [SystemMonitor] (sysinfo) totalBytes: 1.67493e+10 freeBytes: 5.87265e+09 memoryUsage(MB): 10372.8 / 15973.4
2026-03-04 16:22:12.791 [DEBUG] [SystemMonitor] cpuUsage: 28.1407 cpuTemp: 64.45 memUsed(MB): 10372.8 / 15973.4 diskUsed(GB): 45.2862 / 57.9994
2026-03-04 16:22:13.788 [DEBUG] [SystemMonitor] (sysinfo) totalBytes: 1.67493e+10 freeBytes: 5.88943e+09 memoryUsage(MB): 10356.8 / 15973.4
2026-03-04 16:22:13.793 [DEBUG] [SystemMonitor] cpuUsage: 12 cpuTemp: 63.9 memUsed(MB): 10356.8 / 15973.4 diskUsed(GB): 45.2862 / 57.9994
2026-03-04 16:22:14.788 [DEBUG] [SystemMonitor] (sysinfo) totalBytes: 1.67493e+10 freeBytes: 5.89355e+09 memoryUsage(MB): 10352.9 / 15973.4
2026-03-04 16:22:14.792 [DEBUG] [SystemMonitor] cpuUsage: 4.78589 cpuTemp: 62.8 memUsed(MB): 10352.9 / 15973.4 diskUsed(GB): 45.2862 / 57.9994
2026-03-04 16:22:15.787 [DEBUG] [SystemMonitor] (sysinfo) totalBytes: 1.67493e+10 freeBytes: 5.89616e+09 memoryUsage(MB): 10350.4 / 15973.4
2026-03-04 16:22:15.792 [DEBUG] [SystemMonitor] cpuUsage: 5.02513 cpuTemp: 62.25 memUsed(MB): 10350.4 / 15973.4 diskUsed(GB): 45.2862 / 57.9994
2026-03-04 16:22:16.787 [DEBUG] [SystemMonitor] (sysinfo) totalBytes: 1.67493e+10 freeBytes: 5.89806e+09 memoryUsage(MB): 10348.6 / 15973.4
2026-03-04 16:22:16.791 [DEBUG] [SystemMonitor] cpuUsage: 4.0201 cpuTemp: 61.7 memUsed(MB): 10348.6 / 15973.4 diskUsed(GB): 45.2862 / 57.9994
2026-03-04 16:22:17.787 [DEBUG] [SystemMonitor] (sysinfo) totalBytes: 1.67493e+10 freeBytes: 5.90356e+09 memoryUsage(MB): 10343.3 / 15973.4
2026-03-04 16:22:17.792 [DEBUG] [SystemMonitor] cpuUsage: 5.52764 cpuTemp: 61.15 memUsed(MB): 10343.3 / 15973.4 diskUsed(GB): 45.2862 / 57.9994
2026-03-04 16:22:18.787 [DEBUG] [SystemMonitor] (sysinfo) totalBytes: 1.67493e+10 freeBytes: 5.89039e+09 memoryUsage(MB): 10355.9 / 15973.4
2026-03-04 16:22:18.792 [DEBUG] [SystemMonitor] cpuUsage: 19.5489 cpuTemp: 63.35 memUsed(MB): 10355.9 / 15973.4 diskUsed(GB): 45.2862 / 57.9994
2026-03-04 16:22:19.787 [DEBUG] [SystemMonitor] (sysinfo) totalBytes: 1.67493e+10 freeBytes: 5.88553e+09 memoryUsage(MB): 10360.5 / 15973.4
2026-03-04 16:22:19.791 [DEBUG] [SystemMonitor] cpuUsage: 14.3939 cpuTemp: 62.8 memUsed(MB): 10360.5 / 15973.4 diskUsed(GB): 45.2862 / 57.9994
2026-03-04 16:22:20.786 [DEBUG] [SystemMonitor] (sysinfo) totalBytes: 1.67493e+10 freeBytes: 5.88332e+09 memoryUsage(MB): 10362.6 / 15973.4
2026-03-04 16:22:20.791 [DEBUG] [SystemMonitor] cpuUsage: 28.4987 cpuTemp: 61.15 memUsed(MB): 10362.6 / 15973.4 diskUsed(GB): 45.2862 / 57.9994
2026-03-04 16:22:21.787 [DEBUG] [SystemMonitor] (sysinfo) totalBytes: 1.67493e+10 freeBytes: 5.87778e+09 memoryUsage(MB): 10367.9 / 15973.4
2026-03-04 16:22:21.792 [DEBUG] [SystemMonitor] cpuUsage: 14.6465 cpuTemp: 62.25 memUsed(MB): 10367.9 / 15973.4 diskUsed(GB): 45.2862 / 57.9994
2026-03-04 16:22:22.787 [DEBUG] [SystemMonitor] (sysinfo) totalBytes: 1.67493e+10 freeBytes: 5.87868e+09 memoryUsage(MB): 10367.1 / 15973.4
2026-03-04 16:22:22.794 [DEBUG] [SystemMonitor] cpuUsage: 5.51378 cpuTemp: 62.25 memUsed(MB): 10367.1 / 15973.4 diskUsed(GB): 45.2862 / 57.9994
2026-03-04 16:22:23.787 [DEBUG] [SystemMonitor] (sysinfo) totalBytes: 1.67493e+10 freeBytes: 5.88124e+09 memoryUsage(MB): 10364.6 / 15973.4
2026-03-04 16:22:23.791 [DEBUG] [SystemMonitor] cpuUsage: 10.8586 cpuTemp: 61.7 memUsed(MB): 10364.6 / 15973.4 diskUsed(GB): 45.2862 / 57.9994
2026-03-04 16:22:24.787 [DEBUG] [SystemMonitor] (sysinfo) totalBytes: 1.67493e+10 freeBytes: 5.89167e+09 memoryUsage(MB): 10354.7 / 15973.4
2026-03-04 16:22:24.792 [DEBUG] [SystemMonitor] cpuUsage: 7.53769 cpuTemp: 62.25 memUsed(MB): 10354.7 / 15973.4 diskUsed(GB): 45.2862 / 57.9994
2026-03-04 16:22:43.000 [WARN] qrc:/Main.qml:3149:13: QML Dialog: Binding loop detected for property "implicitWidth":
qrc:/qt-project.org/imports/QtQuick/Controls/Fusion/Dialog.qml:14:5
2026-03-04 16:22:43.001 [WARN] qrc:/Main.qml:3149:13: QML Dialog: Binding loop detected for property "implicitWidth":
qrc:/qt-project.org/imports/QtQuick/Controls/Fusion/Dialog.qml:14:5
2026-03-04 16:22:43.015 [DEBUG] 找到模型文件: "/media/linxi-ice-2/CCCOMA_X64FRE_ZH-CN_DV9/test1/c_system_formal/NIR_system_formal/host_computer/predictor_train/pytorch_predictor/spectrum_model.jit"
2026-03-04 16:22:43.158 [DEBUG] 找到模型文件: "/media/linxi-ice-2/CCCOMA_X64FRE_ZH-CN_DV9/test1/c_system_formal/NIR_system_formal/host_computer/predictor_train/pytorch_predictor/spectrum_model.jit"
2026-03-04 16:22:43.209 [DEBUG] PyTorch 模型加载成功: /media/linxi-ice-2/CCCOMA_X64FRE_ZH-CN_DV9/test1/c_system_formal/NIR_system_formal/host_computer/predictor_train/pytorch_predictor/spectrum_model.jit
2026-03-04 16:22:43.221 [DEBUG] 模型加载成功: "/media/linxi-ice-2/CCCOMA_X64FRE_ZH-CN_DV9/test1/c_system_formal/NIR_system_formal/host_computer/predictor_train/pytorch_predictor/spectrum_model.jit" 预测器: "PyTorch 神经网络预测器"
2026-03-04 16:22:43.645 [DEBUG] [SystemMonitor] (sysinfo) totalBytes: 1.67493e+10 freeBytes: 5.67524e+09 memoryUsage(MB): 10561.1 / 15973.4
2026-03-04 16:22:43.654 [DEBUG] [SystemMonitor] cpuUsage: 0 cpuTemp: 63.9 memUsed(MB): 10561.1 / 15973.4 diskUsed(GB): 45.2882 / 57.9994
2026-03-04 16:22:44.696 [DEBUG] [SystemMonitor] (sysinfo) totalBytes: 1.67493e+10 freeBytes: 5.696e+09 memoryUsage(MB): 10541.3 / 15973.4
2026-03-04 16:22:44.706 [DEBUG] [SystemMonitor] cpuUsage: 5.03597 cpuTemp: 61.7 memUsed(MB): 10541.3 / 15973.4 diskUsed(GB): 45.2882 / 57.9994
2026-03-04 16:22:45.745 [DEBUG] [SystemMonitor] (sysinfo) totalBytes: 1.67493e+10 freeBytes: 5.71473e+09 memoryUsage(MB): 10523.4 / 15973.4
2026-03-04 16:22:45.757 [DEBUG] [SystemMonitor] cpuUsage: 5.98086 cpuTemp: 62.25 memUsed(MB): 10523.4 / 15973.4 diskUsed(GB): 45.2882 / 57.9994
2026-03-04 16:22:46.788 [DEBUG] [SystemMonitor] (sysinfo) totalBytes: 1.67493e+10 freeBytes: 5.73714e+09 memoryUsage(MB): 10502 / 15973.4
2026-03-04 16:22:46.799 [DEBUG] [SystemMonitor] cpuUsage: 6.28019 cpuTemp: 61.7 memUsed(MB): 10502 / 15973.4 diskUsed(GB): 45.2882 / 57.9994
2026-03-04 16:22:47.788 [DEBUG] [SystemMonitor] (sysinfo) totalBytes: 1.67493e+10 freeBytes: 5.75538e+09 memoryUsage(MB): 10484.6 / 15973.4
2026-03-04 16:22:47.803 [DEBUG] [SystemMonitor] cpuUsage: 9.06801 cpuTemp: 61.7 memUsed(MB): 10484.6 / 15973.4 diskUsed(GB): 45.2882 / 57.9994
2026-03-04 16:22:48.788 [DEBUG] [SystemMonitor] (sysinfo) totalBytes: 1.67493e+10 freeBytes: 5.76521e+09 memoryUsage(MB): 10475.3 / 15973.4
2026-03-04 16:22:48.805 [DEBUG] [SystemMonitor] cpuUsage: 7.5188 cpuTemp: 61.7 memUsed(MB): 10475.3 / 15973.4 diskUsed(GB): 45.2882 / 57.9994
2026-03-04 16:22:49.787 [DEBUG] [SystemMonitor] (sysinfo) totalBytes: 1.67493e+10 freeBytes: 5.78105e+09 memoryUsage(MB): 10460.2 / 15973.4
2026-03-04 16:22:49.792 [DEBUG] [SystemMonitor] cpuUsage: 6.78392 cpuTemp: 61.7 memUsed(MB): 10460.2 / 15973.4 diskUsed(GB): 45.2882 / 57.9994
2026-03-04 16:22:50.788 [DEBUG] [SystemMonitor] (sysinfo) totalBytes: 1.67493e+10 freeBytes: 5.79514e+09 memoryUsage(MB): 10446.7 / 15973.4
2026-03-04 16:22:50.793 [DEBUG] [SystemMonitor] cpuUsage: 4.28212 cpuTemp: 60.6 memUsed(MB): 10446.7 / 15973.4 diskUsed(GB): 45.2882 / 57.9994
2026-03-04 16:22:51.787 [DEBUG] [SystemMonitor] (sysinfo) totalBytes: 1.67493e+10 freeBytes: 5.81208e+09 memoryUsage(MB): 10430.6 / 15973.4
2026-03-04 16:22:51.794 [DEBUG] [SystemMonitor] cpuUsage: 6.01504 cpuTemp: 61.15 memUsed(MB): 10430.6 / 15973.4 diskUsed(GB): 45.2882 / 57.9994
2026-03-04 16:22:52.788 [DEBUG] [SystemMonitor] (sysinfo) totalBytes: 1.67493e+10 freeBytes: 5.82534e+09 memoryUsage(MB): 10417.9 / 15973.4
2026-03-04 16:22:52.792 [DEBUG] [SystemMonitor] cpuUsage: 4.54545 cpuTemp: 58.95 memUsed(MB): 10417.9 / 15973.4 diskUsed(GB): 45.2882 / 57.9994
2026-03-04 16:22:53.788 [DEBUG] [SystemMonitor] (sysinfo) totalBytes: 1.67493e+10 freeBytes: 5.84737e+09 memoryUsage(MB): 10396.9 / 15973.4
2026-03-04 16:22:53.792 [DEBUG] [SystemMonitor] cpuUsage: 5.52764 cpuTemp: 61.15 memUsed(MB): 10396.9 / 15973.4 diskUsed(GB): 45.2882 / 57.9994
2026-03-04 16:22:54.787 [DEBUG] [SystemMonitor] (sysinfo) totalBytes: 1.67493e+10 freeBytes: 5.86411e+09 memoryUsage(MB): 10381 / 15973.4
2026-03-04 16:22:54.792 [DEBUG] [SystemMonitor] cpuUsage: 4.0201 cpuTemp: 61.15 memUsed(MB): 10381 / 15973.4 diskUsed(GB): 45.2882 / 57.9994
2026-03-04 16:22:55.787 [DEBUG] [SystemMonitor] (sysinfo) totalBytes: 1.67493e+10 freeBytes: 5.88629e+09 memoryUsage(MB): 10359.8 / 15973.4
2026-03-04 16:22:55.792 [DEBUG] [SystemMonitor] cpuUsage: 5.27638 cpuTemp: 60.05 memUsed(MB): 10359.8 / 15973.4 diskUsed(GB): 45.2882 / 57.9994
2026-03-04 16:22:56.787 [DEBUG] [SystemMonitor] (sysinfo) totalBytes: 1.67493e+10 freeBytes: 5.89021e+09 memoryUsage(MB): 10356.1 / 15973.4
2026-03-04 16:22:56.791 [DEBUG] [SystemMonitor] cpuUsage: 4.77387 cpuTemp: 60.6 memUsed(MB): 10356.1 / 15973.4 diskUsed(GB): 45.2882 / 57.9994
2026-03-04 16:22:57.787 [DEBUG] [SystemMonitor] (sysinfo) totalBytes: 1.67493e+10 freeBytes: 5.9135e+09 memoryUsage(MB): 10333.9 / 15973.4
2026-03-04 16:22:57.791 [DEBUG] [SystemMonitor] cpuUsage: 5.27638 cpuTemp: 61.15 memUsed(MB): 10333.9 / 15973.4 diskUsed(GB): 45.2882 / 57.9994
2026-03-04 16:22:58.787 [DEBUG] [SystemMonitor] (sysinfo) totalBytes: 1.67493e+10 freeBytes: 5.92317e+09 memoryUsage(MB): 10324.6 / 15973.4
2026-03-04 16:22:58.798 [DEBUG] [SystemMonitor] cpuUsage: 7.08861 cpuTemp: 61.15 memUsed(MB): 10324.6 / 15973.4 diskUsed(GB): 45.2882 / 57.9994
2026-03-04 16:22:59.787 [DEBUG] [SystemMonitor] (sysinfo) totalBytes: 1.67493e+10 freeBytes: 5.92394e+09 memoryUsage(MB): 10323.9 / 15973.4
2026-03-04 16:22:59.791 [DEBUG] [SystemMonitor] cpuUsage: 30.5344 cpuTemp: 62.25 memUsed(MB): 10323.9 / 15973.4 diskUsed(GB): 45.2882 / 57.9994
2026-03-04 16:23:00.786 [DEBUG] [SystemMonitor] (sysinfo) totalBytes: 1.67493e+10 freeBytes: 5.92861e+09 memoryUsage(MB): 10319.4 / 15973.4
2026-03-04 16:23:00.791 [DEBUG] [SystemMonitor] cpuUsage: 8.79397 cpuTemp: 61.15 memUsed(MB): 10319.4 / 15973.4 diskUsed(GB): 45.2882 / 57.9994
2026-03-04 16:23:01.787 [DEBUG] [SystemMonitor] (sysinfo) totalBytes: 1.67493e+10 freeBytes: 5.92102e+09 memoryUsage(MB): 10326.7 / 15973.4
2026-03-04 16:23:01.791 [DEBUG] [SystemMonitor] cpuUsage: 10.1266 cpuTemp: 60.6 memUsed(MB): 10326.7 / 15973.4 diskUsed(GB): 45.2882 / 57.9994
2026-03-04 16:23:02.787 [DEBUG] [SystemMonitor] (sysinfo) totalBytes: 1.67493e+10 freeBytes: 5.92549e+09 memoryUsage(MB): 10322.4 / 15973.4
2026-03-04 16:23:02.791 [DEBUG] [SystemMonitor] cpuUsage: 9.57179 cpuTemp: 61.15 memUsed(MB): 10322.4 / 15973.4 diskUsed(GB): 45.2882 / 57.9994
2026-03-04 16:23:03.787 [DEBUG] [SystemMonitor] (sysinfo) totalBytes: 1.67493e+10 freeBytes: 5.9304e+09 memoryUsage(MB): 10317.7 / 15973.4
2026-03-04 16:23:03.790 [DEBUG] [SystemMonitor] cpuUsage: 18.2278 cpuTemp: 61.7 memUsed(MB): 10317.7 / 15973.4 diskUsed(GB): 45.2882 / 57.9994
2026-03-04 16:23:04.787 [DEBUG] [SystemMonitor] (sysinfo) totalBytes: 1.67493e+10 freeBytes: 5.92753e+09 memoryUsage(MB): 10320.5 / 15973.4
2026-03-04 16:23:04.792 [DEBUG] [SystemMonitor] cpuUsage: 11.1111 cpuTemp: 61.15 memUsed(MB): 10320.5 / 15973.4 diskUsed(GB): 45.2882 / 57.9994
2026-03-04 16:23:05.787 [DEBUG] [SystemMonitor] (sysinfo) totalBytes: 1.67493e+10 freeBytes: 5.92917e+09 memoryUsage(MB): 10318.9 / 15973.4
2026-03-04 16:23:05.791 [DEBUG] [SystemMonitor] cpuUsage: 7.57576 cpuTemp: 60.6 memUsed(MB): 10318.9 / 15973.4 diskUsed(GB): 45.2882 / 57.9994
2026-03-04 16:23:06.787 [DEBUG] [SystemMonitor] (sysinfo) totalBytes: 1.67493e+10 freeBytes: 5.93227e+09 memoryUsage(MB): 10316 / 15973.4
2026-03-04 16:23:06.791 [DEBUG] [SystemMonitor] cpuUsage: 6.53266 cpuTemp: 61.7 memUsed(MB): 10316 / 15973.4 diskUsed(GB): 45.2882 / 57.9994
2026-03-04 16:23:07.787 [DEBUG] [SystemMonitor] (sysinfo) totalBytes: 1.67493e+10 freeBytes: 5.93226e+09 memoryUsage(MB): 10316 / 15973.4
2026-03-04 16:23:07.791 [DEBUG] [SystemMonitor] cpuUsage: 5.52764 cpuTemp: 61.15 memUsed(MB): 10316 / 15973.4 diskUsed(GB): 45.2882 / 57.9994
2026-03-04 16:23:08.786 [DEBUG] [SystemMonitor] (sysinfo) totalBytes: 1.67493e+10 freeBytes: 5.93134e+09 memoryUsage(MB): 10316.8 / 15973.4
2026-03-04 16:23:08.791 [DEBUG] [SystemMonitor] cpuUsage: 6.04534 cpuTemp: 61.15 memUsed(MB): 10316.8 / 15973.4 diskUsed(GB): 45.2882 / 57.9994
2026-03-04 16:23:09.787 [DEBUG] [SystemMonitor] (sysinfo) totalBytes: 1.67493e+10 freeBytes: 5.92925e+09 memoryUsage(MB): 10318.8 / 15973.4
2026-03-04 16:23:09.792 [DEBUG] [SystemMonitor] cpuUsage: 6.26566 cpuTemp: 61.7 memUsed(MB): 10318.8 / 15973.4 diskUsed(GB): 45.2882 / 57.9994
2026-03-04 16:23:10.787 [DEBUG] [SystemMonitor] (sysinfo) totalBytes: 1.67493e+10 freeBytes: 5.93673e+09 memoryUsage(MB): 10311.7 / 15973.4
2026-03-04 16:23:10.793 [DEBUG] [SystemMonitor] cpuUsage: 5.80808 cpuTemp: 59.5 memUsed(MB): 10311.7 / 15973.4 diskUsed(GB): 45.2882 / 57.9994
2026-03-04 16:23:11.787 [DEBUG] [SystemMonitor] (sysinfo) totalBytes: 1.67493e+10 freeBytes: 5.93625e+09 memoryUsage(MB): 10312.2 / 15973.4
2026-03-04 16:23:11.791 [DEBUG] [SystemMonitor] cpuUsage: 6.58228 cpuTemp: 61.15 memUsed(MB): 10312.2 / 15973.4 diskUsed(GB): 45.2882 / 57.9994
2026-03-04 16:23:12.787 [DEBUG] [SystemMonitor] (sysinfo) totalBytes: 1.67493e+10 freeBytes: 5.93079e+09 memoryUsage(MB): 10317.4 / 15973.4
2026-03-04 16:23:12.792 [DEBUG] [SystemMonitor] cpuUsage: 5.77889 cpuTemp: 58.95 memUsed(MB): 10317.4 / 15973.4 diskUsed(GB): 45.2882 / 57.9994
2026-03-04 16:23:13.672 [INFO] [串口] ✓ 设置曝光时间(约 2000.00 µs)命令已发送到 /dev/ttyUSB0: 08 A4 00 2A 01 3E 09 D7
2026-03-04 16:23:13.786 [DEBUG] [SystemMonitor] (sysinfo) totalBytes: 1.67493e+10 freeBytes: 5.93366e+09 memoryUsage(MB): 10314.6 / 15973.4
2026-03-04 16:23:13.790 [DEBUG] [SystemMonitor] cpuUsage: 10.0756 cpuTemp: 61.15 memUsed(MB): 10314.6 / 15973.4 diskUsed(GB): 45.2882 / 57.9994
2026-03-04 16:23:14.231 [INFO] [串口] ✓ 设置读出时间(约 2170.00 µs)命令已发送到 /dev/ttyUSB0: 08 A5 00 05 B2 3E 09 D7
2026-03-04 16:23:14.787 [DEBUG] [SystemMonitor] (sysinfo) totalBytes: 1.67493e+10 freeBytes: 5.9291e+09 memoryUsage(MB): 10319 / 15973.4
2026-03-04 16:23:14.791 [DEBUG] [SystemMonitor] cpuUsage: 8.08081 cpuTemp: 60.05 memUsed(MB): 10319 / 15973.4 diskUsed(GB): 45.2882 / 57.9994
2026-03-04 16:23:15.787 [DEBUG] [SystemMonitor] (sysinfo) totalBytes: 1.67493e+10 freeBytes: 5.93023e+09 memoryUsage(MB): 10317.9 / 15973.4
2026-03-04 16:23:15.792 [DEBUG] [SystemMonitor] cpuUsage: 5.28967 cpuTemp: 60.6 memUsed(MB): 10317.9 / 15973.4 diskUsed(GB): 45.2882 / 57.9994
2026-03-04 16:23:16.787 [DEBUG] [SystemMonitor] (sysinfo) totalBytes: 1.67493e+10 freeBytes: 5.92923e+09 memoryUsage(MB): 10318.9 / 15973.4
2026-03-04 16:23:16.791 [DEBUG] [SystemMonitor] cpuUsage: 4.7619 cpuTemp: 60.6 memUsed(MB): 10318.9 / 15973.4 diskUsed(GB): 45.2882 / 57.9994
2026-03-04 16:23:17.787 [DEBUG] [SystemMonitor] (sysinfo) totalBytes: 1.67493e+10 freeBytes: 5.9251e+09 memoryUsage(MB): 10322.8 / 15973.4
2026-03-04 16:23:17.791 [DEBUG] [SystemMonitor] cpuUsage: 5.52764 cpuTemp: 60.6 memUsed(MB): 10322.8 / 15973.4 diskUsed(GB): 45.2882 / 57.9994
2026-03-04 16:23:18.787 [DEBUG] [SystemMonitor] (sysinfo) totalBytes: 1.67493e+10 freeBytes: 5.93039e+09 memoryUsage(MB): 10317.7 / 15973.4
2026-03-04 16:23:18.791 [DEBUG] [SystemMonitor] cpuUsage: 4.51128 cpuTemp: 60.6 memUsed(MB): 10317.7 / 15973.4 diskUsed(GB): 45.2882 / 57.9994
2026-03-04 16:23:19.787 [DEBUG] [SystemMonitor] (sysinfo) totalBytes: 1.67493e+10 freeBytes: 5.92993e+09 memoryUsage(MB): 10318.2 / 15973.4
2026-03-04 16:23:19.791 [DEBUG] [SystemMonitor] cpuUsage: 4.52261 cpuTemp: 58.95 memUsed(MB): 10318.2 / 15973.4 diskUsed(GB): 45.2882 / 57.9994
2026-03-04 16:23:20.787 [DEBUG] [SystemMonitor] (sysinfo) totalBytes: 1.67493e+10 freeBytes: 5.92893e+09 memoryUsage(MB): 10319.1 / 15973.4
2026-03-04 16:23:20.792 [DEBUG] [SystemMonitor] cpuUsage: 5.80808 cpuTemp: 58.95 memUsed(MB): 10319.1 / 15973.4 diskUsed(GB): 45.2882 / 57.9994
2026-03-04 16:23:21.787 [DEBUG] [SystemMonitor] (sysinfo) totalBytes: 1.67493e+10 freeBytes: 5.92506e+09 memoryUsage(MB): 10322.8 / 15973.4
2026-03-04 16:23:21.791 [DEBUG] [SystemMonitor] cpuUsage: 5.54156 cpuTemp: 60.05 memUsed(MB): 10322.8 / 15973.4 diskUsed(GB): 45.2882 / 57.9994
2026-03-04 16:23:22.787 [DEBUG] [SystemMonitor] (sysinfo) totalBytes: 1.67493e+10 freeBytes: 5.91872e+09 memoryUsage(MB): 10328.9 / 15973.4
2026-03-04 16:23:22.791 [DEBUG] [SystemMonitor] cpuUsage: 4.7619 cpuTemp: 58.95 memUsed(MB): 10328.9 / 15973.4 diskUsed(GB): 45.2882 / 57.9994
2026-03-04 16:23:23.787 [DEBUG] [SystemMonitor] (sysinfo) totalBytes: 1.67493e+10 freeBytes: 5.91812e+09 memoryUsage(MB): 10329.4 / 15973.4
2026-03-04 16:23:23.792 [DEBUG] [SystemMonitor] cpuUsage: 5.02513 cpuTemp: 61.15 memUsed(MB): 10329.4 / 15973.4 diskUsed(GB): 45.2882 / 57.9994
2026-03-04 16:23:24.787 [DEBUG] [SystemMonitor] (sysinfo) totalBytes: 1.67493e+10 freeBytes: 5.91712e+09 memoryUsage(MB): 10330.4 / 15973.4
2026-03-04 16:23:24.791 [DEBUG] [SystemMonitor] cpuUsage: 4.52261 cpuTemp: 60.05 memUsed(MB): 10330.4 / 15973.4 diskUsed(GB): 45.2882 / 57.9994
2026-03-04 16:23:25.786 [DEBUG] [SystemMonitor] (sysinfo) totalBytes: 1.67493e+10 freeBytes: 5.92081e+09 memoryUsage(MB): 10326.9 / 15973.4
2026-03-04 16:23:25.801 [DEBUG] [SystemMonitor] cpuUsage: 9.09091 cpuTemp: 60.6 memUsed(MB): 10326.9 / 15973.4 diskUsed(GB): 45.2882 / 57.9994
2026-03-04 16:23:26.787 [DEBUG] [SystemMonitor] (sysinfo) totalBytes: 1.67493e+10 freeBytes: 5.90352e+09 memoryUsage(MB): 10343.4 / 15973.4
2026-03-04 16:23:26.791 [DEBUG] [SystemMonitor] cpuUsage: 12.0603 cpuTemp: 58.95 memUsed(MB): 10343.4 / 15973.4 diskUsed(GB): 45.2882 / 57.9994
2026-03-04 16:23:27.787 [DEBUG] [SystemMonitor] (sysinfo) totalBytes: 1.67493e+10 freeBytes: 5.91042e+09 memoryUsage(MB): 10336.8 / 15973.4
2026-03-04 16:23:27.791 [DEBUG] [SystemMonitor] cpuUsage: 4.28212 cpuTemp: 59.5 memUsed(MB): 10336.8 / 15973.4 diskUsed(GB): 45.2882 / 57.9994
2026-03-04 16:23:27.992 [INFO] [主界面] 点击 开始获取光谱 按钮
2026-03-04 16:23:28.012 [INFO] [串口] ✓ 启动命令已发送到 /dev/ttyUSB0: 08 6B 00 00 00 3E 09 D7
2026-03-04 16:23:28.017 [INFO] [UDP] UDP接收已在运行
2026-03-04 16:23:28.023 [INFO] [UDP] ✓ UDP接收已启动，端口: 1234
2026-03-04 16:23:28.796 [DEBUG] [SystemMonitor] (sysinfo) totalBytes: 1.67493e+10 freeBytes: 5.90644e+09 memoryUsage(MB): 10340.6 / 15973.4
2026-03-04 16:23:28.802 [DEBUG] [SystemMonitor] cpuUsage: 27.9597 cpuTemp: 61.15 memUsed(MB): 10340.6 / 15973.4 diskUsed(GB): 45.2882 / 57.9994
2026-03-04 16:23:29.034 [DEBUG] [UdpCommunicator] Single spectrum length: 1024 , min: 176.817 , max: 38514.1 , packetCount: 230
2026-03-04 16:23:29.039 [DEBUG] onSpectrumReady - 数据大小: 1024 minVal: 176.81739130434784 maxVal: 38514.056521739134
2026-03-04 16:23:29.793 [DEBUG] [SystemMonitor] (sysinfo) totalBytes: 1.67493e+10 freeBytes: 5.8991e+09 memoryUsage(MB): 10347.6 / 15973.4
2026-03-04 16:23:29.798 [DEBUG] [SystemMonitor] cpuUsage: 35.0384 cpuTemp: 61.7 memUsed(MB): 10347.6 / 15973.4 diskUsed(GB): 45.2882 / 57.9994
2026-03-04 16:23:29.984 [DEBUG] [UdpCommunicator] Single spectrum length: 1024 , min: 170.132 , max: 38529.5 , packetCount: 228
2026-03-04 16:23:29.989 [DEBUG] onSpectrumReady - 数据大小: 1024 minVal: 170.1315789473684 maxVal: 38529.51315789474
2026-03-04 16:23:30.787 [DEBUG] [SystemMonitor] (sysinfo) totalBytes: 1.67493e+10 freeBytes: 5.90694e+09 memoryUsage(MB): 10340.1 / 15973.4
2026-03-04 16:23:30.791 [DEBUG] [SystemMonitor] cpuUsage: 31.1224 cpuTemp: 62.8 memUsed(MB): 10340.1 / 15973.4 diskUsed(GB): 45.2882 / 57.9994
2026-03-04 16:23:30.928 [DEBUG] [UdpCommunicator] Single spectrum length: 1024 , min: 161.211 , max: 38554.5 , packetCount: 228
2026-03-04 16:23:30.933 [DEBUG] onSpectrumReady - 数据大小: 1024 minVal: 161.21052631578948 maxVal: 38554.504385964916
2026-03-04 16:23:31.789 [DEBUG] [SystemMonitor] (sysinfo) totalBytes: 1.67493e+10 freeBytes: 5.923e+09 memoryUsage(MB): 10324.8 / 15973.4
2026-03-04 16:23:31.794 [DEBUG] [SystemMonitor] cpuUsage: 34.0967 cpuTemp: 61.7 memUsed(MB): 10324.8 / 15973.4 diskUsed(GB): 45.2882 / 57.9994
2026-03-04 16:23:31.901 [DEBUG] [UdpCommunicator] Single spectrum length: 1024 , min: 178.311 , max: 38573.4 , packetCount: 228
2026-03-04 16:23:31.907 [DEBUG] onSpectrumReady - 数据大小: 1024 minVal: 178.31140350877192 maxVal: 38573.42105263158
2026-03-04 16:23:32.787 [DEBUG] [SystemMonitor] (sysinfo) totalBytes: 1.67493e+10 freeBytes: 5.91869e+09 memoryUsage(MB): 10328.9 / 15973.4
2026-03-04 16:23:32.791 [DEBUG] [SystemMonitor] cpuUsage: 33.2481 cpuTemp: 61.7 memUsed(MB): 10328.9 / 15973.4 diskUsed(GB): 45.2882 / 57.9994
2026-03-04 16:23:32.824 [DEBUG] [UdpCommunicator] Single spectrum length: 1024 , min: 172.232 , max: 38572.2 , packetCount: 228
2026-03-04 16:23:32.828 [DEBUG] onSpectrumReady - 数据大小: 1024 minVal: 172.23245614035088 maxVal: 38572.23684210526
2026-03-04 16:23:33.789 [DEBUG] [SystemMonitor] (sysinfo) totalBytes: 1.67493e+10 freeBytes: 5.91742e+09 memoryUsage(MB): 10330.1 / 15973.4
2026-03-04 16:23:33.797 [DEBUG] [SystemMonitor] cpuUsage: 34.6056 cpuTemp: 62.8 memUsed(MB): 10330.1 / 15973.4 diskUsed(GB): 45.2882 / 57.9994
2026-03-04 16:23:33.801 [DEBUG] [UdpCommunicator] Single spectrum length: 1024 , min: 168.532 , max: 38590.5 , packetCount: 233
2026-03-04 16:23:33.804 [DEBUG] onSpectrumReady - 数据大小: 1024 minVal: 168.53218884120173 maxVal: 38590.523605150214
2026-03-04 16:23:34.787 [DEBUG] [SystemMonitor] (sysinfo) totalBytes: 1.67493e+10 freeBytes: 5.91059e+09 memoryUsage(MB): 10336.6 / 15973.4
2026-03-04 16:23:34.792 [DEBUG] [SystemMonitor] cpuUsage: 35.2041 cpuTemp: 62.8 memUsed(MB): 10336.6 / 15973.4 diskUsed(GB): 45.2882 / 57.9994
2026-03-04 16:23:34.805 [DEBUG] [UdpCommunicator] Single spectrum length: 1024 , min: 166.379 , max: 38612.3 , packetCount: 240
2026-03-04 16:23:34.811 [DEBUG] onSpectrumReady - 数据大小: 1024 minVal: 166.37916666666666 maxVal: 38612.35
2026-03-04 16:23:35.789 [DEBUG] [SystemMonitor] (sysinfo) totalBytes: 1.67493e+10 freeBytes: 5.91293e+09 memoryUsage(MB): 10334.4 / 15973.4
2026-03-04 16:23:35.794 [DEBUG] [SystemMonitor] cpuUsage: 34.264 cpuTemp: 62.25 memUsed(MB): 10334.4 / 15973.4 diskUsed(GB): 45.2882 / 57.9994
2026-03-04 16:23:35.804 [DEBUG] [UdpCommunicator] Single spectrum length: 1024 , min: 174.246 , max: 38667.9 , packetCount: 240
2026-03-04 16:23:35.809 [DEBUG] onSpectrumReady - 数据大小: 1024 minVal: 174.24583333333334 maxVal: 38667.95
2026-03-04 16:23:36.803 [DEBUG] [UdpCommunicator] Single spectrum length: 1024 , min: 167.762 , max: 38701 , packetCount: 240
2026-03-04 16:23:36.808 [DEBUG] onSpectrumReady - 数据大小: 1024 minVal: 167.7625 maxVal: 38701.0125
2026-03-04 16:23:36.813 [DEBUG] [SystemMonitor] (sysinfo) totalBytes: 1.67493e+10 freeBytes: 5.90988e+09 memoryUsage(MB): 10337.3 / 15973.4
2026-03-04 16:23:36.816 [DEBUG] [SystemMonitor] cpuUsage: 34.3284 cpuTemp: 62.25 memUsed(MB): 10337.3 / 15973.4 diskUsed(GB): 45.2882 / 57.9994
2026-03-04 16:23:37.788 [DEBUG] [SystemMonitor] (sysinfo) totalBytes: 1.67493e+10 freeBytes: 5.90661e+09 memoryUsage(MB): 10340.4 / 15973.4
2026-03-04 16:23:37.793 [DEBUG] [SystemMonitor] cpuUsage: 33.3333 cpuTemp: 62.8 memUsed(MB): 10340.4 / 15973.4 diskUsed(GB): 45.2882 / 57.9994
2026-03-04 16:23:37.821 [DEBUG] [UdpCommunicator] Single spectrum length: 1024 , min: 167.82 , max: 38709.3 , packetCount: 244
2026-03-04 16:23:37.828 [DEBUG] onSpectrumReady - 数据大小: 1024 minVal: 167.81967213114754 maxVal: 38709.274590163935
2026-03-04 16:23:38.804 [DEBUG] [UdpCommunicator] Single spectrum length: 1024 , min: 158.966 , max: 38715.6 , packetCount: 237
2026-03-04 16:23:38.809 [DEBUG] onSpectrumReady - 数据大小: 1024 minVal: 158.9662447257384 maxVal: 38715.624472573836
2026-03-04 16:23:38.814 [DEBUG] [SystemMonitor] (sysinfo) totalBytes: 1.67493e+10 freeBytes: 5.90308e+09 memoryUsage(MB): 10343.8 / 15973.4
2026-03-04 16:23:38.820 [DEBUG] [SystemMonitor] cpuUsage: 35.732 cpuTemp: 63.9 memUsed(MB): 10343.8 / 15973.4 diskUsed(GB): 45.2882 / 57.9994
2026-03-04 16:23:39.787 [DEBUG] [SystemMonitor] (sysinfo) totalBytes: 1.67493e+10 freeBytes: 5.89829e+09 memoryUsage(MB): 10348.4 / 15973.4
2026-03-04 16:23:39.792 [DEBUG] [SystemMonitor] cpuUsage: 33.5079 cpuTemp: 62.25 memUsed(MB): 10348.4 / 15973.4 diskUsed(GB): 45.2882 / 57.9994
2026-03-04 16:23:39.810 [DEBUG] [UdpCommunicator] Single spectrum length: 1024 , min: 158.218 , max: 38718.4 , packetCount: 243
2026-03-04 16:23:39.814 [DEBUG] onSpectrumReady - 数据大小: 1024 minVal: 158.21810699588477 maxVal: 38718.44032921811
2026-03-04 16:23:40.797 [DEBUG] [UdpCommunicator] Single spectrum length: 1024 , min: 155.881 , max: 38739.2 , packetCount: 236
2026-03-04 16:23:40.803 [DEBUG] onSpectrumReady - 数据大小: 1024 minVal: 155.88135593220338 maxVal: 38739.161016949154
2026-03-04 16:23:40.810 [DEBUG] [SystemMonitor] (sysinfo) totalBytes: 1.67493e+10 freeBytes: 5.89706e+09 memoryUsage(MB): 10349.5 / 15973.4
2026-03-04 16:23:40.813 [DEBUG] [SystemMonitor] cpuUsage: 36.9077 cpuTemp: 62.8 memUsed(MB): 10349.5 / 15973.4 diskUsed(GB): 45.2882 / 57.9994
2026-03-04 16:23:41.788 [DEBUG] [SystemMonitor] (sysinfo) totalBytes: 1.67493e+10 freeBytes: 5.9036e+09 memoryUsage(MB): 10343.3 / 15973.4
2026-03-04 16:23:41.794 [DEBUG] [SystemMonitor] cpuUsage: 34.1146 cpuTemp: 64.45 memUsed(MB): 10343.3 / 15973.4 diskUsed(GB): 45.2882 / 57.9994
2026-03-04 16:23:41.805 [DEBUG] [UdpCommunicator] Single spectrum length: 1024 , min: 156.86 , max: 38739.8 , packetCount: 243
2026-03-04 16:23:41.812 [DEBUG] onSpectrumReady - 数据大小: 1024 minVal: 156.86008230452674 maxVal: 38739.77777777778
2026-03-04 16:23:42.806 [DEBUG] [UdpCommunicator] Single spectrum length: 1024 , min: 166.798 , max: 38780.5 , packetCount: 238
2026-03-04 16:23:42.812 [DEBUG] onSpectrumReady - 数据大小: 1024 minVal: 166.7983193277311 maxVal: 38780.529411764706
2026-03-04 16:23:42.816 [DEBUG] [SystemMonitor] (sysinfo) totalBytes: 1.67493e+10 freeBytes: 5.90447e+09 memoryUsage(MB): 10342.5 / 15973.4
2026-03-04 16:23:42.821 [DEBUG] [SystemMonitor] cpuUsage: 35.2217 cpuTemp: 62.25 memUsed(MB): 10342.5 / 15973.4 diskUsed(GB): 45.2882 / 57.9994
2026-03-04 16:23:43.793 [DEBUG] [SystemMonitor] (sysinfo) totalBytes: 1.67493e+10 freeBytes: 5.9037e+09 memoryUsage(MB): 10343.2 / 15973.4
2026-03-04 16:23:43.798 [DEBUG] [SystemMonitor] cpuUsage: 32.4538 cpuTemp: 62.8 memUsed(MB): 10343.2 / 15973.4 diskUsed(GB): 45.2882 / 57.9994
2026-03-04 16:23:43.811 [DEBUG] [UdpCommunicator] Single spectrum length: 1024 , min: 385.23 , max: 12041.2 , packetCount: 244
2026-03-04 16:23:43.818 [DEBUG] onSpectrumReady - 数据大小: 1024 minVal: 385.2295081967213 maxVal: 12041.192622950819
2026-03-04 16:23:44.798 [DEBUG] [SystemMonitor] (sysinfo) totalBytes: 1.67493e+10 freeBytes: 5.90127e+09 memoryUsage(MB): 10345.5 / 15973.4
2026-03-04 16:23:44.804 [DEBUG] [SystemMonitor] cpuUsage: 35.0126 cpuTemp: 63.35 memUsed(MB): 10345.5 / 15973.4 diskUsed(GB): 45.2882 / 57.9994
2026-03-04 16:23:44.812 [DEBUG] [UdpCommunicator] Single spectrum length: 1024 , min: 476.557 , max: 1987.22 , packetCount: 237
2026-03-04 16:23:44.816 [DEBUG] onSpectrumReady - 数据大小: 1024 minVal: 476.55696202531647 maxVal: 1987.2151898734178
2026-03-04 16:23:45.787 [DEBUG] [SystemMonitor] (sysinfo) totalBytes: 1.67493e+10 freeBytes: 5.90001e+09 memoryUsage(MB): 10346.7 / 15973.4
2026-03-04 16:23:45.791 [DEBUG] [SystemMonitor] cpuUsage: 34.359 cpuTemp: 63.9 memUsed(MB): 10346.7 / 15973.4 diskUsed(GB): 45.2882 / 57.9994
2026-03-04 16:23:45.816 [DEBUG] [UdpCommunicator] Single spectrum length: 1024 , min: 479.616 , max: 1982.44 , packetCount: 242
2026-03-04 16:23:45.822 [DEBUG] onSpectrumReady - 数据大小: 1024 minVal: 479.61570247933884 maxVal: 1982.4421487603306
2026-03-04 16:23:46.787 [DEBUG] [SystemMonitor] (sysinfo) totalBytes: 1.67493e+10 freeBytes: 5.89718e+09 memoryUsage(MB): 10349.4 / 15973.4
2026-03-04 16:23:46.793 [DEBUG] [SystemMonitor] cpuUsage: 37.2449 cpuTemp: 63.9 memUsed(MB): 10349.4 / 15973.4 diskUsed(GB): 45.2882 / 57.9994
2026-03-04 16:23:46.798 [DEBUG] [UdpCommunicator] Single spectrum length: 1024 , min: 481.303 , max: 1984.5 , packetCount: 238
2026-03-04 16:23:46.803 [DEBUG] onSpectrumReady - 数据大小: 1024 minVal: 481.30252100840335 maxVal: 1984.5042016806722
2026-03-04 16:23:47.799 [DEBUG] [UdpCommunicator] Single spectrum length: 1024 , min: 486.133 , max: 1992.21 , packetCount: 240
2026-03-04 16:23:47.803 [DEBUG] onSpectrumReady - 数据大小: 1024 minVal: 486.1333333333333 maxVal: 1992.2125
2026-03-04 16:23:47.808 [DEBUG] [SystemMonitor] (sysinfo) totalBytes: 1.67493e+10 freeBytes: 5.89056e+09 memoryUsage(MB): 10355.7 / 15973.4
2026-03-04 16:23:47.811 [DEBUG] [SystemMonitor] cpuUsage: 48.1297 cpuTemp: 63.9 memUsed(MB): 10355.7 / 15973.4 diskUsed(GB): 45.2882 / 57.9994
2026-03-04 16:23:48.787 [DEBUG] [SystemMonitor] (sysinfo) totalBytes: 1.67493e+10 freeBytes: 5.88939e+09 memoryUsage(MB): 10356.8 / 15973.4
2026-03-04 16:23:48.792 [DEBUG] [SystemMonitor] cpuUsage: 34.026 cpuTemp: 62.25 memUsed(MB): 10356.8 / 15973.4 diskUsed(GB): 45.2882 / 57.9994
2026-03-04 16:23:48.823 [DEBUG] [UdpCommunicator] Single spectrum length: 1024 , min: 276.471 , max: 27437.9 , packetCount: 242
2026-03-04 16:23:48.830 [DEBUG] onSpectrumReady - 数据大小: 1024 minVal: 276.4710743801653 maxVal: 27437.871900826445
2026-03-04 16:23:49.787 [DEBUG] [SystemMonitor] (sysinfo) totalBytes: 1.67493e+10 freeBytes: 5.88666e+09 memoryUsage(MB): 10359.4 / 15973.4
2026-03-04 16:23:49.791 [DEBUG] [SystemMonitor] cpuUsage: 34.4388 cpuTemp: 63.35 memUsed(MB): 10359.4 / 15973.4 diskUsed(GB): 45.2882 / 57.9994
2026-03-04 16:23:49.796 [DEBUG] [UdpCommunicator] Single spectrum length: 1024 , min: 167.567 , max: 38828 , packetCount: 238
2026-03-04 16:23:49.799 [DEBUG] onSpectrumReady - 数据大小: 1024 minVal: 167.5672268907563 maxVal: 38827.970588235294
2026-03-04 16:23:50.788 [DEBUG] [SystemMonitor] (sysinfo) totalBytes: 1.67493e+10 freeBytes: 5.88394e+09 memoryUsage(MB): 10362 / 15973.4
2026-03-04 16:23:50.796 [DEBUG] [SystemMonitor] cpuUsage: 35.9494 cpuTemp: 63.35 memUsed(MB): 10362 / 15973.4 diskUsed(GB): 45.2882 / 57.9994
2026-03-04 16:23:50.802 [DEBUG] [UdpCommunicator] Single spectrum length: 1024 , min: 167.796 , max: 38858.9 , packetCount: 240
2026-03-04 16:23:50.806 [DEBUG] onSpectrumReady - 数据大小: 1024 minVal: 167.79583333333332 maxVal: 38858.8875
2026-03-04 16:23:51.787 [DEBUG] [SystemMonitor] (sysinfo) totalBytes: 1.67493e+10 freeBytes: 5.89171e+09 memoryUsage(MB): 10354.6 / 15973.4
2026-03-04 16:23:51.793 [DEBUG] [SystemMonitor] cpuUsage: 34.0967 cpuTemp: 62.8 memUsed(MB): 10354.6 / 15973.4 diskUsed(GB): 45.2882 / 57.9994
2026-03-04 16:23:51.806 [DEBUG] [UdpCommunicator] Single spectrum length: 1024 , min: 201.27 , max: 34935.6 , packetCount: 241
2026-03-04 16:23:51.813 [DEBUG] onSpectrumReady - 数据大小: 1024 minVal: 201.26970954356847 maxVal: 34935.5643153527
2026-03-04 16:23:52.791 [DEBUG] [SystemMonitor] (sysinfo) totalBytes: 1.67493e+10 freeBytes: 5.88325e+09 memoryUsage(MB): 10362.7 / 15973.4
2026-03-04 16:23:52.797 [DEBUG] [SystemMonitor] cpuUsage: 35.3535 cpuTemp: 61.7 memUsed(MB): 10362.7 / 15973.4 diskUsed(GB): 45.2882 / 57.9994
2026-03-04 16:23:52.809 [DEBUG] [UdpCommunicator] Single spectrum length: 1024 , min: 474.208 , max: 2416.07 , packetCount: 240
2026-03-04 16:23:52.815 [DEBUG] onSpectrumReady - 数据大小: 1024 minVal: 474.2083333333333 maxVal: 2416.075
2026-03-04 16:23:53.786 [DEBUG] [SystemMonitor] (sysinfo) totalBytes: 1.67493e+10 freeBytes: 5.88377e+09 memoryUsage(MB): 10362.2 / 15973.4
2026-03-04 16:23:53.791 [DEBUG] [SystemMonitor] cpuUsage: 34.9614 cpuTemp: 65 memUsed(MB): 10362.2 / 15973.4 diskUsed(GB): 45.2882 / 57.9994
2026-03-04 16:23:53.797 [DEBUG] [UdpCommunicator] Single spectrum length: 1024 , min: 479.358 , max: 1984.28 , packetCount: 240
2026-03-04 16:23:53.800 [DEBUG] onSpectrumReady - 数据大小: 1024 minVal: 479.35833333333335 maxVal: 1984.2791666666667
2026-03-04 16:23:54.802 [DEBUG] [UdpCommunicator] Single spectrum length: 1024 , min: 479.4 , max: 1979.53 , packetCount: 240
2026-03-04 16:23:54.807 [DEBUG] onSpectrumReady - 数据大小: 1024 minVal: 479.4 maxVal: 1979.5291666666667
2026-03-04 16:23:54.812 [DEBUG] [SystemMonitor] (sysinfo) totalBytes: 1.67493e+10 freeBytes: 5.8849e+09 memoryUsage(MB): 10361.1 / 15973.4
2026-03-04 16:23:54.815 [DEBUG] [SystemMonitor] cpuUsage: 34.4913 cpuTemp: 64.45 memUsed(MB): 10361.1 / 15973.4 diskUsed(GB): 45.2882 / 57.9994
2026-03-04 16:23:55.787 [DEBUG] [SystemMonitor] (sysinfo) totalBytes: 1.67493e+10 freeBytes: 5.92244e+09 memoryUsage(MB): 10325.3 / 15973.4
2026-03-04 16:23:55.792 [DEBUG] [SystemMonitor] cpuUsage: 64.9351 cpuTemp: 63.9 memUsed(MB): 10325.3 / 15973.4 diskUsed(GB): 45.2882 / 57.9994
2026-03-04 16:23:55.812 [DEBUG] [UdpCommunicator] Single spectrum length: 1024 , min: 283.902 , max: 24692.5 , packetCount: 244
2026-03-04 16:23:55.819 [DEBUG] onSpectrumReady - 数据大小: 1024 minVal: 283.9016393442623 maxVal: 24692.536885245903
2026-03-04 16:23:56.803 [DEBUG] [UdpCommunicator] Single spectrum length: 1024 , min: 157.928 , max: 39105.3 , packetCount: 236
2026-03-04 16:23:56.809 [DEBUG] onSpectrumReady - 数据大小: 1024 minVal: 157.92796610169492 maxVal: 39105.30084745763
2026-03-04 16:23:56.813 [DEBUG] [SystemMonitor] (sysinfo) totalBytes: 1.67493e+10 freeBytes: 5.9397e+09 memoryUsage(MB): 10308.9 / 15973.4
2026-03-04 16:23:56.816 [DEBUG] [SystemMonitor] cpuUsage: 35.5556 cpuTemp: 64.45 memUsed(MB): 10308.9 / 15973.4 diskUsed(GB): 45.2882 / 57.9994
2026-03-04 16:23:57.787 [DEBUG] [SystemMonitor] (sysinfo) totalBytes: 1.67493e+10 freeBytes: 5.93801e+09 memoryUsage(MB): 10310.5 / 15973.4
2026-03-04 16:23:57.791 [DEBUG] [SystemMonitor] cpuUsage: 32.4607 cpuTemp: 63.35 memUsed(MB): 10310.5 / 15973.4 diskUsed(GB): 45.2882 / 57.9994
2026-03-04 16:23:57.827 [DEBUG] [UdpCommunicator] Single spectrum length: 1024 , min: 168.004 , max: 38983.2 , packetCount: 244
2026-03-04 16:23:57.832 [DEBUG] onSpectrumReady - 数据大小: 1024 minVal: 168.00409836065575 maxVal: 38983.20901639344
2026-03-04 16:23:58.787 [DEBUG] [SystemMonitor] (sysinfo) totalBytes: 1.67493e+10 freeBytes: 5.93245e+09 memoryUsage(MB): 10315.8 / 15973.4
2026-03-04 16:23:58.792 [DEBUG] [SystemMonitor] cpuUsage: 35.7868 cpuTemp: 63.35 memUsed(MB): 10315.8 / 15973.4 diskUsed(GB): 45.2882 / 57.9994
2026-03-04 16:23:58.802 [DEBUG] [UdpCommunicator] Single spectrum length: 1024 , min: 164.123 , max: 39148.8 , packetCount: 236
2026-03-04 16:23:58.808 [DEBUG] onSpectrumReady - 数据大小: 1024 minVal: 164.1228813559322 maxVal: 39148.82203389831
2026-03-04 16:23:59.791 [DEBUG] [SystemMonitor] (sysinfo) totalBytes: 1.67493e+10 freeBytes: 5.94248e+09 memoryUsage(MB): 10306.2 / 15973.4
2026-03-04 16:23:59.796 [DEBUG] [SystemMonitor] cpuUsage: 33.7563 cpuTemp: 64.45 memUsed(MB): 10306.2 / 15973.4 diskUsed(GB): 45.2882 / 57.9994
2026-03-04 16:23:59.808 [DEBUG] [UdpCommunicator] Single spectrum length: 1024 , min: 160.358 , max: 39160.5 , packetCount: 240
2026-03-04 16:23:59.812 [DEBUG] onSpectrumReady - 数据大小: 1024 minVal: 160.35833333333332 maxVal: 39160.48333333333
2026-03-04 16:24:00.788 [DEBUG] [SystemMonitor] (sysinfo) totalBytes: 1.67493e+10 freeBytes: 5.93792e+09 memoryUsage(MB): 10310.6 / 15973.4
2026-03-04 16:24:00.796 [DEBUG] [SystemMonitor] cpuUsage: 34.7826 cpuTemp: 63.35 memUsed(MB): 10310.6 / 15973.4 diskUsed(GB): 45.2882 / 57.9994
2026-03-04 16:24:00.804 [DEBUG] [UdpCommunicator] Single spectrum length: 1024 , min: 155.087 , max: 39208 , packetCount: 241
2026-03-04 16:24:00.808 [DEBUG] onSpectrumReady - 数据大小: 1024 minVal: 155.08713692946057 maxVal: 39208.04564315353
2026-03-04 16:24:01.786 [DEBUG] [SystemMonitor] (sysinfo) totalBytes: 1.67493e+10 freeBytes: 5.93736e+09 memoryUsage(MB): 10311.1 / 15973.4
2026-03-04 16:24:01.790 [DEBUG] [SystemMonitor] cpuUsage: 35.8779 cpuTemp: 64.45 memUsed(MB): 10311.1 / 15973.4 diskUsed(GB): 45.2882 / 57.9994
2026-03-04 16:24:01.795 [DEBUG] [UdpCommunicator] Single spectrum length: 1024 , min: 163.588 , max: 39119.3 , packetCount: 240
2026-03-04 16:24:01.799 [DEBUG] onSpectrumReady - 数据大小: 1024 minVal: 163.5875 maxVal: 39119.3
2026-03-04 16:24:02.797 [DEBUG] [UdpCommunicator] Single spectrum length: 1024 , min: 158.821 , max: 39223.2 , packetCount: 240
2026-03-04 16:24:02.804 [DEBUG] onSpectrumReady - 数据大小: 1024 minVal: 158.82083333333333 maxVal: 39223.229166666664
2026-03-04 16:24:02.811 [DEBUG] [SystemMonitor] (sysinfo) totalBytes: 1.67493e+10 freeBytes: 5.94387e+09 memoryUsage(MB): 10304.9 / 15973.4
2026-03-04 16:24:02.814 [DEBUG] [SystemMonitor] cpuUsage: 34.8259 cpuTemp: 62.8 memUsed(MB): 10304.9 / 15973.4 diskUsed(GB): 45.2882 / 57.9994
2026-03-04 16:24:03.787 [DEBUG] [SystemMonitor] (sysinfo) totalBytes: 1.67493e+10 freeBytes: 5.94032e+09 memoryUsage(MB): 10308.3 / 15973.4
2026-03-04 16:24:03.791 [DEBUG] [SystemMonitor] cpuUsage: 32.8084 cpuTemp: 65 memUsed(MB): 10308.3 / 15973.4 diskUsed(GB): 45.2882 / 57.9994
2026-03-04 16:24:03.819 [DEBUG] [UdpCommunicator] Single spectrum length: 1024 , min: 157.523 , max: 39524.1 , packetCount: 243
2026-03-04 16:24:03.823 [DEBUG] onSpectrumReady - 数据大小: 1024 minVal: 157.52263374485597 maxVal: 39524.0987654321
2026-03-04 16:24:04.786 [DEBUG] [SystemMonitor] (sysinfo) totalBytes: 1.67493e+10 freeBytes: 5.93863e+09 memoryUsage(MB): 10309.9 / 15973.4
2026-03-04 16:24:04.791 [DEBUG] [SystemMonitor] cpuUsage: 34.6056 cpuTemp: 63.9 memUsed(MB): 10309.9 / 15973.4 diskUsed(GB): 45.2882 / 57.9994
2026-03-04 16:24:04.798 [DEBUG] [UdpCommunicator] Single spectrum length: 1024 , min: 152.814 , max: 39795 , packetCount: 237
2026-03-04 16:24:04.802 [DEBUG] onSpectrumReady - 数据大小: 1024 minVal: 152.81434599156117 maxVal: 39795
2026-03-04 16:24:05.787 [DEBUG] [SystemMonitor] (sysinfo) totalBytes: 1.67493e+10 freeBytes: 5.93587e+09 memoryUsage(MB): 10312.5 / 15973.4
2026-03-04 16:24:05.792 [DEBUG] [SystemMonitor] cpuUsage: 35.8056 cpuTemp: 63.35 memUsed(MB): 10312.5 / 15973.4 diskUsed(GB): 45.2882 / 57.9994
2026-03-04 16:24:06.021 [DEBUG] 预测结果 [预测器 0 ]: 54074.77734375
2026-03-04 16:24:06.029 [INFO] [预测结果] 预测值=54074.7773，状态=未启用异常监控
2026-03-04 16:24:06.153 [DEBUG] onPredictionReady - predictionHistory 大小: 1 最新值: 54074.77734375
2026-03-04 16:24:06.157 [DEBUG] [UdpCommunicator] Single spectrum length: 1024 , min: 150.133 , max: 39767.6 , packetCount: 240
2026-03-04 16:24:06.162 [DEBUG] onSpectrumReady - 数据大小: 1024 minVal: 150.13333333333333 maxVal: 39767.575
2026-03-04 16:24:06.787 [DEBUG] [SystemMonitor] (sysinfo) totalBytes: 1.67493e+10 freeBytes: 5.92658e+09 memoryUsage(MB): 10321.4 / 15973.4
2026-03-04 16:24:06.791 [DEBUG] [SystemMonitor] cpuUsage: 40.458 cpuTemp: 65 memUsed(MB): 10321.4 / 15973.4 diskUsed(GB): 45.2882 / 57.9994
2026-03-04 16:24:06.805 [DEBUG] 预测结果 [预测器 0 ]: 54028.36328125
2026-03-04 16:24:06.816 [INFO] [预测结果] 预测值=54028.3633，状态=未启用异常监控
2026-03-04 16:24:06.840 [DEBUG] onPredictionReady - predictionHistory 大小: 2 最新值: 54028.36328125
2026-03-04 16:24:06.844 [DEBUG] [UdpCommunicator] Single spectrum length: 1024 , min: 151.656 , max: 39767.7 , packetCount: 241
2026-03-04 16:24:06.851 [DEBUG] onSpectrumReady - 数据大小: 1024 minVal: 151.65560165975103 maxVal: 39767.65975103735
2026-03-04 16:24:07.787 [DEBUG] [SystemMonitor] (sysinfo) totalBytes: 1.67493e+10 freeBytes: 5.92829e+09 memoryUsage(MB): 10319.7 / 15973.4
2026-03-04 16:24:07.792 [DEBUG] [SystemMonitor] cpuUsage: 39.4402 cpuTemp: 65.55 memUsed(MB): 10319.7 / 15973.4 diskUsed(GB): 45.2882 / 57.9994
2026-03-04 16:24:07.820 [DEBUG] 预测结果 [预测器 0 ]: 54090.40625
2026-03-04 16:24:07.825 [INFO] [预测结果] 预测值=54090.4063，状态=未启用异常监控
2026-03-04 16:24:07.839 [DEBUG] onPredictionReady - predictionHistory 大小: 3 最新值: 54090.40625
2026-03-04 16:24:07.843 [DEBUG] [UdpCommunicator] Single spectrum length: 1024 , min: 167.879 , max: 39806.1 , packetCount: 240
2026-03-04 16:24:07.846 [DEBUG] onSpectrumReady - 数据大小: 1024 minVal: 167.87916666666666 maxVal: 39806.0625
2026-03-04 16:24:08.787 [DEBUG] [SystemMonitor] (sysinfo) totalBytes: 1.67493e+10 freeBytes: 5.93247e+09 memoryUsage(MB): 10315.8 / 15973.4
2026-03-04 16:24:08.792 [DEBUG] [SystemMonitor] cpuUsage: 38.8325 cpuTemp: 65 memUsed(MB): 10315.8 / 15973.4 diskUsed(GB): 45.2882 / 57.9994
2026-03-04 16:24:08.802 [DEBUG] 预测结果 [预测器 0 ]: 54080.328125
2026-03-04 16:24:08.806 [INFO] [预测结果] 预测值=54080.3281，状态=未启用异常监控
2026-03-04 16:24:08.823 [DEBUG] onPredictionReady - predictionHistory 大小: 4 最新值: 54080.328125
2026-03-04 16:24:08.841 [DEBUG] [UdpCommunicator] Single spectrum length: 1024 , min: 156.008 , max: 39799.5 , packetCount: 240
2026-03-04 16:24:08.845 [DEBUG] onSpectrumReady - 数据大小: 1024 minVal: 156.00833333333333 maxVal: 39799.541666666664
2026-03-04 16:24:09.811 [DEBUG] 预测结果 [预测器 0 ]: 54087.76953125
2026-03-04 16:24:09.818 [INFO] [预测结果] 预测值=54087.7695，状态=未启用异常监控
2026-03-04 16:24:09.851 [DEBUG] onPredictionReady - predictionHistory 大小: 5 最新值: 54087.76953125
2026-03-04 16:24:09.871 [DEBUG] [UdpCommunicator] Single spectrum length: 1024 , min: 159.396 , max: 39796.1 , packetCount: 240
2026-03-04 16:24:09.878 [DEBUG] onSpectrumReady - 数据大小: 1024 minVal: 159.39583333333334 maxVal: 39796.14166666667
2026-03-04 16:24:09.884 [DEBUG] [SystemMonitor] (sysinfo) totalBytes: 1.67493e+10 freeBytes: 5.92953e+09 memoryUsage(MB): 10318.6 / 15973.4
2026-03-04 16:24:09.892 [DEBUG] [SystemMonitor] cpuUsage: 43.1871 cpuTemp: 63.9 memUsed(MB): 10318.6 / 15973.4 diskUsed(GB): 45.2882 / 57.9994
2026-03-04 16:24:10.797 [DEBUG] [SystemMonitor] (sysinfo) totalBytes: 1.67493e+10 freeBytes: 5.92556e+09 memoryUsage(MB): 10322.4 / 15973.4
2026-03-04 16:24:10.807 [DEBUG] [SystemMonitor] cpuUsage: 33.2402 cpuTemp: 63.35 memUsed(MB): 10322.4 / 15973.4 diskUsed(GB): 45.2882 / 57.9994
2026-03-04 16:24:10.840 [DEBUG] 预测结果 [预测器 0 ]: 54102.6796875
2026-03-04 16:24:10.850 [INFO] [预测结果] 预测值=54102.6797，状态=未启用异常监控
2026-03-04 16:24:10.879 [DEBUG] onPredictionReady - predictionHistory 大小: 6 最新值: 54102.6796875
2026-03-04 16:24:10.891 [DEBUG] [UdpCommunicator] Single spectrum length: 1024 , min: 157.711 , max: 39826.5 , packetCount: 246
2026-03-04 16:24:10.897 [DEBUG] onSpectrumReady - 数据大小: 1024 minVal: 157.71138211382114 maxVal: 39826.49593495935
2026-03-04 16:24:11.786 [DEBUG] [SystemMonitor] (sysinfo) totalBytes: 1.67493e+10 freeBytes: 5.92616e+09 memoryUsage(MB): 10321.8 / 15973.4
2026-03-04 16:24:11.791 [DEBUG] [SystemMonitor] cpuUsage: 40.1028 cpuTemp: 63.9 memUsed(MB): 10321.8 / 15973.4 diskUsed(GB): 45.2882 / 57.9994
2026-03-04 16:24:11.806 [DEBUG] 预测结果 [预测器 0 ]: 54072.96875
2026-03-04 16:24:11.812 [INFO] [预测结果] 预测值=54072.9688，状态=未启用异常监控
2026-03-04 16:24:11.832 [DEBUG] onPredictionReady - predictionHistory 大小: 7 最新值: 54072.96875
2026-03-04 16:24:11.837 [DEBUG] [UdpCommunicator] Single spectrum length: 1024 , min: 141.207 , max: 39815.3 , packetCount: 237
2026-03-04 16:24:11.842 [DEBUG] onSpectrumReady - 数据大小: 1024 minVal: 141.20675105485233 maxVal: 39815.26582278481
2026-03-04 16:24:12.787 [DEBUG] [SystemMonitor] (sysinfo) totalBytes: 1.67493e+10 freeBytes: 5.92318e+09 memoryUsage(MB): 10324.6 / 15973.4
2026-03-04 16:24:12.792 [DEBUG] [SystemMonitor] cpuUsage: 38.3249 cpuTemp: 64.45 memUsed(MB): 10324.6 / 15973.4 diskUsed(GB): 45.2882 / 57.9994
2026-03-04 16:24:12.801 [DEBUG] 预测结果 [预测器 0 ]: 54076.796875
2026-03-04 16:24:12.815 [INFO] [预测结果] 预测值=54076.7969，状态=未启用异常监控
2026-03-04 16:24:12.851 [DEBUG] onPredictionReady - predictionHistory 大小: 8 最新值: 54076.796875
2026-03-04 16:24:12.860 [DEBUG] [UdpCommunicator] Single spectrum length: 1024 , min: 143.63 , max: 39837.7 , packetCount: 238
2026-03-04 16:24:12.866 [DEBUG] onSpectrumReady - 数据大小: 1024 minVal: 143.63025210084032 maxVal: 39837.71008403361
2026-03-04 16:24:13.786 [DEBUG] [SystemMonitor] (sysinfo) totalBytes: 1.67493e+10 freeBytes: 5.91997e+09 memoryUsage(MB): 10327.7 / 15973.4
2026-03-04 16:24:13.792 [DEBUG] [SystemMonitor] cpuUsage: 38.1679 cpuTemp: 64.45 memUsed(MB): 10327.7 / 15973.4 diskUsed(GB): 45.2882 / 57.9994
2026-03-04 16:24:13.840 [DEBUG] 预测结果 [预测器 0 ]: 54155.2578125
2026-03-04 16:24:13.854 [INFO] [预测结果] 预测值=54155.2578，状态=未启用异常监控
2026-03-04 16:24:13.905 [DEBUG] onPredictionReady - predictionHistory 大小: 9 最新值: 54155.2578125
2026-03-04 16:24:13.909 [DEBUG] [UdpCommunicator] Single spectrum length: 1024 , min: 155.421 , max: 39878.2 , packetCount: 240
2026-03-04 16:24:13.913 [DEBUG] onSpectrumReady - 数据大小: 1024 minVal: 155.42083333333332 maxVal: 39878.17083333333
2026-03-04 16:24:14.815 [DEBUG] 预测结果 [预测器 0 ]: 54188.01953125
2026-03-04 16:24:14.824 [INFO] [预测结果] 预测值=54188.0195，状态=未启用异常监控
2026-03-04 16:24:14.853 [DEBUG] onPredictionReady - predictionHistory 大小: 10 最新值: 54188.01953125
2026-03-04 16:24:14.861 [DEBUG] [UdpCommunicator] Single spectrum length: 1024 , min: 143.477 , max: 39867 , packetCount: 239
2026-03-04 16:24:14.869 [DEBUG] onSpectrumReady - 数据大小: 1024 minVal: 143.47698744769875 maxVal: 39867.04184100418
2026-03-04 16:24:14.876 [DEBUG] [SystemMonitor] (sysinfo) totalBytes: 1.67493e+10 freeBytes: 5.91912e+09 memoryUsage(MB): 10328.5 / 15973.4
2026-03-04 16:24:14.880 [DEBUG] [SystemMonitor] cpuUsage: 43.9252 cpuTemp: 65 memUsed(MB): 10328.5 / 15973.4 diskUsed(GB): 45.2882 / 57.9994
2026-03-04 16:24:15.801 [DEBUG] [SystemMonitor] (sysinfo) totalBytes: 1.67493e+10 freeBytes: 5.92029e+09 memoryUsage(MB): 10327.4 / 15973.4
2026-03-04 16:24:15.808 [DEBUG] [SystemMonitor] cpuUsage: 33.6088 cpuTemp: 63.35 memUsed(MB): 10327.4 / 15973.4 diskUsed(GB): 45.2882 / 57.9994
2026-03-04 16:24:15.826 [DEBUG] 预测结果 [预测器 0 ]: 54194.7265625
2026-03-04 16:24:15.831 [INFO] [预测结果] 预测值=54194.7266，状态=未启用异常监控
2026-03-04 16:24:15.858 [DEBUG] onPredictionReady - predictionHistory 大小: 10 最新值: 54194.7265625
2026-03-04 16:24:15.862 [DEBUG] [UdpCommunicator] Single spectrum length: 1024 , min: 161.87 , max: 39890.3 , packetCount: 247
2026-03-04 16:24:15.866 [DEBUG] onSpectrumReady - 数据大小: 1024 minVal: 161.87044534412956 maxVal: 39890.31578947369
2026-03-04 16:24:16.788 [DEBUG] [SystemMonitor] (sysinfo) totalBytes: 1.67493e+10 freeBytes: 5.91806e+09 memoryUsage(MB): 10329.5 / 15973.4
2026-03-04 16:24:16.794 [DEBUG] [SystemMonitor] cpuUsage: 39.0181 cpuTemp: 63.35 memUsed(MB): 10329.5 / 15973.4 diskUsed(GB): 45.2882 / 57.9994
2026-03-04 16:24:16.832 [DEBUG] 预测结果 [预测器 0 ]: 53523.15625
2026-03-04 16:24:16.841 [INFO] [预测结果] 预测值=53523.1563，状态=未启用异常监控
2026-03-04 16:24:16.867 [DEBUG] onPredictionReady - predictionHistory 大小: 10 最新值: 53523.15625
2026-03-04 16:24:16.871 [DEBUG] [UdpCommunicator] Single spectrum length: 1024 , min: 143.908 , max: 39396.5 , packetCount: 238
2026-03-04 16:24:16.877 [DEBUG] onSpectrumReady - 数据大小: 1024 minVal: 143.9075630252101 maxVal: 39396.5
2026-03-04 16:24:17.787 [DEBUG] [SystemMonitor] (sysinfo) totalBytes: 1.67493e+10 freeBytes: 5.92351e+09 memoryUsage(MB): 10324.3 / 15973.4
2026-03-04 16:24:17.791 [DEBUG] [SystemMonitor] cpuUsage: 40.3553 cpuTemp: 65 memUsed(MB): 10324.3 / 15973.4 diskUsed(GB): 45.2882 / 57.9994
2026-03-04 16:24:17.801 [DEBUG] 预测结果 [预测器 0 ]: 53472.51953125
2026-03-04 16:24:17.806 [INFO] [预测结果] 预测值=53472.5195，状态=未启用异常监控
2026-03-04 16:24:17.865 [DEBUG] onPredictionReady - predictionHistory 大小: 10 最新值: 53472.51953125
2026-03-04 16:24:17.877 [DEBUG] [UdpCommunicator] Single spectrum length: 1024 , min: 154.519 , max: 39394 , packetCount: 237
2026-03-04 16:24:17.886 [DEBUG] onSpectrumReady - 数据大小: 1024 minVal: 154.51898734177215 maxVal: 39394.012658227846
2026-03-04 16:24:18.787 [DEBUG] [SystemMonitor] (sysinfo) totalBytes: 1.67493e+10 freeBytes: 5.92535e+09 memoryUsage(MB): 10322.6 / 15973.4
2026-03-04 16:24:18.791 [DEBUG] [SystemMonitor] cpuUsage: 39.4402 cpuTemp: 64.45 memUsed(MB): 10322.6 / 15973.4 diskUsed(GB): 45.2882 / 57.9994
2026-03-04 16:24:18.822 [DEBUG] 预测结果 [预测器 0 ]: 53573.09375
2026-03-04 16:24:18.826 [INFO] [预测结果] 预测值=53573.0938，状态=未启用异常监控
2026-03-04 16:24:18.857 [DEBUG] onPredictionReady - predictionHistory 大小: 10 最新值: 53573.09375
2026-03-04 16:24:18.861 [DEBUG] [UdpCommunicator] Single spectrum length: 1024 , min: 163.921 , max: 39436.8 , packetCount: 240
2026-03-04 16:24:18.865 [DEBUG] onSpectrumReady - 数据大小: 1024 minVal: 163.92083333333332 maxVal: 39436.75
2026-03-04 16:24:19.786 [DEBUG] [SystemMonitor] (sysinfo) totalBytes: 1.67493e+10 freeBytes: 5.92669e+09 memoryUsage(MB): 10321.3 / 15973.4
2026-03-04 16:24:19.791 [DEBUG] [SystemMonitor] cpuUsage: 40.4092 cpuTemp: 62.8 memUsed(MB): 10321.3 / 15973.4 diskUsed(GB): 45.2882 / 57.9994
2026-03-04 16:24:19.803 [DEBUG] 预测结果 [预测器 0 ]: 53579.625
2026-03-04 16:24:19.822 [INFO] [预测结果] 预测值=53579.6250，状态=未启用异常监控
2026-03-04 16:24:19.899 [DEBUG] onPredictionReady - predictionHistory 大小: 10 最新值: 53579.625
2026-03-04 16:24:19.903 [DEBUG] [UdpCommunicator] Single spectrum length: 1024 , min: 160.646 , max: 39463.3 , packetCount: 240
2026-03-04 16:24:19.907 [DEBUG] onSpectrumReady - 数据大小: 1024 minVal: 160.64583333333334 maxVal: 39463.35
2026-03-04 16:24:20.787 [DEBUG] [SystemMonitor] (sysinfo) totalBytes: 1.67493e+10 freeBytes: 5.92567e+09 memoryUsage(MB): 10322.3 / 15973.4
2026-03-04 16:24:20.793 [DEBUG] [SystemMonitor] cpuUsage: 39.8477 cpuTemp: 64.45 memUsed(MB): 10322.3 / 15973.4 diskUsed(GB): 45.2882 / 57.9994
2026-03-04 16:24:20.813 [DEBUG] 预测结果 [预测器 0 ]: 53582.16015625
2026-03-04 16:24:20.829 [INFO] [预测结果] 预测值=53582.1602，状态=未启用异常监控
2026-03-04 16:24:20.850 [DEBUG] onPredictionReady - predictionHistory 大小: 10 最新值: 53582.16015625
2026-03-04 16:24:20.854 [DEBUG] [UdpCommunicator] Single spectrum length: 1024 , min: 153.033 , max: 39452.3 , packetCount: 240
2026-03-04 16:24:20.857 [DEBUG] onSpectrumReady - 数据大小: 1024 minVal: 153.03333333333333 maxVal: 39452.275
2026-03-04 16:24:21.787 [DEBUG] [SystemMonitor] (sysinfo) totalBytes: 1.67493e+10 freeBytes: 5.92085e+09 memoryUsage(MB): 10326.8 / 15973.4
2026-03-04 16:24:21.793 [DEBUG] [SystemMonitor] cpuUsage: 38.9313 cpuTemp: 65 memUsed(MB): 10326.8 / 15973.4 diskUsed(GB): 45.2882 / 57.9994
2026-03-04 16:24:21.809 [DEBUG] 预测结果 [预测器 0 ]: 43676.640625
2026-03-04 16:24:21.829 [INFO] [预测结果] 预测值=43676.6406，状态=未启用异常监控
2026-03-04 16:24:21.855 [DEBUG] onPredictionReady - predictionHistory 大小: 10 最新值: 43676.640625
2026-03-04 16:24:21.862 [DEBUG] [UdpCommunicator] Single spectrum length: 1024 , min: 230.329 , max: 32068.5 , packetCount: 240
2026-03-04 16:24:21.869 [DEBUG] onSpectrumReady - 数据大小: 1024 minVal: 230.32916666666668 maxVal: 32068.516666666666
2026-03-04 16:24:22.788 [DEBUG] [SystemMonitor] (sysinfo) totalBytes: 1.67493e+10 freeBytes: 5.92354e+09 memoryUsage(MB): 10324.3 / 15973.4
2026-03-04 16:24:22.794 [DEBUG] [SystemMonitor] cpuUsage: 38.9873 cpuTemp: 63.9 memUsed(MB): 10324.3 / 15973.4 diskUsed(GB): 45.2882 / 57.9994
2026-03-04 16:24:22.808 [DEBUG] 预测结果 [预测器 0 ]: 2824.44140625
2026-03-04 16:24:22.815 [INFO] [预测结果] 预测值=2824.4414，状态=未启用异常监控
2026-03-04 16:24:22.836 [DEBUG] onPredictionReady - predictionHistory 大小: 10 最新值: 2824.44140625
2026-03-04 16:24:22.843 [DEBUG] [UdpCommunicator] Single spectrum length: 1024 , min: 477.892 , max: 2300.43 , packetCount: 240
2026-03-04 16:24:22.849 [DEBUG] onSpectrumReady - 数据大小: 1024 minVal: 477.89166666666665 maxVal: 2300.4333333333334
2026-03-04 16:24:23.788 [DEBUG] [SystemMonitor] (sysinfo) totalBytes: 1.67493e+10 freeBytes: 5.92021e+09 memoryUsage(MB): 10327.5 / 15973.4
2026-03-04 16:24:23.793 [DEBUG] [SystemMonitor] cpuUsage: 40.6091 cpuTemp: 65.55 memUsed(MB): 10327.5 / 15973.4 diskUsed(GB): 45.2882 / 57.9994
2026-03-04 16:24:23.806 [DEBUG] 预测结果 [预测器 0 ]: 2508.904296875
2026-03-04 16:24:23.813 [INFO] [预测结果] 预测值=2508.9043，状态=未启用异常监控
2026-03-04 16:24:23.848 [DEBUG] onPredictionReady - predictionHistory 大小: 10 最新值: 2508.904296875
2026-03-04 16:24:23.858 [DEBUG] [UdpCommunicator] Single spectrum length: 1024 , min: 468.245 , max: 2153.96 , packetCount: 241
2026-03-04 16:24:23.871 [DEBUG] onSpectrumReady - 数据大小: 1024 minVal: 468.2448132780083 maxVal: 2153.9585062240662
2026-03-04 16:24:24.787 [DEBUG] [SystemMonitor] (sysinfo) totalBytes: 1.67493e+10 freeBytes: 5.92033e+09 memoryUsage(MB): 10327.3 / 15973.4
2026-03-04 16:24:24.793 [DEBUG] [SystemMonitor] cpuUsage: 39.0863 cpuTemp: 63.9 memUsed(MB): 10327.3 / 15973.4 diskUsed(GB): 45.2882 / 57.9994
2026-03-04 16:24:24.822 [DEBUG] 预测结果 [预测器 0 ]: 2566.987060546875
2026-03-04 16:24:24.831 [INFO] [预测结果] 预测值=2566.9871，状态=未启用异常监控
2026-03-04 16:24:24.860 [DEBUG] onPredictionReady - predictionHistory 大小: 10 最新值: 2566.987060546875
2026-03-04 16:24:24.868 [DEBUG] [UdpCommunicator] Single spectrum length: 1024 , min: 480.49 , max: 2190.02 , packetCount: 241
2026-03-04 16:24:24.881 [DEBUG] onSpectrumReady - 数据大小: 1024 minVal: 480.4896265560166 maxVal: 2190.0165975103732
2026-03-04 16:24:25.795 [DEBUG] [SystemMonitor] (sysinfo) totalBytes: 1.67493e+10 freeBytes: 5.91474e+09 memoryUsage(MB): 10332.7 / 15973.4
2026-03-04 16:24:25.802 [DEBUG] [SystemMonitor] cpuUsage: 40.3023 cpuTemp: 65.55 memUsed(MB): 10332.7 / 15973.4 diskUsed(GB): 45.2882 / 57.9994
2026-03-04 16:24:25.814 [DEBUG] 预测结果 [预测器 0 ]: 2573.2734375
2026-03-04 16:24:25.821 [INFO] [预测结果] 预测值=2573.2734，状态=未启用异常监控
2026-03-04 16:24:25.858 [DEBUG] onPredictionReady - predictionHistory 大小: 10 最新值: 2573.2734375
2026-03-04 16:24:25.867 [DEBUG] [UdpCommunicator] Single spectrum length: 1024 , min: 475.262 , max: 2206.96 , packetCount: 240
2026-03-04 16:24:25.871 [DEBUG] onSpectrumReady - 数据大小: 1024 minVal: 475.2625 maxVal: 2206.9583333333335
2026-03-04 16:24:26.787 [DEBUG] [SystemMonitor] (sysinfo) totalBytes: 1.67493e+10 freeBytes: 5.9012e+09 memoryUsage(MB): 10345.6 / 15973.4
2026-03-04 16:24:26.791 [DEBUG] [SystemMonitor] cpuUsage: 41.0256 cpuTemp: 65 memUsed(MB): 10345.6 / 15973.4 diskUsed(GB): 45.2882 / 57.9994
2026-03-04 16:24:26.830 [DEBUG] 预测结果 [预测器 0 ]: 2640.103759765625
2026-03-04 16:24:26.840 [INFO] [预测结果] 预测值=2640.1038，状态=未启用异常监控
2026-03-04 16:24:26.878 [DEBUG] onPredictionReady - predictionHistory 大小: 10 最新值: 2640.103759765625
2026-03-04 16:24:26.884 [DEBUG] [UdpCommunicator] Single spectrum length: 1024 , min: 487.29 , max: 2239.41 , packetCount: 241
2026-03-04 16:24:26.888 [DEBUG] onSpectrumReady - 数据大小: 1024 minVal: 487.2904564315353 maxVal: 2239.410788381743
2026-03-04 16:24:27.787 [DEBUG] [SystemMonitor] (sysinfo) totalBytes: 1.67493e+10 freeBytes: 5.90846e+09 memoryUsage(MB): 10338.7 / 15973.4
2026-03-04 16:24:27.792 [DEBUG] [SystemMonitor] cpuUsage: 39.7959 cpuTemp: 65 memUsed(MB): 10338.7 / 15973.4 diskUsed(GB): 45.2882 / 57.9994
2026-03-04 16:24:27.811 [DEBUG] 预测结果 [预测器 0 ]: 43981.5859375
2026-03-04 16:24:27.824 [INFO] [预测结果] 预测值=43981.5859，状态=未启用异常监控
2026-03-04 16:24:27.839 [DEBUG] onPredictionReady - predictionHistory 大小: 10 最新值: 43981.5859375
2026-03-04 16:24:27.843 [DEBUG] [UdpCommunicator] Single spectrum length: 1024 , min: 238.197 , max: 32422.9 , packetCount: 239
2026-03-04 16:24:27.846 [DEBUG] onSpectrumReady - 数据大小: 1024 minVal: 238.19665271966528 maxVal: 32422.916317991632
2026-03-04 16:24:28.788 [DEBUG] [SystemMonitor] (sysinfo) totalBytes: 1.67493e+10 freeBytes: 5.90581e+09 memoryUsage(MB): 10341.2 / 15973.4
2026-03-04 16:24:28.794 [DEBUG] [SystemMonitor] cpuUsage: 39.4402 cpuTemp: 63.9 memUsed(MB): 10341.2 / 15973.4 diskUsed(GB): 45.2882 / 57.9994
2026-03-04 16:24:28.806 [DEBUG] 预测结果 [预测器 0 ]: 54812.73828125
2026-03-04 16:24:28.818 [INFO] [预测结果] 预测值=54812.7383，状态=未启用异常监控
2026-03-04 16:24:28.854 [DEBUG] onPredictionReady - predictionHistory 大小: 10 最新值: 54812.73828125
2026-03-04 16:24:28.858 [DEBUG] [UdpCommunicator] Single spectrum length: 1024 , min: 148.338 , max: 40372.9 , packetCount: 240
2026-03-04 16:24:28.862 [DEBUG] onSpectrumReady - 数据大小: 1024 minVal: 148.3375 maxVal: 40372.9125
2026-03-04 16:24:29.787 [DEBUG] [SystemMonitor] (sysinfo) totalBytes: 1.67493e+10 freeBytes: 5.90076e+09 memoryUsage(MB): 10346 / 15973.4
2026-03-04 16:24:29.791 [DEBUG] [SystemMonitor] cpuUsage: 40.6566 cpuTemp: 65 memUsed(MB): 10346 / 15973.4 diskUsed(GB): 45.2882 / 57.9994
2026-03-04 16:24:29.803 [DEBUG] 预测结果 [预测器 0 ]: 54959.0859375
2026-03-04 16:24:29.809 [INFO] [预测结果] 预测值=54959.0859，状态=未启用异常监控
2026-03-04 16:24:29.823 [DEBUG] onPredictionReady - predictionHistory 大小: 10 最新值: 54959.0859375
2026-03-04 16:24:29.828 [DEBUG] [UdpCommunicator] Single spectrum length: 1024 , min: 150.342 , max: 40520.1 , packetCount: 240
2026-03-04 16:24:29.835 [DEBUG] onSpectrumReady - 数据大小: 1024 minVal: 150.34166666666667 maxVal: 40520.066666666666
2026-03-04 16:24:30.787 [DEBUG] [SystemMonitor] (sysinfo) totalBytes: 1.67493e+10 freeBytes: 5.90213e+09 memoryUsage(MB): 10344.7 / 15973.4
2026-03-04 16:24:30.791 [DEBUG] [SystemMonitor] cpuUsage: 38.1074 cpuTemp: 65 memUsed(MB): 10344.7 / 15973.4 diskUsed(GB): 45.2882 / 57.9994
2026-03-04 16:24:30.832 [DEBUG] 预测结果 [预测器 0 ]: 55052.953125
2026-03-04 16:24:30.840 [INFO] [预测结果] 预测值=55052.9531，状态=未启用异常监控
2026-03-04 16:24:30.854 [DEBUG] onPredictionReady - predictionHistory 大小: 10 最新值: 55052.953125
2026-03-04 16:24:30.860 [DEBUG] [UdpCommunicator] Single spectrum length: 1024 , min: 151.672 , max: 40583.5 , packetCount: 241
2026-03-04 16:24:30.864 [DEBUG] onSpectrumReady - 数据大小: 1024 minVal: 151.6721991701245 maxVal: 40583.51867219917
2026-03-04 16:24:31.787 [DEBUG] [SystemMonitor] (sysinfo) totalBytes: 1.67493e+10 freeBytes: 5.9106e+09 memoryUsage(MB): 10336.6 / 15973.4
2026-03-04 16:24:31.791 [DEBUG] [SystemMonitor] cpuUsage: 68.0905 cpuTemp: 65 memUsed(MB): 10336.6 / 15973.4 diskUsed(GB): 45.2882 / 57.9994
2026-03-04 16:24:31.822 [DEBUG] 预测结果 [预测器 0 ]: 54574.1171875
2026-03-04 16:24:31.830 [INFO] [预测结果] 预测值=54574.1172，状态=未启用异常监控
2026-03-04 16:24:31.852 [DEBUG] onPredictionReady - predictionHistory 大小: 10 最新值: 54574.1171875
2026-03-04 16:24:31.859 [DEBUG] [UdpCommunicator] Single spectrum length: 1024 , min: 149.321 , max: 40223.2 , packetCount: 240
2026-03-04 16:24:31.865 [DEBUG] onSpectrumReady - 数据大小: 1024 minVal: 149.32083333333333 maxVal: 40223.2125
2026-03-04 16:24:32.787 [DEBUG] [SystemMonitor] (sysinfo) totalBytes: 1.67493e+10 freeBytes: 5.91318e+09 memoryUsage(MB): 10334.2 / 15973.4
2026-03-04 16:24:32.792 [DEBUG] [SystemMonitor] cpuUsage: 39.9491 cpuTemp: 65.55 memUsed(MB): 10334.2 / 15973.4 diskUsed(GB): 45.2882 / 57.9994
2026-03-04 16:24:32.816 [DEBUG] 预测结果 [预测器 0 ]: 53266.6171875
2026-03-04 16:24:32.825 [INFO] [预测结果] 预测值=53266.6172，状态=未启用异常监控
2026-03-04 16:24:32.838 [DEBUG] onPredictionReady - predictionHistory 大小: 10 最新值: 53266.6171875
2026-03-04 16:24:32.841 [DEBUG] [UdpCommunicator] Single spectrum length: 1024 , min: 157.633 , max: 39246.5 , packetCount: 240
2026-03-04 16:24:32.846 [DEBUG] onSpectrumReady - 数据大小: 1024 minVal: 157.63333333333333 maxVal: 39246.541666666664
2026-03-04 16:24:33.786 [DEBUG] [SystemMonitor] (sysinfo) totalBytes: 1.67493e+10 freeBytes: 5.92057e+09 memoryUsage(MB): 10327.1 / 15973.4
2026-03-04 16:24:33.791 [DEBUG] [SystemMonitor] cpuUsage: 40.3553 cpuTemp: 63.9 memUsed(MB): 10327.1 / 15973.4 diskUsed(GB): 45.2882 / 57.9994
2026-03-04 16:24:33.827 [DEBUG] 预测结果 [预测器 0 ]: 55212.26953125
2026-03-04 16:24:33.836 [INFO] [预测结果] 预测值=55212.2695，状态=未启用异常监控
2026-03-04 16:24:33.863 [DEBUG] onPredictionReady - predictionHistory 大小: 10 最新值: 55212.26953125
2026-03-04 16:24:33.874 [DEBUG] [UdpCommunicator] Single spectrum length: 1024 , min: 139.563 , max: 40698.7 , packetCount: 240
2026-03-04 16:24:33.883 [DEBUG] onSpectrumReady - 数据大小: 1024 minVal: 139.5625 maxVal: 40698.729166666664
2026-03-04 16:24:34.787 [DEBUG] [SystemMonitor] (sysinfo) totalBytes: 1.67493e+10 freeBytes: 5.91931e+09 memoryUsage(MB): 10328.3 / 15973.4
2026-03-04 16:24:34.791 [DEBUG] [SystemMonitor] cpuUsage: 39.7959 cpuTemp: 64.45 memUsed(MB): 10328.3 / 15973.4 diskUsed(GB): 45.2882 / 57.9994
2026-03-04 16:24:34.800 [DEBUG] 预测结果 [预测器 0 ]: 55059.12109375
2026-03-04 16:24:34.805 [INFO] [预测结果] 预测值=55059.1211，状态=未启用异常监控
2026-03-04 16:24:34.823 [DEBUG] onPredictionReady - predictionHistory 大小: 10 最新值: 55059.12109375
2026-03-04 16:24:34.830 [DEBUG] [UdpCommunicator] Single spectrum length: 1024 , min: 140.713 , max: 40655.7 , packetCount: 240
2026-03-04 16:24:34.835 [DEBUG] onSpectrumReady - 数据大小: 1024 minVal: 140.7125 maxVal: 40655.74166666667
2026-03-04 16:24:35.795 [DEBUG] [SystemMonitor] (sysinfo) totalBytes: 1.67493e+10 freeBytes: 5.91518e+09 memoryUsage(MB): 10332.3 / 15973.4
2026-03-04 16:24:35.803 [DEBUG] [SystemMonitor] cpuUsage: 39.2947 cpuTemp: 63.9 memUsed(MB): 10332.3 / 15973.4 diskUsed(GB): 45.2882 / 57.9994
2026-03-04 16:24:35.819 [DEBUG] 预测结果 [预测器 0 ]: 54791.125
2026-03-04 16:24:35.824 [INFO] [预测结果] 预测值=54791.1250，状态=未启用异常监控
2026-03-04 16:24:35.840 [DEBUG] onPredictionReady - predictionHistory 大小: 10 最新值: 54791.125
2026-03-04 16:24:35.853 [DEBUG] [UdpCommunicator] Single spectrum length: 1024 , min: 151.108 , max: 40383.7 , packetCount: 240
2026-03-04 16:24:35.858 [DEBUG] onSpectrumReady - 数据大小: 1024 minVal: 151.10833333333332 maxVal: 40383.691666666666
2026-03-04 16:24:36.801 [DEBUG] [SystemMonitor] (sysinfo) totalBytes: 1.67493e+10 freeBytes: 5.91903e+09 memoryUsage(MB): 10328.6 / 15973.4
2026-03-04 16:24:36.805 [DEBUG] [SystemMonitor] cpuUsage: 39.1858 cpuTemp: 63.9 memUsed(MB): 10328.6 / 15973.4 diskUsed(GB): 45.2882 / 57.9994
2026-03-04 16:24:36.823 [DEBUG] 预测结果 [预测器 0 ]: 54846.94921875
2026-03-04 16:24:36.828 [INFO] [预测结果] 预测值=54846.9492，状态=未启用异常监控
2026-03-04 16:24:36.844 [DEBUG] onPredictionReady - predictionHistory 大小: 10 最新值: 54846.94921875
2026-03-04 16:24:36.849 [DEBUG] [UdpCommunicator] Single spectrum length: 1024 , min: 147.624 , max: 40439.6 , packetCount: 242
2026-03-04 16:24:36.853 [DEBUG] onSpectrumReady - 数据大小: 1024 minVal: 147.62396694214877 maxVal: 40439.64876033058
2026-03-04 16:24:37.788 [DEBUG] [SystemMonitor] (sysinfo) totalBytes: 1.67493e+10 freeBytes: 5.92381e+09 memoryUsage(MB): 10324 / 15973.4
2026-03-04 16:24:37.793 [DEBUG] [SystemMonitor] cpuUsage: 39.433 cpuTemp: 65 memUsed(MB): 10324 / 15973.4 diskUsed(GB): 45.2882 / 57.9994
2026-03-04 16:24:37.837 [DEBUG] 预测结果 [预测器 0 ]: 54573.4296875
2026-03-04 16:24:37.841 [INFO] [预测结果] 预测值=54573.4297，状态=未启用异常监控
2026-03-04 16:24:37.854 [DEBUG] onPredictionReady - predictionHistory 大小: 10 最新值: 54573.4296875
2026-03-04 16:24:37.860 [DEBUG] [UdpCommunicator] Single spectrum length: 1024 , min: 149.607 , max: 40231.2 , packetCount: 242
2026-03-04 16:24:37.863 [DEBUG] onSpectrumReady - 数据大小: 1024 minVal: 149.60743801652893 maxVal: 40231.21487603306
2026-03-04 16:24:38.787 [DEBUG] [SystemMonitor] (sysinfo) totalBytes: 1.67493e+10 freeBytes: 5.92167e+09 memoryUsage(MB): 10326.1 / 15973.4
2026-03-04 16:24:38.792 [DEBUG] [SystemMonitor] cpuUsage: 40.9207 cpuTemp: 65.55 memUsed(MB): 10326.1 / 15973.4 diskUsed(GB): 45.2882 / 57.9994
2026-03-04 16:24:38.822 [DEBUG] 预测结果 [预测器 0 ]: 54482.6796875
2026-03-04 16:24:38.829 [INFO] [预测结果] 预测值=54482.6797，状态=未启用异常监控
2026-03-04 16:24:38.861 [DEBUG] onPredictionReady - predictionHistory 大小: 10 最新值: 54482.6796875
2026-03-04 16:24:38.870 [DEBUG] [UdpCommunicator] Single spectrum length: 1024 , min: 144.722 , max: 40148.8 , packetCount: 237
2026-03-04 16:24:38.884 [DEBUG] onSpectrumReady - 数据大小: 1024 minVal: 144.72151898734177 maxVal: 40148.77215189873
2026-03-04 16:24:39.787 [DEBUG] [SystemMonitor] (sysinfo) totalBytes: 1.67493e+10 freeBytes: 5.93134e+09 memoryUsage(MB): 10316.8 / 15973.4
2026-03-04 16:24:39.791 [DEBUG] [SystemMonitor] cpuUsage: 40.7125 cpuTemp: 65.55 memUsed(MB): 10316.8 / 15973.4 diskUsed(GB): 45.2882 / 57.9994
2026-03-04 16:24:39.813 [DEBUG] [UdpCommunicator] Single spectrum length: 1024 , min: 150.287 , max: 40156.7 , packetCount: 240
2026-03-04 16:24:39.819 [DEBUG] onSpectrumReady - 数据大小: 1024 minVal: 150.2875 maxVal: 40156.691666666666
2026-03-04 16:24:40.438 [INFO] [主界面] 点击 停止获取光谱 按钮
2026-03-04 16:24:40.457 [INFO] [串口] ✓ 停止命令已发送到 /dev/ttyUSB0: 08 6B 00 00 00 3E 09 D7
2026-03-04 16:24:40.474 [INFO] [UDP] UDP接收已停止
2026-03-04 16:24:40.787 [DEBUG] [SystemMonitor] (sysinfo) totalBytes: 1.67493e+10 freeBytes: 5.92466e+09 memoryUsage(MB): 10323.2 / 15973.4
2026-03-04 16:24:40.792 [DEBUG] [SystemMonitor] cpuUsage: 28.4264 cpuTemp: 63.35 memUsed(MB): 10323.2 / 15973.4 diskUsed(GB): 45.2882 / 57.9994
2026-03-04 16:24:41.786 [DEBUG] [SystemMonitor] (sysinfo) totalBytes: 1.67493e+10 freeBytes: 5.93052e+09 memoryUsage(MB): 10317.6 / 15973.4
2026-03-04 16:24:41.791 [DEBUG] [SystemMonitor] cpuUsage: 5.79345 cpuTemp: 62.25 memUsed(MB): 10317.6 / 15973.4 diskUsed(GB): 45.2882 / 57.9994
2026-03-04 16:24:42.787 [DEBUG] [SystemMonitor] (sysinfo) totalBytes: 1.67493e+10 freeBytes: 5.92164e+09 memoryUsage(MB): 10326.1 / 15973.4
2026-03-04 16:24:42.792 [DEBUG] [SystemMonitor] cpuUsage: 4.7619 cpuTemp: 63.35 memUsed(MB): 10326.1 / 15973.4 diskUsed(GB): 45.2882 / 57.9994
2026-03-04 16:24:43.787 [DEBUG] [SystemMonitor] (sysinfo) totalBytes: 1.67493e+10 freeBytes: 5.92572e+09 memoryUsage(MB): 10322.2 / 15973.4
2026-03-04 16:24:43.792 [DEBUG] [SystemMonitor] cpuUsage: 9.04523 cpuTemp: 61.7 memUsed(MB): 10322.2 / 15973.4 diskUsed(GB): 45.2882 / 57.9994
2026-03-04 16:27:20.239 [WARN] qrc:/Main.qml:3163:13: QML Dialog: Binding loop detected for property "implicitWidth":
qrc:/qt-project.org/imports/QtQuick/Controls/Fusion/Dialog.qml:14:5
2026-03-04 16:27:20.240 [WARN] qrc:/Main.qml:3163:13: QML Dialog: Binding loop detected for property "implicitWidth":
qrc:/qt-project.org/imports/QtQuick/Controls/Fusion/Dialog.qml:14:5
2026-03-04 16:27:20.259 [DEBUG] 找到模型文件: "/media/linxi-ice-2/CCCOMA_X64FRE_ZH-CN_DV9/test1/c_system_formal/NIR_system_formal/host_computer/predictor_train/pytorch_predictor/spectrum_model.jit"
2026-03-04 16:27:20.428 [DEBUG] 找到模型文件: "/media/linxi-ice-2/CCCOMA_X64FRE_ZH-CN_DV9/test1/c_system_formal/NIR_system_formal/host_computer/predictor_train/pytorch_predictor/spectrum_model.jit"
2026-03-04 16:27:20.477 [DEBUG] PyTorch 模型加载成功: /media/linxi-ice-2/CCCOMA_X64FRE_ZH-CN_DV9/test1/c_system_formal/NIR_system_formal/host_computer/predictor_train/pytorch_predictor/spectrum_model.jit
2026-03-04 16:27:20.484 [DEBUG] 模型加载成功: "/media/linxi-ice-2/CCCOMA_X64FRE_ZH-CN_DV9/test1/c_system_formal/NIR_system_formal/host_computer/predictor_train/pytorch_predictor/spectrum_model.jit" 预测器: "PyTorch 神经网络预测器"
2026-03-04 16:27:20.663 [DEBUG] [SystemMonitor] (sysinfo) totalBytes: 1.67493e+10 freeBytes: 5.80896e+09 memoryUsage(MB): 10433.6 / 15973.4
2026-03-04 16:27:20.674 [DEBUG] [SystemMonitor] cpuUsage: 0 cpuTemp: 62.25 memUsed(MB): 10433.6 / 15973.4 diskUsed(GB): 45.2903 / 57.9994
2026-03-04 16:27:21.707 [DEBUG] [SystemMonitor] (sysinfo) totalBytes: 1.67493e+10 freeBytes: 5.8139e+09 memoryUsage(MB): 10428.8 / 15973.4
2026-03-04 16:27:21.717 [DEBUG] [SystemMonitor] cpuUsage: 9.92736 cpuTemp: 61.7 memUsed(MB): 10428.8 / 15973.4 diskUsed(GB): 45.2903 / 57.9994
2026-03-04 16:27:22.757 [DEBUG] [SystemMonitor] (sysinfo) totalBytes: 1.67493e+10 freeBytes: 5.83319e+09 memoryUsage(MB): 10410.4 / 15973.4
2026-03-04 16:27:22.777 [DEBUG] [SystemMonitor] cpuUsage: 7.17703 cpuTemp: 61.15 memUsed(MB): 10410.4 / 15973.4 diskUsed(GB): 45.2903 / 57.9994
2026-03-04 16:27:23.790 [DEBUG] [SystemMonitor] (sysinfo) totalBytes: 1.67493e+10 freeBytes: 5.87192e+09 memoryUsage(MB): 10373.5 / 15973.4
2026-03-04 16:27:23.801 [DEBUG] [SystemMonitor] cpuUsage: 16.1369 cpuTemp: 61.15 memUsed(MB): 10373.5 / 15973.4 diskUsed(GB): 45.2903 / 57.9994
2026-03-04 16:27:24.787 [DEBUG] [SystemMonitor] (sysinfo) totalBytes: 1.67493e+10 freeBytes: 5.87741e+09 memoryUsage(MB): 10368.3 / 15973.4
2026-03-04 16:27:24.803 [DEBUG] [SystemMonitor] cpuUsage: 15.1899 cpuTemp: 60.05 memUsed(MB): 10368.3 / 15973.4 diskUsed(GB): 45.2903 / 57.9994
2026-03-04 16:27:25.787 [DEBUG] [SystemMonitor] (sysinfo) totalBytes: 1.67493e+10 freeBytes: 5.87821e+09 memoryUsage(MB): 10367.5 / 15973.4
2026-03-04 16:27:25.806 [DEBUG] [SystemMonitor] cpuUsage: 18.136 cpuTemp: 61.7 memUsed(MB): 10367.5 / 15973.4 diskUsed(GB): 45.2903 / 57.9994
2026-03-04 16:27:26.787 [DEBUG] [SystemMonitor] (sysinfo) totalBytes: 1.67493e+10 freeBytes: 5.85016e+09 memoryUsage(MB): 10394.3 / 15973.4
2026-03-04 16:27:26.792 [DEBUG] [SystemMonitor] cpuUsage: 18.9873 cpuTemp: 62.25 memUsed(MB): 10394.3 / 15973.4 diskUsed(GB): 45.2903 / 57.9994
2026-03-04 16:27:27.787 [DEBUG] [SystemMonitor] (sysinfo) totalBytes: 1.67493e+10 freeBytes: 5.89901e+09 memoryUsage(MB): 10347.7 / 15973.4
2026-03-04 16:27:27.792 [DEBUG] [SystemMonitor] cpuUsage: 10.0756 cpuTemp: 61.15 memUsed(MB): 10347.7 / 15973.4 diskUsed(GB): 45.2903 / 57.9994
2026-03-04 16:27:28.787 [DEBUG] [SystemMonitor] (sysinfo) totalBytes: 1.67493e+10 freeBytes: 5.89973e+09 memoryUsage(MB): 10347 / 15973.4
2026-03-04 16:27:28.793 [DEBUG] [SystemMonitor] cpuUsage: 11.3636 cpuTemp: 61.15 memUsed(MB): 10347 / 15973.4 diskUsed(GB): 45.2903 / 57.9994
2026-03-04 16:27:29.787 [DEBUG] [SystemMonitor] (sysinfo) totalBytes: 1.67493e+10 freeBytes: 5.90092e+09 memoryUsage(MB): 10345.9 / 15973.4
2026-03-04 16:27:29.792 [DEBUG] [SystemMonitor] cpuUsage: 6.53266 cpuTemp: 59.5 memUsed(MB): 10345.9 / 15973.4 diskUsed(GB): 45.2903 / 57.9994
2026-03-04 16:27:30.787 [DEBUG] [SystemMonitor] (sysinfo) totalBytes: 1.67493e+10 freeBytes: 5.89951e+09 memoryUsage(MB): 10347.2 / 15973.4
2026-03-04 16:27:30.792 [DEBUG] [SystemMonitor] cpuUsage: 6.31313 cpuTemp: 58.95 memUsed(MB): 10347.2 / 15973.4 diskUsed(GB): 45.2903 / 57.9994
2026-03-04 16:27:31.787 [DEBUG] [SystemMonitor] (sysinfo) totalBytes: 1.67493e+10 freeBytes: 5.91161e+09 memoryUsage(MB): 10335.7 / 15973.4
2026-03-04 16:27:31.792 [DEBUG] [SystemMonitor] cpuUsage: 6.03015 cpuTemp: 59.5 memUsed(MB): 10335.7 / 15973.4 diskUsed(GB): 45.2903 / 57.9994
2026-03-04 16:27:32.787 [DEBUG] [SystemMonitor] (sysinfo) totalBytes: 1.67493e+10 freeBytes: 5.91112e+09 memoryUsage(MB): 10336.1 / 15973.4
2026-03-04 16:27:32.792 [DEBUG] [SystemMonitor] cpuUsage: 6.78392 cpuTemp: 58.95 memUsed(MB): 10336.1 / 15973.4 diskUsed(GB): 45.2903 / 57.9994
2026-03-04 16:27:33.787 [DEBUG] [SystemMonitor] (sysinfo) totalBytes: 1.67493e+10 freeBytes: 5.91112e+09 memoryUsage(MB): 10336.1 / 15973.4
2026-03-04 16:27:33.792 [DEBUG] [SystemMonitor] cpuUsage: 6.26566 cpuTemp: 59.5 memUsed(MB): 10336.1 / 15973.4 diskUsed(GB): 45.2903 / 57.9994
2026-03-04 16:27:34.787 [DEBUG] [SystemMonitor] (sysinfo) totalBytes: 1.67493e+10 freeBytes: 5.91112e+09 memoryUsage(MB): 10336.1 / 15973.4
2026-03-04 16:27:34.791 [DEBUG] [SystemMonitor] cpuUsage: 6.04534 cpuTemp: 60.6 memUsed(MB): 10336.1 / 15973.4 diskUsed(GB): 45.2903 / 57.9994
2026-03-04 16:27:35.787 [DEBUG] [SystemMonitor] (sysinfo) totalBytes: 1.67493e+10 freeBytes: 5.91009e+09 memoryUsage(MB): 10337.1 / 15973.4
2026-03-04 16:27:35.791 [DEBUG] [SystemMonitor] cpuUsage: 5.79345 cpuTemp: 60.6 memUsed(MB): 10337.1 / 15973.4 diskUsed(GB): 45.2903 / 57.9994
2026-03-04 16:27:36.787 [DEBUG] [SystemMonitor] (sysinfo) totalBytes: 1.67493e+10 freeBytes: 5.91009e+09 memoryUsage(MB): 10337.1 / 15973.4
2026-03-04 16:27:36.791 [DEBUG] [SystemMonitor] cpuUsage: 5.51378 cpuTemp: 59.5 memUsed(MB): 10337.1 / 15973.4 diskUsed(GB): 45.2903 / 57.9994
2026-03-04 16:27:37.706 [INFO] [串口] ✓ 设置曝光时间(约 10000.00 µs)命令已发送到 /dev/ttyUSB0: 08 A4 00 D2 03 3E 09 D7
2026-03-04 16:27:37.786 [DEBUG] [SystemMonitor] (sysinfo) totalBytes: 1.67493e+10 freeBytes: 5.90522e+09 memoryUsage(MB): 10341.8 / 15973.4
2026-03-04 16:27:37.790 [DEBUG] [SystemMonitor] cpuUsage: 8.79397 cpuTemp: 61.15 memUsed(MB): 10341.8 / 15973.4 diskUsed(GB): 45.2903 / 57.9994
2026-03-04 16:27:38.787 [DEBUG] [SystemMonitor] (sysinfo) totalBytes: 1.67493e+10 freeBytes: 5.90907e+09 memoryUsage(MB): 10338.1 / 15973.4
2026-03-04 16:27:38.792 [DEBUG] [SystemMonitor] cpuUsage: 7.59494 cpuTemp: 61.15 memUsed(MB): 10338.1 / 15973.4 diskUsed(GB): 45.2903 / 57.9994
2026-03-04 16:27:39.611 [INFO] [串口] ✓ 设置读出时间(约 10850.00 µs)命令已发送到 /dev/ttyUSB0: 08 A5 00 1C 7C 3E 09 D7
2026-03-04 16:27:39.787 [DEBUG] [SystemMonitor] (sysinfo) totalBytes: 1.67493e+10 freeBytes: 5.9052e+09 memoryUsage(MB): 10341.8 / 15973.4
2026-03-04 16:27:39.792 [DEBUG] [SystemMonitor] cpuUsage: 7.28643 cpuTemp: 59.5 memUsed(MB): 10341.8 / 15973.4 diskUsed(GB): 45.2903 / 57.9994
2026-03-04 16:27:40.786 [DEBUG] [SystemMonitor] (sysinfo) totalBytes: 1.67493e+10 freeBytes: 5.90927e+09 memoryUsage(MB): 10337.9 / 15973.4
2026-03-04 16:27:40.791 [DEBUG] [SystemMonitor] cpuUsage: 5.05051 cpuTemp: 59.5 memUsed(MB): 10337.9 / 15973.4 diskUsed(GB): 45.2903 / 57.9994
2026-03-04 16:27:41.787 [DEBUG] [SystemMonitor] (sysinfo) totalBytes: 1.67493e+10 freeBytes: 5.90638e+09 memoryUsage(MB): 10340.6 / 15973.4
2026-03-04 16:27:41.792 [DEBUG] [SystemMonitor] cpuUsage: 6.51629 cpuTemp: 58.95 memUsed(MB): 10340.6 / 15973.4 diskUsed(GB): 45.2903 / 57.9994
2026-03-04 16:27:42.787 [DEBUG] [SystemMonitor] (sysinfo) totalBytes: 1.67493e+10 freeBytes: 5.90612e+09 memoryUsage(MB): 10340.9 / 15973.4
2026-03-04 16:27:42.792 [DEBUG] [SystemMonitor] cpuUsage: 5.02513 cpuTemp: 59.5 memUsed(MB): 10340.9 / 15973.4 diskUsed(GB): 45.2903 / 57.9994
2026-03-04 16:27:43.786 [DEBUG] [SystemMonitor] (sysinfo) totalBytes: 1.67493e+10 freeBytes: 5.90553e+09 memoryUsage(MB): 10341.5 / 15973.4
2026-03-04 16:27:43.791 [DEBUG] [SystemMonitor] cpuUsage: 5.28967 cpuTemp: 59.5 memUsed(MB): 10341.5 / 15973.4 diskUsed(GB): 45.2903 / 57.9994
2026-03-04 16:27:44.787 [DEBUG] [SystemMonitor] (sysinfo) totalBytes: 1.67493e+10 freeBytes: 5.9064e+09 memoryUsage(MB): 10340.6 / 15973.4
2026-03-04 16:27:44.792 [DEBUG] [SystemMonitor] cpuUsage: 4.27136 cpuTemp: 60.05 memUsed(MB): 10340.6 / 15973.4 diskUsed(GB): 45.2903 / 57.9994
2026-03-04 16:27:45.787 [DEBUG] [SystemMonitor] (sysinfo) totalBytes: 1.67493e+10 freeBytes: 5.90434e+09 memoryUsage(MB): 10342.6 / 15973.4
2026-03-04 16:27:45.792 [DEBUG] [SystemMonitor] cpuUsage: 4.77387 cpuTemp: 57.3 memUsed(MB): 10342.6 / 15973.4 diskUsed(GB): 45.2903 / 57.9994
2026-03-04 16:27:46.787 [DEBUG] [SystemMonitor] (sysinfo) totalBytes: 1.67493e+10 freeBytes: 5.90434e+09 memoryUsage(MB): 10342.6 / 15973.4
2026-03-04 16:27:46.793 [DEBUG] [SystemMonitor] cpuUsage: 5.02513 cpuTemp: 59.5 memUsed(MB): 10342.6 / 15973.4 diskUsed(GB): 45.2903 / 57.9994
2026-03-04 16:27:47.787 [DEBUG] [SystemMonitor] (sysinfo) totalBytes: 1.67493e+10 freeBytes: 5.90549e+09 memoryUsage(MB): 10341.5 / 15973.4
2026-03-04 16:27:47.792 [DEBUG] [SystemMonitor] cpuUsage: 6.26566 cpuTemp: 59.5 memUsed(MB): 10341.5 / 15973.4 diskUsed(GB): 45.2903 / 57.9994
2026-03-04 16:27:48.787 [DEBUG] [SystemMonitor] (sysinfo) totalBytes: 1.67493e+10 freeBytes: 5.90562e+09 memoryUsage(MB): 10341.4 / 15973.4
2026-03-04 16:27:48.792 [DEBUG] [SystemMonitor] cpuUsage: 4.27136 cpuTemp: 60.05 memUsed(MB): 10341.4 / 15973.4 diskUsed(GB): 45.2903 / 57.9994
2026-03-04 16:27:49.786 [DEBUG] [SystemMonitor] (sysinfo) totalBytes: 1.67493e+10 freeBytes: 5.90431e+09 memoryUsage(MB): 10342.6 / 15973.4
2026-03-04 16:27:49.791 [DEBUG] [SystemMonitor] cpuUsage: 7.8481 cpuTemp: 60.05 memUsed(MB): 10342.6 / 15973.4 diskUsed(GB): 45.2903 / 57.9994
2026-03-04 16:27:50.787 [DEBUG] [SystemMonitor] (sysinfo) totalBytes: 1.67493e+10 freeBytes: 5.90308e+09 memoryUsage(MB): 10343.8 / 15973.4
2026-03-04 16:27:50.796 [DEBUG] [SystemMonitor] cpuUsage: 6.80101 cpuTemp: 60.6 memUsed(MB): 10343.8 / 15973.4 diskUsed(GB): 45.2903 / 57.9994
2026-03-04 16:27:51.787 [DEBUG] [SystemMonitor] (sysinfo) totalBytes: 1.67493e+10 freeBytes: 5.9023e+09 memoryUsage(MB): 10344.5 / 15973.4
2026-03-04 16:27:51.791 [DEBUG] [SystemMonitor] cpuUsage: 8.02005 cpuTemp: 59.5 memUsed(MB): 10344.5 / 15973.4 diskUsed(GB): 45.2903 / 57.9994
2026-03-04 16:27:52.787 [DEBUG] [SystemMonitor] (sysinfo) totalBytes: 1.67493e+10 freeBytes: 5.9023e+09 memoryUsage(MB): 10344.5 / 15973.4
2026-03-04 16:27:52.791 [DEBUG] [SystemMonitor] cpuUsage: 5.01253 cpuTemp: 59.5 memUsed(MB): 10344.5 / 15973.4 diskUsed(GB): 45.2903 / 57.9994
2026-03-04 16:27:53.245 [INFO] [主界面] 点击 开始获取光谱 按钮
2026-03-04 16:27:53.264 [INFO] [串口] ✓ 启动命令已发送到 /dev/ttyUSB0: 08 6B 00 00 00 3E 09 D7
2026-03-04 16:27:53.270 [INFO] [UDP] UDP接收已在运行
2026-03-04 16:27:53.276 [INFO] [UDP] ✓ UDP接收已启动，端口: 1234
2026-03-04 16:27:53.787 [DEBUG] [SystemMonitor] (sysinfo) totalBytes: 1.67493e+10 freeBytes: 5.90988e+09 memoryUsage(MB): 10337.3 / 15973.4
2026-03-04 16:27:53.791 [DEBUG] [SystemMonitor] cpuUsage: 20.9184 cpuTemp: 61.15 memUsed(MB): 10337.3 / 15973.4 diskUsed(GB): 45.2903 / 57.9994
2026-03-04 16:27:54.314 [DEBUG] [UdpCommunicator] Single spectrum length: 1024 , min: 0 , max: 42045.8 , packetCount: 50
2026-03-04 16:27:54.318 [DEBUG] onSpectrumReady - 数据大小: 1024 minVal: 0 maxVal: 42045.84
2026-03-04 16:27:54.786 [DEBUG] [SystemMonitor] (sysinfo) totalBytes: 1.67493e+10 freeBytes: 5.90684e+09 memoryUsage(MB): 10340.2 / 15973.4
2026-03-04 16:27:54.790 [DEBUG] [SystemMonitor] cpuUsage: 30.4569 cpuTemp: 60.6 memUsed(MB): 10340.2 / 15973.4 diskUsed(GB): 45.2903 / 57.9994
2026-03-04 16:27:55.305 [DEBUG] [UdpCommunicator] Single spectrum length: 1024 , min: 0 , max: 42683.4 , packetCount: 48
2026-03-04 16:27:55.317 [DEBUG] onSpectrumReady - 数据大小: 1024 minVal: 0 maxVal: 42683.395833333336
2026-03-04 16:27:55.787 [DEBUG] [SystemMonitor] (sysinfo) totalBytes: 1.67493e+10 freeBytes: 5.90454e+09 memoryUsage(MB): 10342.4 / 15973.4
2026-03-04 16:27:55.790 [DEBUG] [SystemMonitor] cpuUsage: 31.1392 cpuTemp: 60.6 memUsed(MB): 10342.4 / 15973.4 diskUsed(GB): 45.2903 / 57.9994
2026-03-04 16:27:56.304 [DEBUG] [UdpCommunicator] Single spectrum length: 1024 , min: 0 , max: 44533.9 , packetCount: 48
2026-03-04 16:27:56.308 [DEBUG] onSpectrumReady - 数据大小: 1024 minVal: 0 maxVal: 44533.916666666664
2026-03-04 16:27:56.787 [DEBUG] [SystemMonitor] (sysinfo) totalBytes: 1.67493e+10 freeBytes: 5.9042e+09 memoryUsage(MB): 10342.7 / 15973.4
2026-03-04 16:27:56.791 [DEBUG] [SystemMonitor] cpuUsage: 29.5918 cpuTemp: 61.7 memUsed(MB): 10342.7 / 15973.4 diskUsed(GB): 45.2903 / 57.9994
2026-03-04 16:27:57.303 [DEBUG] [UdpCommunicator] Single spectrum length: 1024 , min: 0 , max: 44702.6 , packetCount: 48
2026-03-04 16:27:57.307 [DEBUG] onSpectrumReady - 数据大小: 1024 minVal: 0 maxVal: 44702.5625
2026-03-04 16:27:57.788 [DEBUG] [SystemMonitor] (sysinfo) totalBytes: 1.67493e+10 freeBytes: 5.89981e+09 memoryUsage(MB): 10346.9 / 15973.4
2026-03-04 16:27:57.797 [DEBUG] [SystemMonitor] cpuUsage: 29.0076 cpuTemp: 61.7 memUsed(MB): 10346.9 / 15973.4 diskUsed(GB): 45.2903 / 57.9994
2026-03-04 16:27:58.026 [INFO] [UDP] ✓ 开始累积黑参考数据，需要39500个数据包
2026-03-04 16:27:58.304 [DEBUG] [UdpCommunicator] Single spectrum length: 1024 , min: 0 , max: 44136.5 , packetCount: 48
2026-03-04 16:27:58.307 [DEBUG] onSpectrumReady - 数据大小: 1024 minVal: 0 maxVal: 44136.520833333336
2026-03-04 16:27:58.787 [DEBUG] [SystemMonitor] (sysinfo) totalBytes: 1.67493e+10 freeBytes: 5.89729e+09 memoryUsage(MB): 10349.3 / 15973.4
2026-03-04 16:27:58.798 [DEBUG] [SystemMonitor] cpuUsage: 30.9645 cpuTemp: 61.15 memUsed(MB): 10349.3 / 15973.4 diskUsed(GB): 45.2903 / 57.9994
2026-03-04 16:27:59.302 [DEBUG] [UdpCommunicator] Single spectrum length: 1024 , min: 0 , max: 43779.2 , packetCount: 48
2026-03-04 16:27:59.306 [DEBUG] onSpectrumReady - 数据大小: 1024 minVal: 0 maxVal: 43779.166666666664
2026-03-04 16:27:59.787 [DEBUG] [SystemMonitor] (sysinfo) totalBytes: 1.67493e+10 freeBytes: 5.89342e+09 memoryUsage(MB): 10353 / 15973.4
2026-03-04 16:27:59.791 [DEBUG] [SystemMonitor] cpuUsage: 30.7305 cpuTemp: 60.05 memUsed(MB): 10353 / 15973.4 diskUsed(GB): 45.2903 / 57.9994
2026-03-04 16:28:00.299 [DEBUG] [UdpCommunicator] Single spectrum length: 1024 , min: 0 , max: 43614 , packetCount: 48
2026-03-04 16:28:00.303 [DEBUG] onSpectrumReady - 数据大小: 1024 minVal: 0 maxVal: 43613.979166666664
2026-03-04 16:28:00.787 [DEBUG] [SystemMonitor] (sysinfo) totalBytes: 1.67493e+10 freeBytes: 5.89264e+09 memoryUsage(MB): 10353.7 / 15973.4
2026-03-04 16:28:00.791 [DEBUG] [SystemMonitor] cpuUsage: 31.202 cpuTemp: 60.6 memUsed(MB): 10353.7 / 15973.4 diskUsed(GB): 45.2903 / 57.9994
2026-03-04 16:28:01.348 [DEBUG] [UdpCommunicator] Single spectrum length: 1024 , min: 0 , max: 43516 , packetCount: 49
2026-03-04 16:28:01.367 [DEBUG] onSpectrumReady - 数据大小: 1024 minVal: 0 maxVal: 43515.95918367347
2026-03-04 16:28:01.787 [DEBUG] [SystemMonitor] (sysinfo) totalBytes: 1.67493e+10 freeBytes: 5.88829e+09 memoryUsage(MB): 10357.9 / 15973.4
2026-03-04 16:28:01.791 [DEBUG] [SystemMonitor] cpuUsage: 61.9647 cpuTemp: 62.25 memUsed(MB): 10357.9 / 15973.4 diskUsed(GB): 45.2903 / 57.9994
2026-03-04 16:28:02.321 [DEBUG] [UdpCommunicator] Single spectrum length: 1024 , min: 0 , max: 43498 , packetCount: 48
2026-03-04 16:28:02.326 [DEBUG] onSpectrumReady - 数据大小: 1024 minVal: 0 maxVal: 43498.041666666664
2026-03-04 16:28:02.786 [DEBUG] [SystemMonitor] (sysinfo) totalBytes: 1.67493e+10 freeBytes: 5.88751e+09 memoryUsage(MB): 10358.6 / 15973.4
2026-03-04 16:28:02.791 [DEBUG] [SystemMonitor] cpuUsage: 29.4118 cpuTemp: 61.15 memUsed(MB): 10358.6 / 15973.4 diskUsed(GB): 45.2903 / 57.9994
2026-03-04 16:28:03.318 [DEBUG] [UdpCommunicator] Single spectrum length: 1024 , min: 0 , max: 43480.4 , packetCount: 48
2026-03-04 16:28:03.321 [DEBUG] onSpectrumReady - 数据大小: 1024 minVal: 0 maxVal: 43480.375
2026-03-04 16:28:03.787 [DEBUG] [SystemMonitor] (sysinfo) totalBytes: 1.67493e+10 freeBytes: 5.88732e+09 memoryUsage(MB): 10358.8 / 15973.4
2026-03-04 16:28:03.798 [DEBUG] [SystemMonitor] cpuUsage: 30.203 cpuTemp: 62.8 memUsed(MB): 10358.8 / 15973.4 diskUsed(GB): 45.2903 / 57.9994
2026-03-04 16:28:04.315 [DEBUG] [UdpCommunicator] Single spectrum length: 1024 , min: 0 , max: 43423.3 , packetCount: 48
2026-03-04 16:28:04.319 [DEBUG] onSpectrumReady - 数据大小: 1024 minVal: 0 maxVal: 43423.333333333336
2026-03-04 16:28:04.786 [DEBUG] [SystemMonitor] (sysinfo) totalBytes: 1.67493e+10 freeBytes: 5.88729e+09 memoryUsage(MB): 10358.8 / 15973.4
2026-03-04 16:28:04.791 [DEBUG] [SystemMonitor] cpuUsage: 30.4569 cpuTemp: 62.25 memUsed(MB): 10358.8 / 15973.4 diskUsed(GB): 45.2903 / 57.9994
2026-03-04 16:28:05.316 [DEBUG] [UdpCommunicator] Single spectrum length: 1024 , min: 0 , max: 43401.5 , packetCount: 48
2026-03-04 16:28:05.321 [DEBUG] onSpectrumReady - 数据大小: 1024 minVal: 0 maxVal: 43401.541666666664
2026-03-04 16:28:05.787 [DEBUG] [SystemMonitor] (sysinfo) totalBytes: 1.67493e+10 freeBytes: 5.88712e+09 memoryUsage(MB): 10359 / 15973.4
2026-03-04 16:28:05.798 [DEBUG] [SystemMonitor] cpuUsage: 28.8265 cpuTemp: 62.8 memUsed(MB): 10359 / 15973.4 diskUsed(GB): 45.2903 / 57.9994
2026-03-04 16:28:06.312 [DEBUG] [UdpCommunicator] Single spectrum length: 1024 , min: 0 , max: 43406.5 , packetCount: 48
2026-03-04 16:28:06.317 [DEBUG] onSpectrumReady - 数据大小: 1024 minVal: 0 maxVal: 43406.458333333336
2026-03-04 16:28:06.787 [DEBUG] [SystemMonitor] (sysinfo) totalBytes: 1.67493e+10 freeBytes: 5.88485e+09 memoryUsage(MB): 10361.2 / 15973.4
2026-03-04 16:28:06.792 [DEBUG] [SystemMonitor] cpuUsage: 32.9975 cpuTemp: 60.6 memUsed(MB): 10361.2 / 15973.4 diskUsed(GB): 45.2903 / 57.9994
2026-03-04 16:28:07.314 [DEBUG] [UdpCommunicator] Single spectrum length: 1024 , min: 0 , max: 43329.1 , packetCount: 48
2026-03-04 16:28:07.320 [DEBUG] onSpectrumReady - 数据大小: 1024 minVal: 0 maxVal: 43329.083333333336
2026-03-04 16:28:07.787 [DEBUG] [SystemMonitor] (sysinfo) totalBytes: 1.67493e+10 freeBytes: 5.88462e+09 memoryUsage(MB): 10361.4 / 15973.4
2026-03-04 16:28:07.794 [DEBUG] [SystemMonitor] cpuUsage: 29.0816 cpuTemp: 62.25 memUsed(MB): 10361.4 / 15973.4 diskUsed(GB): 45.2903 / 57.9994
2026-03-04 16:28:08.010 [INFO] [UDP] 黑参考累积进度: 480/480
2026-03-04 16:28:08.116 [INFO] [UDP] ✓ 黑参考数据处理完成！平均值: 0.00 ~ 43486.97
2026-03-04 16:28:08.121 [DEBUG] 黑参考数据处理完成，平均值范围: 0 ~ 43486.96666666667
2026-03-04 16:28:08.310 [DEBUG] [UdpCommunicator] Single spectrum length: 1024 , min: 0 , max: 43333 , packetCount: 48
2026-03-04 16:28:08.315 [DEBUG] onSpectrumReady - 数据大小: 1024 minVal: 0 maxVal: 43332.979166666664
2026-03-04 16:28:08.787 [DEBUG] [SystemMonitor] (sysinfo) totalBytes: 1.67493e+10 freeBytes: 5.89608e+09 memoryUsage(MB): 10350.5 / 15973.4
2026-03-04 16:28:08.792 [DEBUG] [SystemMonitor] cpuUsage: 35.7868 cpuTemp: 61.7 memUsed(MB): 10350.5 / 15973.4 diskUsed(GB): 45.2903 / 57.9994
2026-03-04 16:28:09.311 [DEBUG] [UdpCommunicator] Single spectrum length: 1024 , min: 0 , max: 43335.4 , packetCount: 48
2026-03-04 16:28:09.318 [DEBUG] onSpectrumReady - 数据大小: 1024 minVal: 0 maxVal: 43335.354166666664
2026-03-04 16:28:09.787 [DEBUG] [SystemMonitor] (sysinfo) totalBytes: 1.67493e+10 freeBytes: 5.8953e+09 memoryUsage(MB): 10351.2 / 15973.4
2026-03-04 16:28:09.792 [DEBUG] [SystemMonitor] cpuUsage: 30.2799 cpuTemp: 61.15 memUsed(MB): 10351.2 / 15973.4 diskUsed(GB): 45.2903 / 57.9994
2026-03-04 16:28:09.866 [INFO] [UDP] ✓ 开始累积白参考数据，需要39500个数据包
2026-03-04 16:28:10.307 [DEBUG] [UdpCommunicator] Single spectrum length: 1024 , min: 0 , max: 43330 , packetCount: 48
2026-03-04 16:28:10.312 [DEBUG] onSpectrumReady - 数据大小: 1024 minVal: 0 maxVal: 43330
2026-03-04 16:28:10.787 [DEBUG] [SystemMonitor] (sysinfo) totalBytes: 1.67493e+10 freeBytes: 5.89275e+09 memoryUsage(MB): 10353.6 / 15973.4
2026-03-04 16:28:10.792 [DEBUG] [SystemMonitor] cpuUsage: 30.4569 cpuTemp: 61.7 memUsed(MB): 10353.6 / 15973.4 diskUsed(GB): 45.2903 / 57.9994
2026-03-04 16:28:11.308 [DEBUG] [UdpCommunicator] Single spectrum length: 1024 , min: 0 , max: 43303.4 , packetCount: 48
2026-03-04 16:28:11.318 [DEBUG] onSpectrumReady - 数据大小: 1024 minVal: 0 maxVal: 43303.354166666664
2026-03-04 16:28:11.787 [DEBUG] [SystemMonitor] (sysinfo) totalBytes: 1.67493e+10 freeBytes: 5.89276e+09 memoryUsage(MB): 10353.6 / 15973.4
2026-03-04 16:28:11.793 [DEBUG] [SystemMonitor] cpuUsage: 31.9797 cpuTemp: 61.7 memUsed(MB): 10353.6 / 15973.4 diskUsed(GB): 45.2903 / 57.9994
2026-03-04 16:28:12.308 [DEBUG] [UdpCommunicator] Single spectrum length: 1024 , min: 0 , max: 43285.9 , packetCount: 48
2026-03-04 16:28:12.315 [DEBUG] onSpectrumReady - 数据大小: 1024 minVal: 0 maxVal: 43285.875
2026-03-04 16:28:12.787 [DEBUG] [SystemMonitor] (sysinfo) totalBytes: 1.67493e+10 freeBytes: 5.89982e+09 memoryUsage(MB): 10346.9 / 15973.4
2026-03-04 16:28:12.797 [DEBUG] [SystemMonitor] cpuUsage: 30.6122 cpuTemp: 62.25 memUsed(MB): 10346.9 / 15973.4 diskUsed(GB): 45.2903 / 57.9994
2026-03-04 16:28:13.306 [DEBUG] [UdpCommunicator] Single spectrum length: 1024 , min: 0 , max: 43230.6 , packetCount: 48
2026-03-04 16:28:13.311 [DEBUG] onSpectrumReady - 数据大小: 1024 minVal: 0 maxVal: 43230.5625
2026-03-04 16:28:13.787 [DEBUG] [SystemMonitor] (sysinfo) totalBytes: 1.67493e+10 freeBytes: 5.89866e+09 memoryUsage(MB): 10348 / 15973.4
2026-03-04 16:28:13.790 [DEBUG] [SystemMonitor] cpuUsage: 31.2183 cpuTemp: 61.15 memUsed(MB): 10348 / 15973.4 diskUsed(GB): 45.2903 / 57.9994
2026-03-04 16:28:14.303 [DEBUG] [UdpCommunicator] Single spectrum length: 1024 , min: 0 , max: 43242.1 , packetCount: 48
2026-03-04 16:28:14.312 [DEBUG] onSpectrumReady - 数据大小: 1024 minVal: 0 maxVal: 43242.0625
2026-03-04 16:28:14.787 [DEBUG] [SystemMonitor] (sysinfo) totalBytes: 1.67493e+10 freeBytes: 5.89866e+09 memoryUsage(MB): 10348 / 15973.4
2026-03-04 16:28:14.798 [DEBUG] [SystemMonitor] cpuUsage: 30.102 cpuTemp: 61.7 memUsed(MB): 10348 / 15973.4 diskUsed(GB): 45.2903 / 57.9994
2026-03-04 16:28:15.304 [DEBUG] [UdpCommunicator] Single spectrum length: 1024 , min: 0 , max: 43217.3 , packetCount: 48
2026-03-04 16:28:15.309 [DEBUG] onSpectrumReady - 数据大小: 1024 minVal: 0 maxVal: 43217.291666666664
2026-03-04 16:28:15.787 [DEBUG] [SystemMonitor] (sysinfo) totalBytes: 1.67493e+10 freeBytes: 5.89407e+09 memoryUsage(MB): 10352.4 / 15973.4
2026-03-04 16:28:15.793 [DEBUG] [SystemMonitor] cpuUsage: 30.9463 cpuTemp: 62.25 memUsed(MB): 10352.4 / 15973.4 diskUsed(GB): 45.2903 / 57.9994
2026-03-04 16:28:16.300 [DEBUG] [UdpCommunicator] Single spectrum length: 1024 , min: 0 , max: 43167.5 , packetCount: 48
2026-03-04 16:28:16.304 [DEBUG] onSpectrumReady - 数据大小: 1024 minVal: 0 maxVal: 43167.541666666664
2026-03-04 16:28:16.787 [DEBUG] [SystemMonitor] (sysinfo) totalBytes: 1.67493e+10 freeBytes: 5.89049e+09 memoryUsage(MB): 10355.8 / 15973.4
2026-03-04 16:28:16.794 [DEBUG] [SystemMonitor] cpuUsage: 30.5556 cpuTemp: 62.8 memUsed(MB): 10355.8 / 15973.4 diskUsed(GB): 45.2903 / 57.9994
2026-03-04 16:28:17.303 [DEBUG] [UdpCommunicator] Single spectrum length: 1024 , min: 0 , max: 43101.5 , packetCount: 48
2026-03-04 16:28:17.307 [DEBUG] onSpectrumReady - 数据大小: 1024 minVal: 0 maxVal: 43101.458333333336
2026-03-04 16:28:17.787 [DEBUG] [SystemMonitor] (sysinfo) totalBytes: 1.67493e+10 freeBytes: 5.88972e+09 memoryUsage(MB): 10356.5 / 15973.4
2026-03-04 16:28:17.791 [DEBUG] [SystemMonitor] cpuUsage: 31.1224 cpuTemp: 62.25 memUsed(MB): 10356.5 / 15973.4 diskUsed(GB): 45.2903 / 57.9994
2026-03-04 16:28:18.298 [DEBUG] [UdpCommunicator] Single spectrum length: 1024 , min: 0 , max: 43066.6 , packetCount: 48
2026-03-04 16:28:18.302 [DEBUG] onSpectrumReady - 数据大小: 1024 minVal: 0 maxVal: 43066.604166666664
2026-03-04 16:28:18.787 [DEBUG] [SystemMonitor] (sysinfo) totalBytes: 1.67493e+10 freeBytes: 5.8841e+09 memoryUsage(MB): 10361.9 / 15973.4
2026-03-04 16:28:18.791 [DEBUG] [SystemMonitor] cpuUsage: 30.0254 cpuTemp: 62.8 memUsed(MB): 10361.9 / 15973.4 diskUsed(GB): 45.2903 / 57.9994
2026-03-04 16:28:19.299 [DEBUG] [UdpCommunicator] Single spectrum length: 1024 , min: 0 , max: 43010.3 , packetCount: 48
2026-03-04 16:28:19.303 [DEBUG] onSpectrumReady - 数据大小: 1024 minVal: 0 maxVal: 43010.25
2026-03-04 16:28:19.787 [DEBUG] [SystemMonitor] (sysinfo) totalBytes: 1.67493e+10 freeBytes: 5.88306e+09 memoryUsage(MB): 10362.9 / 15973.4
2026-03-04 16:28:19.798 [DEBUG] [SystemMonitor] cpuUsage: 29.1139 cpuTemp: 62.8 memUsed(MB): 10362.9 / 15973.4 diskUsed(GB): 45.2903 / 57.9994
2026-03-04 16:28:19.848 [INFO] [UDP] 白参考累积进度: 480/480
2026-03-04 16:28:19.954 [INFO] [UDP] ✓ 白参考数据处理完成！平均值: 0.00 ~ 43177.97
2026-03-04 16:28:19.967 [INFO] [UDP] ✓ 黑白参考数据已就绪，光谱数据将在后台线程进行黑白校正
2026-03-04 16:28:19.972 [DEBUG] 白参考数据处理完成，平均值范围: 0 ~ 43177.97083333333
2026-03-04 16:28:20.317 [DEBUG] [UdpCommunicator] Single spectrum length: 1024 , min: 0 , max: 1.67497 , packetCount: 49
2026-03-04 16:28:20.321 [DEBUG] onSpectrumReady - 数据大小: 1024 minVal: 0 maxVal: 1.6749703068357134
2026-03-04 16:28:20.787 [DEBUG] [SystemMonitor] (sysinfo) totalBytes: 1.67493e+10 freeBytes: 5.89081e+09 memoryUsage(MB): 10355.5 / 15973.4
2026-03-04 16:28:20.792 [DEBUG] [SystemMonitor] cpuUsage: 34.8601 cpuTemp: 63.35 memUsed(MB): 10355.5 / 15973.4 diskUsed(GB): 45.2903 / 57.9994
2026-03-04 16:28:21.315 [DEBUG] [UdpCommunicator] Single spectrum length: 1024 , min: 0 , max: 1.69132 , packetCount: 48
2026-03-04 16:28:21.318 [DEBUG] onSpectrumReady - 数据大小: 1024 minVal: 0 maxVal: 1.691317534207905
2026-03-04 16:28:21.787 [DEBUG] [SystemMonitor] (sysinfo) totalBytes: 1.67493e+10 freeBytes: 5.89035e+09 memoryUsage(MB): 10355.9 / 15973.4
2026-03-04 16:28:21.792 [DEBUG] [SystemMonitor] cpuUsage: 30.9645 cpuTemp: 63.35 memUsed(MB): 10355.9 / 15973.4 diskUsed(GB): 45.2903 / 57.9994
2026-03-04 16:28:22.317 [DEBUG] [UdpCommunicator] Single spectrum length: 1024 , min: 0 , max: 1.37652 , packetCount: 48
2026-03-04 16:28:22.323 [DEBUG] onSpectrumReady - 数据大小: 1024 minVal: 0 maxVal: 1.376522664104589
2026-03-04 16:28:22.787 [DEBUG] [SystemMonitor] (sysinfo) totalBytes: 1.67493e+10 freeBytes: 5.89012e+09 memoryUsage(MB): 10356.2 / 15973.4
2026-03-04 16:28:22.791 [DEBUG] [SystemMonitor] cpuUsage: 29.9492 cpuTemp: 63.35 memUsed(MB): 10356.2 / 15973.4 diskUsed(GB): 45.2903 / 57.9994
2026-03-04 16:28:23.325 [DEBUG] [UdpCommunicator] Single spectrum length: 1024 , min: 0 , max: 2.83617 , packetCount: 48
2026-03-04 16:28:23.333 [DEBUG] onSpectrumReady - 数据大小: 1024 minVal: 0 maxVal: 2.8361675390776884
2026-03-04 16:28:23.787 [DEBUG] [SystemMonitor] (sysinfo) totalBytes: 1.67493e+10 freeBytes: 5.88963e+09 memoryUsage(MB): 10356.6 / 15973.4
2026-03-04 16:28:23.792 [DEBUG] [SystemMonitor] cpuUsage: 40.6091 cpuTemp: 63.35 memUsed(MB): 10356.6 / 15973.4 diskUsed(GB): 45.2903 / 57.9994
2026-03-04 16:28:24.314 [DEBUG] [UdpCommunicator] Single spectrum length: 1024 , min: 14.5324 , max: 48.7708 , packetCount: 48
2026-03-04 16:28:24.319 [DEBUG] onSpectrumReady - 数据大小: 1024 minVal: 14.532380100768759 maxVal: 48.770833333333336
2026-03-04 16:28:24.787 [DEBUG] [SystemMonitor] (sysinfo) totalBytes: 1.67493e+10 freeBytes: 5.88782e+09 memoryUsage(MB): 10358.3 / 15973.4
2026-03-04 16:28:24.792 [DEBUG] [SystemMonitor] cpuUsage: 28.934 cpuTemp: 62.8 memUsed(MB): 10358.3 / 15973.4 diskUsed(GB): 45.2903 / 57.9994
2026-03-04 16:28:25.315 [DEBUG] [UdpCommunicator] Single spectrum length: 1024 , min: -167.508 , max: 1000.63 , packetCount: 48
2026-03-04 16:28:25.320 [DEBUG] onSpectrumReady - 数据大小: 1024 minVal: -167.50822611159043 maxVal: 1000.625
2026-03-04 16:28:25.786 [DEBUG] [SystemMonitor] (sysinfo) totalBytes: 1.67493e+10 freeBytes: 5.89844e+09 memoryUsage(MB): 10348.2 / 15973.4
2026-03-04 16:28:25.793 [DEBUG] [SystemMonitor] cpuUsage: 29.6954 cpuTemp: 61.7 memUsed(MB): 10348.2 / 15973.4 diskUsed(GB): 45.2903 / 57.9994
2026-03-04 16:28:26.313 [DEBUG] [UdpCommunicator] Single spectrum length: 1024 , min: -167.508 , max: 1003.6 , packetCount: 48
2026-03-04 16:28:26.320 [DEBUG] onSpectrumReady - 数据大小: 1024 minVal: -167.50822611159043 maxVal: 1003.6041666666666
2026-03-04 16:28:26.787 [DEBUG] [SystemMonitor] (sysinfo) totalBytes: 1.67493e+10 freeBytes: 5.87962e+09 memoryUsage(MB): 10366.2 / 15973.4
2026-03-04 16:28:26.792 [DEBUG] [SystemMonitor] cpuUsage: 30.0254 cpuTemp: 61.7 memUsed(MB): 10366.2 / 15973.4 diskUsed(GB): 45.2903 / 57.9994
2026-03-04 16:28:27.310 [DEBUG] [UdpCommunicator] Single spectrum length: 1024 , min: -167.508 , max: 1015.15 , packetCount: 48
2026-03-04 16:28:27.314 [DEBUG] onSpectrumReady - 数据大小: 1024 minVal: -167.50822611159043 maxVal: 1015.1458333333334
2026-03-04 16:28:27.787 [DEBUG] [SystemMonitor] (sysinfo) totalBytes: 1.67493e+10 freeBytes: 5.88009e+09 memoryUsage(MB): 10365.7 / 15973.4
2026-03-04 16:28:27.791 [DEBUG] [SystemMonitor] cpuUsage: 28.8608 cpuTemp: 62.8 memUsed(MB): 10365.7 / 15973.4 diskUsed(GB): 45.2903 / 57.9994
2026-03-04 16:28:28.311 [DEBUG] [UdpCommunicator] Single spectrum length: 1024 , min: -167.508 , max: 995.708 , packetCount: 48
2026-03-04 16:28:28.316 [DEBUG] onSpectrumReady - 数据大小: 1024 minVal: -167.50822611159043 maxVal: 995.7083333333334
2026-03-04 16:28:28.787 [DEBUG] [SystemMonitor] (sysinfo) totalBytes: 1.67493e+10 freeBytes: 5.88278e+09 memoryUsage(MB): 10363.2 / 15973.4
2026-03-04 16:28:28.791 [DEBUG] [SystemMonitor] cpuUsage: 29.8734 cpuTemp: 62.8 memUsed(MB): 10363.2 / 15973.4 diskUsed(GB): 45.2903 / 57.9994
2026-03-04 16:28:29.306 [DEBUG] [UdpCommunicator] Single spectrum length: 1024 , min: -167.508 , max: 1009.27 , packetCount: 48
2026-03-04 16:28:29.311 [DEBUG] onSpectrumReady - 数据大小: 1024 minVal: -167.50822611159043 maxVal: 1009.2708333333334
2026-03-04 16:28:29.787 [DEBUG] [SystemMonitor] (sysinfo) totalBytes: 1.67493e+10 freeBytes: 5.88255e+09 memoryUsage(MB): 10363.4 / 15973.4
2026-03-04 16:28:29.791 [DEBUG] [SystemMonitor] cpuUsage: 29.6203 cpuTemp: 61.7 memUsed(MB): 10363.4 / 15973.4 diskUsed(GB): 45.2903 / 57.9994
2026-03-04 16:28:30.306 [DEBUG] [UdpCommunicator] Single spectrum length: 1024 , min: -167.508 , max: 1004.88 , packetCount: 48
2026-03-04 16:28:30.317 [DEBUG] onSpectrumReady - 数据大小: 1024 minVal: -167.50822611159043 maxVal: 1004.875
2026-03-04 16:28:30.786 [DEBUG] [SystemMonitor] (sysinfo) totalBytes: 1.67493e+10 freeBytes: 5.88727e+09 memoryUsage(MB): 10358.9 / 15973.4
2026-03-04 16:28:30.791 [DEBUG] [SystemMonitor] cpuUsage: 28.9744 cpuTemp: 63.35 memUsed(MB): 10358.9 / 15973.4 diskUsed(GB): 45.2903 / 57.9994
2026-03-04 16:28:31.307 [DEBUG] [UdpCommunicator] Single spectrum length: 1024 , min: -167.508 , max: 1005.48 , packetCount: 48
2026-03-04 16:28:31.312 [DEBUG] onSpectrumReady - 数据大小: 1024 minVal: -167.50822611159043 maxVal: 1005.4791666666666
2026-03-04 16:28:31.787 [DEBUG] [SystemMonitor] (sysinfo) totalBytes: 1.67493e+10 freeBytes: 5.89619e+09 memoryUsage(MB): 10350.4 / 15973.4
2026-03-04 16:28:31.792 [DEBUG] [SystemMonitor] cpuUsage: 30.4569 cpuTemp: 62.25 memUsed(MB): 10350.4 / 15973.4 diskUsed(GB): 45.2903 / 57.9994
2026-03-04 16:28:32.305 [DEBUG] [UdpCommunicator] Single spectrum length: 1024 , min: -167.508 , max: 993.521 , packetCount: 48
2026-03-04 16:28:32.313 [DEBUG] onSpectrumReady - 数据大小: 1024 minVal: -167.50822611159043 maxVal: 993.5208333333334
2026-03-04 16:28:32.789 [DEBUG] [SystemMonitor] (sysinfo) totalBytes: 1.67493e+10 freeBytes: 5.89129e+09 memoryUsage(MB): 10355 / 15973.4
2026-03-04 16:28:32.796 [DEBUG] [SystemMonitor] cpuUsage: 29.771 cpuTemp: 61.7 memUsed(MB): 10355 / 15973.4 diskUsed(GB): 45.2903 / 57.9994
2026-03-04 16:28:33.302 [DEBUG] [UdpCommunicator] Single spectrum length: 1024 , min: -167.508 , max: 1013.17 , packetCount: 48
2026-03-04 16:28:33.306 [DEBUG] onSpectrumReady - 数据大小: 1024 minVal: -167.50822611159043 maxVal: 1013.1666666666666
2026-03-04 16:28:33.787 [DEBUG] [SystemMonitor] (sysinfo) totalBytes: 1.67493e+10 freeBytes: 5.89057e+09 memoryUsage(MB): 10355.7 / 15973.4
2026-03-04 16:28:33.792 [DEBUG] [SystemMonitor] cpuUsage: 30.6122 cpuTemp: 62.8 memUsed(MB): 10355.7 / 15973.4 diskUsed(GB): 45.2903 / 57.9994
2026-03-04 16:28:33.979 [INFO] [主界面] 点击 停止获取光谱 按钮
2026-03-04 16:28:33.998 [INFO] [串口] ✓ 停止命令已发送到 /dev/ttyUSB0: 08 6B 00 00 00 3E 09 D7
2026-03-04 16:28:34.005 [INFO] [UDP] UDP接收已停止
2026-03-04 16:28:34.787 [DEBUG] [SystemMonitor] (sysinfo) totalBytes: 1.67493e+10 freeBytes: 5.89057e+09 memoryUsage(MB): 10355.7 / 15973.4
2026-03-04 16:28:34.791 [DEBUG] [SystemMonitor] cpuUsage: 12.8788 cpuTemp: 60.6 memUsed(MB): 10355.7 / 15973.4 diskUsed(GB): 45.2903 / 57.9994
2026-03-04 16:28:35.786 [DEBUG] [SystemMonitor] (sysinfo) totalBytes: 1.67493e+10 freeBytes: 5.8896e+09 memoryUsage(MB): 10356.6 / 15973.4
2026-03-04 16:28:35.791 [DEBUG] [SystemMonitor] cpuUsage: 12.8141 cpuTemp: 61.7 memUsed(MB): 10356.6 / 15973.4 diskUsed(GB): 45.2903 / 57.9994
2026-03-04 16:28:36.787 [DEBUG] [SystemMonitor] (sysinfo) totalBytes: 1.67493e+10 freeBytes: 5.89078e+09 memoryUsage(MB): 10355.5 / 15973.4
2026-03-04 16:28:36.792 [DEBUG] [SystemMonitor] cpuUsage: 13.8889 cpuTemp: 61.15 memUsed(MB): 10355.5 / 15973.4 diskUsed(GB): 45.2903 / 57.9994
2026-03-04 16:28:37.787 [DEBUG] [SystemMonitor] (sysinfo) totalBytes: 1.67493e+10 freeBytes: 5.89006e+09 memoryUsage(MB): 10356.2 / 15973.4
2026-03-04 16:28:37.791 [DEBUG] [SystemMonitor] cpuUsage: 8.83838 cpuTemp: 60.05 memUsed(MB): 10356.2 / 15973.4 diskUsed(GB): 45.2903 / 57.9994
2026-03-04 16:28:38.787 [DEBUG] [SystemMonitor] (sysinfo) totalBytes: 1.67493e+10 freeBytes: 5.89463e+09 memoryUsage(MB): 10351.9 / 15973.4
2026-03-04 16:28:38.791 [DEBUG] [SystemMonitor] cpuUsage: 32.5 cpuTemp: 63.9 memUsed(MB): 10351.9 / 15973.4 diskUsed(GB): 45.2903 / 57.9994
2026-03-04 16:28:39.787 [DEBUG] [SystemMonitor] (sysinfo) totalBytes: 1.67493e+10 freeBytes: 5.89465e+09 memoryUsage(MB): 10351.8 / 15973.4
2026-03-04 16:28:39.792 [DEBUG] [SystemMonitor] cpuUsage: 5.54156 cpuTemp: 62.25 memUsed(MB): 10351.8 / 15973.4 diskUsed(GB): 45.2903 / 57.9994
2026-03-04 16:28:40.787 [DEBUG] [SystemMonitor] (sysinfo) totalBytes: 1.67493e+10 freeBytes: 5.88327e+09 memoryUsage(MB): 10362.7 / 15973.4
2026-03-04 16:28:40.794 [DEBUG] [SystemMonitor] cpuUsage: 19.7468 cpuTemp: 61.15 memUsed(MB): 10362.7 / 15973.4 diskUsed(GB): 45.2903 / 57.9994
2026-03-04 16:28:41.787 [DEBUG] [SystemMonitor] (sysinfo) totalBytes: 1.67493e+10 freeBytes: 5.88331e+09 memoryUsage(MB): 10362.6 / 15973.4
2026-03-04 16:28:41.792 [DEBUG] [SystemMonitor] cpuUsage: 24.2347 cpuTemp: 61.7 memUsed(MB): 10362.6 / 15973.4 diskUsed(GB): 45.2903 / 57.9994
2026-03-04 16:28:42.787 [DEBUG] [SystemMonitor] (sysinfo) totalBytes: 1.67493e+10 freeBytes: 5.88125e+09 memoryUsage(MB): 10364.6 / 15973.4
2026-03-04 16:28:42.792 [DEBUG] [SystemMonitor] cpuUsage: 7.53769 cpuTemp: 59.5 memUsed(MB): 10364.6 / 15973.4 diskUsed(GB): 45.2903 / 57.9994
2026-03-04 16:28:43.787 [DEBUG] [SystemMonitor] (sysinfo) totalBytes: 1.67493e+10 freeBytes: 5.88137e+09 memoryUsage(MB): 10364.5 / 15973.4
2026-03-04 16:28:43.791 [DEBUG] [SystemMonitor] cpuUsage: 7.80856 cpuTemp: 61.15 memUsed(MB): 10364.5 / 15973.4 diskUsed(GB): 45.2903 / 57.9994
2026-03-04 16:28:44.787 [DEBUG] [SystemMonitor] (sysinfo) totalBytes: 1.67493e+10 freeBytes: 5.8849e+09 memoryUsage(MB): 10361.1 / 15973.4
2026-03-04 16:28:44.792 [DEBUG] [SystemMonitor] cpuUsage: 9.34343 cpuTemp: 60.6 memUsed(MB): 10361.1 / 15973.4 diskUsed(GB): 45.2903 / 57.9994
2026-03-04 16:28:45.787 [DEBUG] [SystemMonitor] (sysinfo) totalBytes: 1.67493e+10 freeBytes: 5.89097e+09 memoryUsage(MB): 10355.3 / 15973.4
2026-03-04 16:28:45.792 [DEBUG] [SystemMonitor] cpuUsage: 10.8312 cpuTemp: 59.5 memUsed(MB): 10355.3 / 15973.4 diskUsed(GB): 45.2903 / 57.9994
2026-03-04 16:28:46.787 [DEBUG] [SystemMonitor] (sysinfo) totalBytes: 1.67493e+10 freeBytes: 5.89177e+09 memoryUsage(MB): 10354.6 / 15973.4
2026-03-04 16:28:46.791 [DEBUG] [SystemMonitor] cpuUsage: 8.08081 cpuTemp: 60.6 memUsed(MB): 10354.6 / 15973.4 diskUsed(GB): 45.2903 / 57.9994
2026-03-04 16:28:47.787 [DEBUG] [SystemMonitor] (sysinfo) totalBytes: 1.67493e+10 freeBytes: 5.88367e+09 memoryUsage(MB): 10362.3 / 15973.4
2026-03-04 16:28:47.791 [DEBUG] [SystemMonitor] cpuUsage: 6.76692 cpuTemp: 58.95 memUsed(MB): 10362.3 / 15973.4 diskUsed(GB): 45.2903 / 57.9994
2026-03-04 16:28:48.787 [DEBUG] [SystemMonitor] (sysinfo) totalBytes: 1.67493e+10 freeBytes: 5.89151e+09 memoryUsage(MB): 10354.8 / 15973.4
2026-03-04 16:28:48.792 [DEBUG] [SystemMonitor] cpuUsage: 9.02256 cpuTemp: 61.7 memUsed(MB): 10354.8 / 15973.4 diskUsed(GB): 45.2903 / 57.9994
2026-03-04 16:28:49.787 [DEBUG] [SystemMonitor] (sysinfo) totalBytes: 1.67493e+10 freeBytes: 5.88841e+09 memoryUsage(MB): 10357.8 / 15973.4
2026-03-04 16:28:49.792 [DEBUG] [SystemMonitor] cpuUsage: 11.0831 cpuTemp: 61.15 memUsed(MB): 10357.8 / 15973.4 diskUsed(GB): 45.2903 / 57.9994
2026-03-04 16:28:50.789 [DEBUG] [SystemMonitor] (sysinfo) totalBytes: 1.67493e+10 freeBytes: 5.89031e+09 memoryUsage(MB): 10356 / 15973.4
2026-03-04 16:28:50.795 [DEBUG] [SystemMonitor] cpuUsage: 8.08081 cpuTemp: 61.15 memUsed(MB): 10356 / 15973.4 diskUsed(GB): 45.2903 / 57.9994
2026-03-04 16:29:05.077 [WARN] qrc:/Main.qml:3163:13: QML Dialog: Binding loop detected for property "implicitWidth":
qrc:/qt-project.org/imports/QtQuick/Controls/Fusion/Dialog.qml:14:5
2026-03-04 16:29:05.078 [WARN] qrc:/Main.qml:3163:13: QML Dialog: Binding loop detected for property "implicitWidth":
qrc:/qt-project.org/imports/QtQuick/Controls/Fusion/Dialog.qml:14:5
2026-03-04 16:29:05.097 [DEBUG] 找到模型文件: "/media/linxi-ice-2/CCCOMA_X64FRE_ZH-CN_DV9/test1/c_system_formal/NIR_system_formal/host_computer/predictor_train/pytorch_predictor/spectrum_model.jit"
2026-03-04 16:29:05.288 [DEBUG] 找到模型文件: "/media/linxi-ice-2/CCCOMA_X64FRE_ZH-CN_DV9/test1/c_system_formal/NIR_system_formal/host_computer/predictor_train/pytorch_predictor/spectrum_model.jit"
2026-03-04 16:29:05.340 [DEBUG] PyTorch 模型加载成功: /media/linxi-ice-2/CCCOMA_X64FRE_ZH-CN_DV9/test1/c_system_formal/NIR_system_formal/host_computer/predictor_train/pytorch_predictor/spectrum_model.jit
2026-03-04 16:29:05.350 [DEBUG] 模型加载成功: "/media/linxi-ice-2/CCCOMA_X64FRE_ZH-CN_DV9/test1/c_system_formal/NIR_system_formal/host_computer/predictor_train/pytorch_predictor/spectrum_model.jit" 预测器: "PyTorch 神经网络预测器"
2026-03-04 16:29:05.653 [DEBUG] [SystemMonitor] (sysinfo) totalBytes: 1.67493e+10 freeBytes: 5.83418e+09 memoryUsage(MB): 10409.5 / 15973.4
2026-03-04 16:29:05.661 [DEBUG] [SystemMonitor] cpuUsage: 0 cpuTemp: 63.9 memUsed(MB): 10409.5 / 15973.4 diskUsed(GB): 45.2907 / 57.9994
2026-03-04 16:29:06.702 [DEBUG] [SystemMonitor] (sysinfo) totalBytes: 1.67493e+10 freeBytes: 5.84889e+09 memoryUsage(MB): 10395.5 / 15973.4
2026-03-04 16:29:06.712 [DEBUG] [SystemMonitor] cpuUsage: 13.9423 cpuTemp: 62.25 memUsed(MB): 10395.5 / 15973.4 diskUsed(GB): 45.2907 / 57.9994
2026-03-04 16:29:07.753 [DEBUG] [SystemMonitor] (sysinfo) totalBytes: 1.67493e+10 freeBytes: 5.85363e+09 memoryUsage(MB): 10390.9 / 15973.4
2026-03-04 16:29:07.766 [DEBUG] [SystemMonitor] cpuUsage: 8.61244 cpuTemp: 61.15 memUsed(MB): 10390.9 / 15973.4 diskUsed(GB): 45.2907 / 57.9994
2026-03-04 16:29:08.787 [DEBUG] [SystemMonitor] (sysinfo) totalBytes: 1.67493e+10 freeBytes: 5.86417e+09 memoryUsage(MB): 10380.9 / 15973.4
2026-03-04 16:29:08.802 [DEBUG] [SystemMonitor] cpuUsage: 19.7561 cpuTemp: 60.6 memUsed(MB): 10380.9 / 15973.4 diskUsed(GB): 45.2907 / 57.9994
2026-03-04 16:29:09.787 [DEBUG] [SystemMonitor] (sysinfo) totalBytes: 1.67493e+10 freeBytes: 5.85399e+09 memoryUsage(MB): 10390.6 / 15973.4
2026-03-04 16:29:09.802 [DEBUG] [SystemMonitor] cpuUsage: 12.3426 cpuTemp: 60.05 memUsed(MB): 10390.6 / 15973.4 diskUsed(GB): 45.2907 / 57.9994
2026-03-04 16:29:10.787 [DEBUG] [SystemMonitor] (sysinfo) totalBytes: 1.67493e+10 freeBytes: 5.84557e+09 memoryUsage(MB): 10398.6 / 15973.4
2026-03-04 16:29:10.806 [DEBUG] [SystemMonitor] cpuUsage: 9.13706 cpuTemp: 62.8 memUsed(MB): 10398.6 / 15973.4 diskUsed(GB): 45.2907 / 57.9994
2026-03-04 16:29:11.786 [DEBUG] [SystemMonitor] (sysinfo) totalBytes: 1.67493e+10 freeBytes: 5.84463e+09 memoryUsage(MB): 10399.5 / 15973.4
2026-03-04 16:29:11.791 [DEBUG] [SystemMonitor] cpuUsage: 8.29146 cpuTemp: 60.05 memUsed(MB): 10399.5 / 15973.4 diskUsed(GB): 45.2907 / 57.9994
2026-03-04 16:29:12.787 [DEBUG] [SystemMonitor] (sysinfo) totalBytes: 1.67493e+10 freeBytes: 5.84983e+09 memoryUsage(MB): 10394.6 / 15973.4
2026-03-04 16:29:12.792 [DEBUG] [SystemMonitor] cpuUsage: 6.01504 cpuTemp: 60.05 memUsed(MB): 10394.6 / 15973.4 diskUsed(GB): 45.2907 / 57.9994
2026-03-04 16:29:13.787 [DEBUG] [SystemMonitor] (sysinfo) totalBytes: 1.67493e+10 freeBytes: 5.84573e+09 memoryUsage(MB): 10398.5 / 15973.4
2026-03-04 16:29:13.793 [DEBUG] [SystemMonitor] cpuUsage: 6.03015 cpuTemp: 60.05 memUsed(MB): 10398.5 / 15973.4 diskUsed(GB): 45.2907 / 57.9994
2026-03-04 16:29:14.787 [DEBUG] [SystemMonitor] (sysinfo) totalBytes: 1.67493e+10 freeBytes: 5.84573e+09 memoryUsage(MB): 10398.5 / 15973.4
2026-03-04 16:29:14.791 [DEBUG] [SystemMonitor] cpuUsage: 4.79798 cpuTemp: 60.05 memUsed(MB): 10398.5 / 15973.4 diskUsed(GB): 45.2907 / 57.9994
2026-03-04 16:29:15.280 [INFO] [串口] ✓ 设置曝光时间(约 20000.00 µs)命令已发送到 /dev/ttyUSB0: 08 A4 01 A4 07 3E 09 D7
2026-03-04 16:29:15.787 [DEBUG] [SystemMonitor] (sysinfo) totalBytes: 1.67493e+10 freeBytes: 5.84401e+09 memoryUsage(MB): 10400.1 / 15973.4
2026-03-04 16:29:15.791 [DEBUG] [SystemMonitor] cpuUsage: 8.79397 cpuTemp: 60.05 memUsed(MB): 10400.1 / 15973.4 diskUsed(GB): 45.2907 / 57.9994
2026-03-04 16:29:16.787 [DEBUG] [SystemMonitor] (sysinfo) totalBytes: 1.67493e+10 freeBytes: 5.84401e+09 memoryUsage(MB): 10400.1 / 15973.4
2026-03-04 16:29:16.792 [DEBUG] [SystemMonitor] cpuUsage: 6.29723 cpuTemp: 60.05 memUsed(MB): 10400.1 / 15973.4 diskUsed(GB): 45.2907 / 57.9994
2026-03-04 16:29:17.433 [INFO] [串口] ✓ 设置读出时间(约 21700.00 µs)命令已发送到 /dev/ttyUSB0: 08 A5 00 38 F7 3E 09 D7
2026-03-04 16:29:17.787 [DEBUG] [SystemMonitor] (sysinfo) totalBytes: 1.67493e+10 freeBytes: 5.84401e+09 memoryUsage(MB): 10400.1 / 15973.4
2026-03-04 16:29:17.792 [DEBUG] [SystemMonitor] cpuUsage: 9.59596 cpuTemp: 60.05 memUsed(MB): 10400.1 / 15973.4 diskUsed(GB): 45.2907 / 57.9994
2026-03-04 16:29:18.788 [DEBUG] [SystemMonitor] (sysinfo) totalBytes: 1.67493e+10 freeBytes: 5.85217e+09 memoryUsage(MB): 10392.3 / 15973.4
2026-03-04 16:29:18.792 [DEBUG] [SystemMonitor] cpuUsage: 6.28141 cpuTemp: 60.05 memUsed(MB): 10392.3 / 15973.4 diskUsed(GB): 45.2907 / 57.9994
2026-03-04 16:29:19.787 [DEBUG] [SystemMonitor] (sysinfo) totalBytes: 1.67493e+10 freeBytes: 5.85144e+09 memoryUsage(MB): 10393 / 15973.4
2026-03-04 16:29:19.790 [DEBUG] [SystemMonitor] cpuUsage: 11.3065 cpuTemp: 60.05 memUsed(MB): 10393 / 15973.4 diskUsed(GB): 45.2907 / 57.9994
2026-03-04 16:29:20.713 [INFO] [主界面] 点击 开始获取光谱 按钮
2026-03-04 16:29:20.731 [INFO] [串口] ✓ 启动命令已发送到 /dev/ttyUSB0: 08 6B 00 00 00 3E 09 D7
2026-03-04 16:29:20.737 [INFO] [UDP] UDP接收已在运行
2026-03-04 16:29:20.743 [INFO] [UDP] ✓ UDP接收已启动，端口: 1234
2026-03-04 16:29:20.787 [DEBUG] [SystemMonitor] (sysinfo) totalBytes: 1.67493e+10 freeBytes: 5.85301e+09 memoryUsage(MB): 10391.5 / 15973.4
2026-03-04 16:29:20.793 [DEBUG] [SystemMonitor] cpuUsage: 15.869 cpuTemp: 60.6 memUsed(MB): 10391.5 / 15973.4 diskUsed(GB): 45.2907 / 57.9994
2026-03-04 16:29:21.789 [DEBUG] [SystemMonitor] (sysinfo) totalBytes: 1.67493e+10 freeBytes: 5.85103e+09 memoryUsage(MB): 10393.4 / 15973.4
2026-03-04 16:29:21.794 [DEBUG] [SystemMonitor] cpuUsage: 23.038 cpuTemp: 60.6 memUsed(MB): 10393.4 / 15973.4 diskUsed(GB): 45.2907 / 57.9994
2026-03-04 16:29:21.812 [DEBUG] [UdpCommunicator] Single spectrum length: 1024 , min: 637.269 , max: 65535 , packetCount: 26
2026-03-04 16:29:21.818 [DEBUG] onSpectrumReady - 数据大小: 1024 minVal: 637.2692307692307 maxVal: 65535
2026-03-04 16:29:22.789 [DEBUG] [SystemMonitor] (sysinfo) totalBytes: 1.67493e+10 freeBytes: 5.85147e+09 memoryUsage(MB): 10393 / 15973.4
2026-03-04 16:29:22.793 [DEBUG] [SystemMonitor] cpuUsage: 24.1117 cpuTemp: 61.15 memUsed(MB): 10393 / 15973.4 diskUsed(GB): 45.2907 / 57.9994
2026-03-04 16:29:22.806 [DEBUG] [UdpCommunicator] Single spectrum length: 1024 , min: 626.875 , max: 65535 , packetCount: 24
2026-03-04 16:29:22.813 [DEBUG] onSpectrumReady - 数据大小: 1024 minVal: 626.875 maxVal: 65535
2026-03-04 16:29:23.787 [DEBUG] [SystemMonitor] (sysinfo) totalBytes: 1.67493e+10 freeBytes: 5.85446e+09 memoryUsage(MB): 10390.2 / 15973.4
2026-03-04 16:29:23.791 [DEBUG] [SystemMonitor] cpuUsage: 22.4181 cpuTemp: 59.5 memUsed(MB): 10390.2 / 15973.4 diskUsed(GB): 45.2907 / 57.9994
2026-03-04 16:29:23.802 [DEBUG] [UdpCommunicator] Single spectrum length: 1024 , min: 634.125 , max: 65535 , packetCount: 24
2026-03-04 16:29:23.811 [DEBUG] onSpectrumReady - 数据大小: 1024 minVal: 634.125 maxVal: 65535
2026-03-04 16:29:24.787 [DEBUG] [SystemMonitor] (sysinfo) totalBytes: 1.67493e+10 freeBytes: 5.8542e+09 memoryUsage(MB): 10390.4 / 15973.4
2026-03-04 16:29:24.790 [DEBUG] [SystemMonitor] cpuUsage: 22.335 cpuTemp: 59.5 memUsed(MB): 10390.4 / 15973.4 diskUsed(GB): 45.2907 / 57.9994
2026-03-04 16:29:24.800 [DEBUG] [UdpCommunicator] Single spectrum length: 1024 , min: 671.583 , max: 65535 , packetCount: 24
2026-03-04 16:29:24.805 [DEBUG] onSpectrumReady - 数据大小: 1024 minVal: 671.5833333333334 maxVal: 65535
2026-03-04 16:29:25.787 [DEBUG] [SystemMonitor] (sysinfo) totalBytes: 1.67493e+10 freeBytes: 5.84933e+09 memoryUsage(MB): 10395.1 / 15973.4
2026-03-04 16:29:25.796 [DEBUG] [SystemMonitor] cpuUsage: 32.8283 cpuTemp: 61.15 memUsed(MB): 10395.1 / 15973.4 diskUsed(GB): 45.2907 / 57.9994
2026-03-04 16:29:25.806 [DEBUG] [UdpCommunicator] Single spectrum length: 1024 , min: 633.25 , max: 65535 , packetCount: 24
2026-03-04 16:29:25.809 [DEBUG] onSpectrumReady - 数据大小: 1024 minVal: 633.25 maxVal: 65535
2026-03-04 16:29:26.788 [DEBUG] [SystemMonitor] (sysinfo) totalBytes: 1.67493e+10 freeBytes: 5.83239e+09 memoryUsage(MB): 10411.2 / 15973.4
2026-03-04 16:29:26.793 [DEBUG] [SystemMonitor] cpuUsage: 23.9295 cpuTemp: 60.6 memUsed(MB): 10411.2 / 15973.4 diskUsed(GB): 45.2907 / 57.9994
2026-03-04 16:29:26.806 [DEBUG] [UdpCommunicator] Single spectrum length: 1024 , min: 645.042 , max: 65535 , packetCount: 24
2026-03-04 16:29:26.814 [DEBUG] onSpectrumReady - 数据大小: 1024 minVal: 645.0416666666666 maxVal: 65535
2026-03-04 16:29:27.788 [DEBUG] [SystemMonitor] (sysinfo) totalBytes: 1.67493e+10 freeBytes: 5.83311e+09 memoryUsage(MB): 10410.5 / 15973.4
2026-03-04 16:29:27.793 [DEBUG] [SystemMonitor] cpuUsage: 24.8101 cpuTemp: 60.05 memUsed(MB): 10410.5 / 15973.4 diskUsed(GB): 45.2907 / 57.9994
2026-03-04 16:29:27.901 [DEBUG] 预测结果 [预测器 0 ]: 115841.46875
2026-03-04 16:29:27.907 [INFO] [预测结果] 预测值=115841.4688，状态=未启用异常监控
2026-03-04 16:29:27.920 [DEBUG] onPredictionReady - predictionHistory 大小: 1 最新值: 115841.46875
2026-03-04 16:29:27.924 [DEBUG] [UdpCommunicator] Single spectrum length: 1024 , min: 650.417 , max: 65535 , packetCount: 24
2026-03-04 16:29:27.928 [DEBUG] onSpectrumReady - 数据大小: 1024 minVal: 650.4166666666666 maxVal: 65535
2026-03-04 16:29:28.789 [DEBUG] [SystemMonitor] (sysinfo) totalBytes: 1.67493e+10 freeBytes: 5.82619e+09 memoryUsage(MB): 10417.1 / 15973.4
2026-03-04 16:29:28.794 [DEBUG] [SystemMonitor] cpuUsage: 30.8081 cpuTemp: 60.05 memUsed(MB): 10417.1 / 15973.4 diskUsed(GB): 45.2907 / 57.9994
2026-03-04 16:29:28.803 [DEBUG] 预测结果 [预测器 0 ]: 115841.3203125
2026-03-04 16:29:28.807 [INFO] [预测结果] 预测值=115841.3203，状态=未启用异常监控
2026-03-04 16:29:28.816 [DEBUG] onPredictionReady - predictionHistory 大小: 2 最新值: 115841.3203125
2026-03-04 16:29:28.821 [DEBUG] [UdpCommunicator] Single spectrum length: 1024 , min: 664.042 , max: 65535 , packetCount: 24
2026-03-04 16:29:28.825 [DEBUG] onSpectrumReady - 数据大小: 1024 minVal: 664.0416666666666 maxVal: 65535
2026-03-04 16:29:29.788 [DEBUG] [SystemMonitor] (sysinfo) totalBytes: 1.67493e+10 freeBytes: 5.83162e+09 memoryUsage(MB): 10411.9 / 15973.4
2026-03-04 16:29:29.793 [DEBUG] [SystemMonitor] cpuUsage: 27.1574 cpuTemp: 61.7 memUsed(MB): 10411.9 / 15973.4 diskUsed(GB): 45.2907 / 57.9994
2026-03-04 16:29:29.843 [DEBUG] 预测结果 [预测器 0 ]: 115841.28125
2026-03-04 16:29:29.859 [INFO] [预测结果] 预测值=115841.2813，状态=未启用异常监控
2026-03-04 16:29:29.896 [DEBUG] onPredictionReady - predictionHistory 大小: 3 最新值: 115841.28125
2026-03-04 16:29:29.911 [DEBUG] [UdpCommunicator] Single spectrum length: 1024 , min: 667.76 , max: 65535 , packetCount: 25
2026-03-04 16:29:29.918 [DEBUG] onSpectrumReady - 数据大小: 1024 minVal: 667.76 maxVal: 65535
2026-03-04 16:29:30.787 [DEBUG] [SystemMonitor] (sysinfo) totalBytes: 1.67493e+10 freeBytes: 5.82993e+09 memoryUsage(MB): 10413.6 / 15973.4
2026-03-04 16:29:30.796 [DEBUG] [SystemMonitor] cpuUsage: 28.4264 cpuTemp: 60.6 memUsed(MB): 10413.6 / 15973.4 diskUsed(GB): 45.2907 / 57.9994
2026-03-04 16:29:30.841 [DEBUG] 预测结果 [预测器 0 ]: 115841.71875
2026-03-04 16:29:30.861 [INFO] [预测结果] 预测值=115841.7188，状态=未启用异常监控
2026-03-04 16:29:30.901 [DEBUG] onPredictionReady - predictionHistory 大小: 4 最新值: 115841.71875
2026-03-04 16:29:30.904 [DEBUG] [UdpCommunicator] Single spectrum length: 1024 , min: 633.125 , max: 65535 , packetCount: 24
2026-03-04 16:29:30.907 [DEBUG] onSpectrumReady - 数据大小: 1024 minVal: 633.125 maxVal: 65535
2026-03-04 16:29:31.787 [DEBUG] [SystemMonitor] (sysinfo) totalBytes: 1.67493e+10 freeBytes: 5.83825e+09 memoryUsage(MB): 10405.6 / 15973.4
2026-03-04 16:29:31.792 [DEBUG] [SystemMonitor] cpuUsage: 28.0303 cpuTemp: 61.7 memUsed(MB): 10405.6 / 15973.4 diskUsed(GB): 45.2907 / 57.9994
2026-03-04 16:29:31.839 [DEBUG] 预测结果 [预测器 0 ]: 115842.15625
2026-03-04 16:29:31.851 [INFO] [预测结果] 预测值=115842.1563，状态=未启用异常监控
2026-03-04 16:29:31.901 [DEBUG] onPredictionReady - predictionHistory 大小: 5 最新值: 115842.15625
2026-03-04 16:29:31.905 [DEBUG] [UdpCommunicator] Single spectrum length: 1024 , min: 599.917 , max: 65535 , packetCount: 24
2026-03-04 16:29:31.908 [DEBUG] onSpectrumReady - 数据大小: 1024 minVal: 599.9166666666666 maxVal: 65535
2026-03-04 16:29:32.787 [DEBUG] [SystemMonitor] (sysinfo) totalBytes: 1.67493e+10 freeBytes: 5.83465e+09 memoryUsage(MB): 10409.1 / 15973.4
2026-03-04 16:29:32.792 [DEBUG] [SystemMonitor] cpuUsage: 27.5949 cpuTemp: 60.6 memUsed(MB): 10409.1 / 15973.4 diskUsed(GB): 45.2907 / 57.9994
2026-03-04 16:29:32.834 [DEBUG] 预测结果 [预测器 0 ]: 115841.8359375
2026-03-04 16:29:32.838 [INFO] [预测结果] 预测值=115841.8359，状态=未启用异常监控
2026-03-04 16:29:32.853 [DEBUG] onPredictionReady - predictionHistory 大小: 6 最新值: 115841.8359375
2026-03-04 16:29:32.859 [DEBUG] [UdpCommunicator] Single spectrum length: 1024 , min: 624.542 , max: 65535 , packetCount: 24
2026-03-04 16:29:32.862 [DEBUG] onSpectrumReady - 数据大小: 1024 minVal: 624.5416666666666 maxVal: 65535
2026-03-04 16:29:33.787 [DEBUG] [SystemMonitor] (sysinfo) totalBytes: 1.67493e+10 freeBytes: 5.83098e+09 memoryUsage(MB): 10412.6 / 15973.4
2026-03-04 16:29:33.793 [DEBUG] [SystemMonitor] cpuUsage: 26.6497 cpuTemp: 61.7 memUsed(MB): 10412.6 / 15973.4 diskUsed(GB): 45.2907 / 57.9994
2026-03-04 16:29:33.832 [DEBUG] 预测结果 [预测器 0 ]: 96843.0078125
2026-03-04 16:29:33.851 [INFO] [预测结果] 预测值=96843.0078，状态=未启用异常监控
2026-03-04 16:29:33.875 [DEBUG] onPredictionReady - predictionHistory 大小: 7 最新值: 96843.0078125
2026-03-04 16:29:33.880 [DEBUG] [UdpCommunicator] Single spectrum length: 1024 , min: 187.333 , max: 60577.3 , packetCount: 24
2026-03-04 16:29:33.884 [DEBUG] onSpectrumReady - 数据大小: 1024 minVal: 187.33333333333334 maxVal: 60577.291666666664
2026-03-04 16:29:34.789 [DEBUG] [SystemMonitor] (sysinfo) totalBytes: 1.67493e+10 freeBytes: 5.83047e+09 memoryUsage(MB): 10413 / 15973.4
2026-03-04 16:29:34.794 [DEBUG] [SystemMonitor] cpuUsage: 30.402 cpuTemp: 61.15 memUsed(MB): 10413 / 15973.4 diskUsed(GB): 45.2907 / 57.9994
2026-03-04 16:29:34.837 [DEBUG] 预测结果 [预测器 0 ]: 54250.53125
2026-03-04 16:29:34.842 [INFO] [预测结果] 预测值=54250.5313，状态=未启用异常监控
2026-03-04 16:29:34.865 [DEBUG] onPredictionReady - predictionHistory 大小: 8 最新值: 54250.53125
2026-03-04 16:29:34.873 [DEBUG] [UdpCommunicator] Single spectrum length: 1024 , min: 0 , max: 37403.4 , packetCount: 24
2026-03-04 16:29:34.879 [DEBUG] onSpectrumReady - 数据大小: 1024 minVal: 0 maxVal: 37403.416666666664
2026-03-04 16:29:35.789 [DEBUG] [SystemMonitor] (sysinfo) totalBytes: 1.67493e+10 freeBytes: 5.83742e+09 memoryUsage(MB): 10406.4 / 15973.4
2026-03-04 16:29:35.794 [DEBUG] [SystemMonitor] cpuUsage: 29.6954 cpuTemp: 61.7 memUsed(MB): 10406.4 / 15973.4 diskUsed(GB): 45.2907 / 57.9994
2026-03-04 16:29:35.836 [DEBUG] 预测结果 [预测器 0 ]: 55745.4296875
2026-03-04 16:29:35.845 [INFO] [预测结果] 预测值=55745.4297，状态=未启用异常监控
2026-03-04 16:29:35.886 [DEBUG] onPredictionReady - predictionHistory 大小: 9 最新值: 55745.4296875
2026-03-04 16:29:35.891 [DEBUG] [UdpCommunicator] Single spectrum length: 1024 , min: 0 , max: 38517.2 , packetCount: 24
2026-03-04 16:29:35.897 [DEBUG] onSpectrumReady - 数据大小: 1024 minVal: 0 maxVal: 38517.166666666664
2026-03-04 16:29:36.787 [DEBUG] [SystemMonitor] (sysinfo) totalBytes: 1.67493e+10 freeBytes: 5.83888e+09 memoryUsage(MB): 10405 / 15973.4
2026-03-04 16:29:36.791 [DEBUG] [SystemMonitor] cpuUsage: 29.0404 cpuTemp: 61.7 memUsed(MB): 10405 / 15973.4 diskUsed(GB): 45.2907 / 57.9994
2026-03-04 16:29:36.833 [DEBUG] 预测结果 [预测器 0 ]: 60245.0234375
2026-03-04 16:29:36.840 [INFO] [预测结果] 预测值=60245.0234，状态=未启用异常监控
2026-03-04 16:29:36.864 [DEBUG] onPredictionReady - predictionHistory 大小: 10 最新值: 60245.0234375
2026-03-04 16:29:36.891 [DEBUG] [UdpCommunicator] Single spectrum length: 1024 , min: 0 , max: 41711.1 , packetCount: 24
2026-03-04 16:29:36.909 [DEBUG] onSpectrumReady - 数据大小: 1024 minVal: 0 maxVal: 41711.083333333336
2026-03-04 16:29:37.787 [DEBUG] [SystemMonitor] (sysinfo) totalBytes: 1.67493e+10 freeBytes: 5.84704e+09 memoryUsage(MB): 10397.2 / 15973.4
2026-03-04 16:29:37.790 [DEBUG] [SystemMonitor] cpuUsage: 27.7778 cpuTemp: 61.15 memUsed(MB): 10397.2 / 15973.4 diskUsed(GB): 45.2907 / 57.9994
2026-03-04 16:29:37.827 [DEBUG] 预测结果 [预测器 0 ]: 60222.2890625
2026-03-04 16:29:37.833 [INFO] [预测结果] 预测值=60222.2891，状态=未启用异常监控
2026-03-04 16:29:37.862 [DEBUG] onPredictionReady - predictionHistory 大小: 10 最新值: 60222.2890625
2026-03-04 16:29:37.868 [DEBUG] [UdpCommunicator] Single spectrum length: 1024 , min: 0 , max: 41738.5 , packetCount: 24
2026-03-04 16:29:37.876 [DEBUG] onSpectrumReady - 数据大小: 1024 minVal: 0 maxVal: 41738.458333333336
2026-03-04 16:29:38.787 [DEBUG] [SystemMonitor] (sysinfo) totalBytes: 1.67493e+10 freeBytes: 5.84576e+09 memoryUsage(MB): 10398.5 / 15973.4
2026-03-04 16:29:38.791 [DEBUG] [SystemMonitor] cpuUsage: 28.5354 cpuTemp: 61.15 memUsed(MB): 10398.5 / 15973.4 diskUsed(GB): 45.2907 / 57.9994
2026-03-04 16:29:38.824 [DEBUG] 预测结果 [预测器 0 ]: 60213.5390625
2026-03-04 16:29:38.829 [INFO] [预测结果] 预测值=60213.5391，状态=未启用异常监控
2026-03-04 16:29:38.857 [DEBUG] onPredictionReady - predictionHistory 大小: 10 最新值: 60213.5390625
2026-03-04 16:29:38.864 [DEBUG] [UdpCommunicator] Single spectrum length: 1024 , min: 0 , max: 41732.2 , packetCount: 24
2026-03-04 16:29:38.868 [DEBUG] onSpectrumReady - 数据大小: 1024 minVal: 0 maxVal: 41732.166666666664
2026-03-04 16:29:39.787 [DEBUG] [SystemMonitor] (sysinfo) totalBytes: 1.67493e+10 freeBytes: 5.84383e+09 memoryUsage(MB): 10400.3 / 15973.4
2026-03-04 16:29:39.791 [DEBUG] [SystemMonitor] cpuUsage: 29.798 cpuTemp: 60.6 memUsed(MB): 10400.3 / 15973.4 diskUsed(GB): 45.2907 / 57.9994
2026-03-04 16:29:39.826 [DEBUG] 预测结果 [预测器 0 ]: 60219.32421875
2026-03-04 16:29:39.836 [INFO] [预测结果] 预测值=60219.3242，状态=未启用异常监控
2026-03-04 16:29:39.869 [DEBUG] onPredictionReady - predictionHistory 大小: 10 最新值: 60219.32421875
2026-03-04 16:29:39.873 [DEBUG] [UdpCommunicator] Single spectrum length: 1024 , min: 0 , max: 41779 , packetCount: 24
2026-03-04 16:29:39.882 [DEBUG] onSpectrumReady - 数据大小: 1024 minVal: 0 maxVal: 41779.041666666664
2026-03-04 16:29:40.789 [DEBUG] [SystemMonitor] (sysinfo) totalBytes: 1.67493e+10 freeBytes: 5.84713e+09 memoryUsage(MB): 10397.1 / 15973.4
2026-03-04 16:29:40.795 [DEBUG] [SystemMonitor] cpuUsage: 28.0303 cpuTemp: 60.6 memUsed(MB): 10397.1 / 15973.4 diskUsed(GB): 45.2907 / 57.9994
2026-03-04 16:29:40.825 [DEBUG] 预测结果 [预测器 0 ]: 59756.734375
2026-03-04 16:29:40.835 [INFO] [预测结果] 预测值=59756.7344，状态=未启用异常监控
2026-03-04 16:29:40.888 [DEBUG] onPredictionReady - predictionHistory 大小: 10 最新值: 59756.734375
2026-03-04 16:29:40.895 [DEBUG] [UdpCommunicator] Single spectrum length: 1024 , min: 0 , max: 41481.5 , packetCount: 24
2026-03-04 16:29:40.900 [DEBUG] onSpectrumReady - 数据大小: 1024 minVal: 0 maxVal: 41481.458333333336
2026-03-04 16:29:41.788 [DEBUG] [SystemMonitor] (sysinfo) totalBytes: 1.67493e+10 freeBytes: 5.84103e+09 memoryUsage(MB): 10403 / 15973.4
2026-03-04 16:29:41.792 [DEBUG] [SystemMonitor] cpuUsage: 29.6954 cpuTemp: 60.05 memUsed(MB): 10403 / 15973.4 diskUsed(GB): 45.2907 / 57.9994
2026-03-04 16:29:41.827 [DEBUG] 预测结果 [预测器 0 ]: 61488.875
2026-03-04 16:29:41.838 [INFO] [预测结果] 预测值=61488.8750，状态=未启用异常监控
2026-03-04 16:29:41.884 [DEBUG] onPredictionReady - predictionHistory 大小: 10 最新值: 61488.875
2026-03-04 16:29:41.889 [DEBUG] [UdpCommunicator] Single spectrum length: 1024 , min: 0 , max: 42581.1 , packetCount: 24
2026-03-04 16:29:41.894 [DEBUG] onSpectrumReady - 数据大小: 1024 minVal: 0 maxVal: 42581.125
2026-03-04 16:29:42.788 [DEBUG] [SystemMonitor] (sysinfo) totalBytes: 1.67493e+10 freeBytes: 5.83928e+09 memoryUsage(MB): 10404.6 / 15973.4
2026-03-04 16:29:42.793 [DEBUG] [SystemMonitor] cpuUsage: 29.471 cpuTemp: 60.6 memUsed(MB): 10404.6 / 15973.4 diskUsed(GB): 45.2907 / 57.9994
2026-03-04 16:29:42.820 [DEBUG] 预测结果 [预测器 0 ]: 68141.7734375
2026-03-04 16:29:42.839 [INFO] [预测结果] 预测值=68141.7734，状态=未启用异常监控
2026-03-04 16:29:42.873 [DEBUG] onPredictionReady - predictionHistory 大小: 10 最新值: 68141.7734375
2026-03-04 16:29:42.892 [DEBUG] [UdpCommunicator] Single spectrum length: 1024 , min: 0 , max: 47367.1 , packetCount: 24
2026-03-04 16:29:42.905 [DEBUG] onSpectrumReady - 数据大小: 1024 minVal: 0 maxVal: 47367.125
2026-03-04 16:29:43.791 [DEBUG] [SystemMonitor] (sysinfo) totalBytes: 1.67493e+10 freeBytes: 5.84584e+09 memoryUsage(MB): 10398.4 / 15973.4
2026-03-04 16:29:43.797 [DEBUG] [SystemMonitor] cpuUsage: 26.7677 cpuTemp: 61.15 memUsed(MB): 10398.4 / 15973.4 diskUsed(GB): 45.2907 / 57.9994
2026-03-04 16:29:43.818 [DEBUG] 预测结果 [预测器 0 ]: 65448.6953125
2026-03-04 16:29:43.841 [INFO] [预测结果] 预测值=65448.6953，状态=未启用异常监控
2026-03-04 16:29:43.876 [DEBUG] onPredictionReady - predictionHistory 大小: 10 最新值: 65448.6953125
2026-03-04 16:29:43.901 [DEBUG] [UdpCommunicator] Single spectrum length: 1024 , min: 0 , max: 45445.8 , packetCount: 24
2026-03-04 16:29:43.906 [DEBUG] onSpectrumReady - 数据大小: 1024 minVal: 0 maxVal: 45445.75
2026-03-04 16:29:44.788 [DEBUG] [SystemMonitor] (sysinfo) totalBytes: 1.67493e+10 freeBytes: 5.84257e+09 memoryUsage(MB): 10401.5 / 15973.4
2026-03-04 16:29:44.791 [DEBUG] [SystemMonitor] cpuUsage: 30.3571 cpuTemp: 61.7 memUsed(MB): 10401.5 / 15973.4 diskUsed(GB): 45.2907 / 57.9994
2026-03-04 16:29:44.825 [DEBUG] 预测结果 [预测器 0 ]: 65328.3046875
2026-03-04 16:29:44.838 [INFO] [预测结果] 预测值=65328.3047，状态=未启用异常监控
2026-03-04 16:29:44.864 [DEBUG] onPredictionReady - predictionHistory 大小: 10 最新值: 65328.3046875
2026-03-04 16:29:44.894 [DEBUG] [UdpCommunicator] Single spectrum length: 1024 , min: 0 , max: 45339.5 , packetCount: 24
2026-03-04 16:29:44.900 [DEBUG] onSpectrumReady - 数据大小: 1024 minVal: 0 maxVal: 45339.458333333336
2026-03-04 16:29:45.787 [DEBUG] [SystemMonitor] (sysinfo) totalBytes: 1.67493e+10 freeBytes: 5.83383e+09 memoryUsage(MB): 10409.8 / 15973.4
2026-03-04 16:29:45.793 [DEBUG] [SystemMonitor] cpuUsage: 28.5354 cpuTemp: 62.25 memUsed(MB): 10409.8 / 15973.4 diskUsed(GB): 45.2907 / 57.9994
2026-03-04 16:29:45.817 [DEBUG] 预测结果 [预测器 0 ]: 65123.453125
2026-03-04 16:29:45.824 [INFO] [预测结果] 预测值=65123.4531，状态=未启用异常监控
2026-03-04 16:29:45.852 [DEBUG] onPredictionReady - predictionHistory 大小: 10 最新值: 65123.453125
2026-03-04 16:29:45.856 [DEBUG] [UdpCommunicator] Single spectrum length: 1024 , min: 0 , max: 45283 , packetCount: 24
2026-03-04 16:29:45.859 [DEBUG] onSpectrumReady - 数据大小: 1024 minVal: 0 maxVal: 45283.041666666664
2026-03-04 16:29:46.787 [DEBUG] [SystemMonitor] (sysinfo) totalBytes: 1.67493e+10 freeBytes: 5.84211e+09 memoryUsage(MB): 10401.9 / 15973.4
2026-03-04 16:29:46.793 [DEBUG] [SystemMonitor] cpuUsage: 27.665 cpuTemp: 61.7 memUsed(MB): 10401.9 / 15973.4 diskUsed(GB): 45.2907 / 57.9994
2026-03-04 16:29:46.824 [DEBUG] 预测结果 [预测器 0 ]: 66100.390625
2026-03-04 16:29:46.833 [INFO] [预测结果] 预测值=66100.3906，状态=未启用异常监控
2026-03-04 16:29:46.850 [DEBUG] onPredictionReady - predictionHistory 大小: 10 最新值: 66100.390625
2026-03-04 16:29:46.856 [DEBUG] [UdpCommunicator] Single spectrum length: 1024 , min: 0 , max: 46000.1 , packetCount: 24
2026-03-04 16:29:46.861 [DEBUG] onSpectrumReady - 数据大小: 1024 minVal: 0 maxVal: 46000.125
2026-03-04 16:29:47.787 [DEBUG] [SystemMonitor] (sysinfo) totalBytes: 1.67493e+10 freeBytes: 5.83701e+09 memoryUsage(MB): 10406.8 / 15973.4
2026-03-04 16:29:47.791 [DEBUG] [SystemMonitor] cpuUsage: 31.4861 cpuTemp: 61.7 memUsed(MB): 10406.8 / 15973.4 diskUsed(GB): 45.2907 / 57.9994
2026-03-04 16:29:47.819 [DEBUG] 预测结果 [预测器 0 ]: 66288.4921875
2026-03-04 16:29:47.823 [INFO] [预测结果] 预测值=66288.4922，状态=未启用异常监控
2026-03-04 16:29:47.835 [DEBUG] onPredictionReady - predictionHistory 大小: 10 最新值: 66288.4921875
2026-03-04 16:29:47.840 [DEBUG] [UdpCommunicator] Single spectrum length: 1024 , min: 0 , max: 46126.2 , packetCount: 24
2026-03-04 16:29:47.844 [DEBUG] onSpectrumReady - 数据大小: 1024 minVal: 0 maxVal: 46126.208333333336
2026-03-04 16:29:48.787 [DEBUG] [SystemMonitor] (sysinfo) totalBytes: 1.67493e+10 freeBytes: 5.83219e+09 memoryUsage(MB): 10411.4 / 15973.4
2026-03-04 16:29:48.791 [DEBUG] [SystemMonitor] cpuUsage: 28.6076 cpuTemp: 61.15 memUsed(MB): 10411.4 / 15973.4 diskUsed(GB): 45.2907 / 57.9994
2026-03-04 16:29:48.813 [DEBUG] 预测结果 [预测器 0 ]: 66201.546875
2026-03-04 16:29:48.825 [INFO] [预测结果] 预测值=66201.5469，状态=未启用异常监控
2026-03-04 16:29:48.849 [DEBUG] onPredictionReady - predictionHistory 大小: 10 最新值: 66201.546875
2026-03-04 16:29:48.853 [DEBUG] [UdpCommunicator] Single spectrum length: 1024 , min: 0 , max: 45991.4 , packetCount: 24
2026-03-04 16:29:48.861 [DEBUG] onSpectrumReady - 数据大小: 1024 minVal: 0 maxVal: 45991.416666666664
2026-03-04 16:29:49.787 [DEBUG] [SystemMonitor] (sysinfo) totalBytes: 1.67493e+10 freeBytes: 5.83009e+09 memoryUsage(MB): 10413.4 / 15973.4
2026-03-04 16:29:49.792 [DEBUG] [SystemMonitor] cpuUsage: 29.3671 cpuTemp: 61.7 memUsed(MB): 10413.4 / 15973.4 diskUsed(GB): 45.2907 / 57.9994
2026-03-04 16:29:49.813 [DEBUG] 预测结果 [预测器 0 ]: 66139.3046875
2026-03-04 16:29:49.818 [INFO] [预测结果] 预测值=66139.3047，状态=未启用异常监控
2026-03-04 16:29:49.831 [DEBUG] onPredictionReady - predictionHistory 大小: 10 最新值: 66139.3046875
2026-03-04 16:29:49.837 [DEBUG] [UdpCommunicator] Single spectrum length: 1024 , min: 0 , max: 46001.3 , packetCount: 24
2026-03-04 16:29:49.841 [DEBUG] onSpectrumReady - 数据大小: 1024 minVal: 0 maxVal: 46001.291666666664
2026-03-04 16:29:50.787 [DEBUG] [SystemMonitor] (sysinfo) totalBytes: 1.67493e+10 freeBytes: 5.82922e+09 memoryUsage(MB): 10414.2 / 15973.4
2026-03-04 16:29:50.793 [DEBUG] [SystemMonitor] cpuUsage: 28.7879 cpuTemp: 61.7 memUsed(MB): 10414.2 / 15973.4 diskUsed(GB): 45.2907 / 57.9994
2026-03-04 16:29:50.813 [DEBUG] 预测结果 [预测器 0 ]: 66028.375
2026-03-04 16:29:50.827 [INFO] [预测结果] 预测值=66028.3750，状态=未启用异常监控
2026-03-04 16:29:50.851 [DEBUG] onPredictionReady - predictionHistory 大小: 10 最新值: 66028.375
2026-03-04 16:29:50.861 [DEBUG] [UdpCommunicator] Single spectrum length: 1024 , min: 0 , max: 45846.5 , packetCount: 24
2026-03-04 16:29:50.869 [DEBUG] onSpectrumReady - 数据大小: 1024 minVal: 0 maxVal: 45846.5
2026-03-04 16:29:51.787 [DEBUG] [SystemMonitor] (sysinfo) totalBytes: 1.67493e+10 freeBytes: 5.83347e+09 memoryUsage(MB): 10410.2 / 15973.4
2026-03-04 16:29:51.792 [DEBUG] [SystemMonitor] cpuUsage: 31.3131 cpuTemp: 62.25 memUsed(MB): 10410.2 / 15973.4 diskUsed(GB): 45.2907 / 57.9994
2026-03-04 16:29:51.813 [DEBUG] 预测结果 [预测器 0 ]: 93134
2026-03-04 16:29:51.819 [INFO] [预测结果] 预测值=93134.0000，状态=未启用异常监控
2026-03-04 16:29:51.832 [DEBUG] onPredictionReady - predictionHistory 大小: 10 最新值: 93134
2026-03-04 16:29:51.837 [DEBUG] [UdpCommunicator] Single spectrum length: 1024 , min: 304.917 , max: 56547.1 , packetCount: 24
2026-03-04 16:29:51.842 [DEBUG] onSpectrumReady - 数据大小: 1024 minVal: 304.9166666666667 maxVal: 56547.083333333336
2026-03-04 16:29:52.788 [DEBUG] [SystemMonitor] (sysinfo) totalBytes: 1.67493e+10 freeBytes: 5.8296e+09 memoryUsage(MB): 10413.9 / 15973.4
2026-03-04 16:29:52.793 [DEBUG] [SystemMonitor] cpuUsage: 26.8354 cpuTemp: 61.7 memUsed(MB): 10413.9 / 15973.4 diskUsed(GB): 45.2907 / 57.9994
2026-03-04 16:29:52.810 [DEBUG] 预测结果 [预测器 0 ]: 115842.4609375
2026-03-04 16:29:52.821 [INFO] [预测结果] 预测值=115842.4609，状态=未启用异常监控
2026-03-04 16:29:52.837 [DEBUG] onPredictionReady - predictionHistory 大小: 10 最新值: 115842.4609375
2026-03-04 16:29:52.842 [DEBUG] [UdpCommunicator] Single spectrum length: 1024 , min: 575.708 , max: 65535 , packetCount: 24
2026-03-04 16:29:52.846 [DEBUG] onSpectrumReady - 数据大小: 1024 minVal: 575.7083333333334 maxVal: 65535
2026-03-04 16:29:53.789 [DEBUG] [SystemMonitor] (sysinfo) totalBytes: 1.67493e+10 freeBytes: 5.82894e+09 memoryUsage(MB): 10414.5 / 15973.4
2026-03-04 16:29:53.794 [DEBUG] [SystemMonitor] cpuUsage: 27.2265 cpuTemp: 60.6 memUsed(MB): 10414.5 / 15973.4 diskUsed(GB): 45.2907 / 57.9994
2026-03-04 16:29:53.811 [DEBUG] 预测结果 [预测器 0 ]: 115841.8046875
2026-03-04 16:29:53.815 [INFO] [预测结果] 预测值=115841.8047，状态=未启用异常监控
2026-03-04 16:29:53.829 [DEBUG] onPredictionReady - predictionHistory 大小: 10 最新值: 115841.8046875
2026-03-04 16:29:53.835 [DEBUG] [UdpCommunicator] Single spectrum length: 1024 , min: 625.833 , max: 65535 , packetCount: 24
2026-03-04 16:29:53.839 [DEBUG] onSpectrumReady - 数据大小: 1024 minVal: 625.8333333333334 maxVal: 65535
2026-03-04 16:29:54.787 [DEBUG] [SystemMonitor] (sysinfo) totalBytes: 1.67493e+10 freeBytes: 5.82722e+09 memoryUsage(MB): 10416.1 / 15973.4
2026-03-04 16:29:54.793 [DEBUG] [SystemMonitor] cpuUsage: 27.5253 cpuTemp: 60.6 memUsed(MB): 10416.1 / 15973.4 diskUsed(GB): 45.2907 / 57.9994
2026-03-04 16:29:54.807 [DEBUG] 预测结果 [预测器 0 ]: 115842.0390625
2026-03-04 16:29:54.811 [INFO] [预测结果] 预测值=115842.0391，状态=未启用异常监控
2026-03-04 16:29:54.825 [DEBUG] onPredictionReady - predictionHistory 大小: 10 最新值: 115842.0390625
2026-03-04 16:29:54.830 [DEBUG] [UdpCommunicator] Single spectrum length: 1024 , min: 608.875 , max: 65535 , packetCount: 24
2026-03-04 16:29:54.834 [DEBUG] onSpectrumReady - 数据大小: 1024 minVal: 608.875 maxVal: 65535
2026-03-04 16:29:55.788 [DEBUG] [SystemMonitor] (sysinfo) totalBytes: 1.67493e+10 freeBytes: 5.82882e+09 memoryUsage(MB): 10414.6 / 15973.4
2026-03-04 16:29:55.792 [DEBUG] [SystemMonitor] cpuUsage: 28.4635 cpuTemp: 61.15 memUsed(MB): 10414.6 / 15973.4 diskUsed(GB): 45.2907 / 57.9994
2026-03-04 16:29:55.807 [DEBUG] 预测结果 [预测器 0 ]: 115841.921875
2026-03-04 16:29:55.812 [INFO] [预测结果] 预测值=115841.9219，状态=未启用异常监控
2026-03-04 16:29:55.829 [DEBUG] onPredictionReady - predictionHistory 大小: 10 最新值: 115841.921875
2026-03-04 16:29:55.834 [DEBUG] [UdpCommunicator] Single spectrum length: 1024 , min: 618 , max: 65535 , packetCount: 24
2026-03-04 16:29:55.839 [DEBUG] onSpectrumReady - 数据大小: 1024 minVal: 618 maxVal: 65535
2026-03-04 16:29:56.787 [DEBUG] [SystemMonitor] (sysinfo) totalBytes: 1.67493e+10 freeBytes: 5.82484e+09 memoryUsage(MB): 10418.4 / 15973.4
2026-03-04 16:29:56.792 [DEBUG] [SystemMonitor] cpuUsage: 29.1139 cpuTemp: 61.7 memUsed(MB): 10418.4 / 15973.4 diskUsed(GB): 45.2907 / 57.9994
2026-03-04 16:29:56.810 [DEBUG] 预测结果 [预测器 0 ]: 115841.96875
2026-03-04 16:29:56.815 [INFO] [预测结果] 预测值=115841.9688，状态=未启用异常监控
2026-03-04 16:29:56.835 [DEBUG] onPredictionReady - predictionHistory 大小: 10 最新值: 115841.96875
2026-03-04 16:29:56.845 [DEBUG] [UdpCommunicator] Single spectrum length: 1024 , min: 614.667 , max: 65535 , packetCount: 24
2026-03-04 16:29:56.851 [DEBUG] onSpectrumReady - 数据大小: 1024 minVal: 614.6666666666666 maxVal: 65535
2026-03-04 16:29:57.788 [DEBUG] [SystemMonitor] (sysinfo) totalBytes: 1.67493e+10 freeBytes: 5.82313e+09 memoryUsage(MB): 10420 / 15973.4
2026-03-04 16:29:57.792 [DEBUG] [SystemMonitor] cpuUsage: 27.9188 cpuTemp: 61.15 memUsed(MB): 10420 / 15973.4 diskUsed(GB): 45.2907 / 57.9994
2026-03-04 16:29:57.808 [DEBUG] 预测结果 [预测器 0 ]: 115841.7421875
2026-03-04 16:29:57.813 [INFO] [预测结果] 预测值=115841.7422，状态=未启用异常监控
2026-03-04 16:29:57.827 [DEBUG] onPredictionReady - predictionHistory 大小: 10 最新值: 115841.7421875
2026-03-04 16:29:57.831 [DEBUG] [UdpCommunicator] Single spectrum length: 1024 , min: 630.458 , max: 65535 , packetCount: 24
2026-03-04 16:29:57.835 [DEBUG] onSpectrumReady - 数据大小: 1024 minVal: 630.4583333333334 maxVal: 65535
2026-03-04 16:29:58.787 [DEBUG] [SystemMonitor] (sysinfo) totalBytes: 1.67493e+10 freeBytes: 5.8247e+09 memoryUsage(MB): 10418.5 / 15973.4
2026-03-04 16:29:58.791 [DEBUG] [SystemMonitor] cpuUsage: 26.5823 cpuTemp: 61.7 memUsed(MB): 10418.5 / 15973.4 diskUsed(GB): 45.2907 / 57.9994
2026-03-04 16:29:58.811 [DEBUG] 预测结果 [预测器 0 ]: 115842.1875
2026-03-04 16:29:58.826 [INFO] [预测结果] 预测值=115842.1875，状态=未启用异常监控
2026-03-04 16:29:58.844 [DEBUG] onPredictionReady - predictionHistory 大小: 10 最新值: 115842.1875
2026-03-04 16:29:58.853 [DEBUG] [UdpCommunicator] Single spectrum length: 1024 , min: 596.708 , max: 65535 , packetCount: 24
2026-03-04 16:29:58.859 [DEBUG] onSpectrumReady - 数据大小: 1024 minVal: 596.7083333333334 maxVal: 65535
2026-03-04 16:29:59.787 [DEBUG] [SystemMonitor] (sysinfo) totalBytes: 1.67493e+10 freeBytes: 5.82375e+09 memoryUsage(MB): 10419.4 / 15973.4
2026-03-04 16:29:59.796 [DEBUG] [SystemMonitor] cpuUsage: 29.0404 cpuTemp: 62.25 memUsed(MB): 10419.4 / 15973.4 diskUsed(GB): 45.2907 / 57.9994
2026-03-04 16:29:59.813 [DEBUG] 预测结果 [预测器 0 ]: 115842.1171875
2026-03-04 16:29:59.818 [INFO] [预测结果] 预测值=115842.1172，状态=未启用异常监控
2026-03-04 16:29:59.831 [DEBUG] onPredictionReady - predictionHistory 大小: 10 最新值: 115842.1171875
2026-03-04 16:29:59.836 [DEBUG] [UdpCommunicator] Single spectrum length: 1024 , min: 603.75 , max: 65535 , packetCount: 24
2026-03-04 16:29:59.846 [DEBUG] onSpectrumReady - 数据大小: 1024 minVal: 603.75 maxVal: 65535
2026-03-04 16:30:00.788 [DEBUG] [SystemMonitor] (sysinfo) totalBytes: 1.67493e+10 freeBytes: 5.82278e+09 memoryUsage(MB): 10420.4 / 15973.4
2026-03-04 16:30:00.792 [DEBUG] [SystemMonitor] cpuUsage: 27.5253 cpuTemp: 61.7 memUsed(MB): 10420.4 / 15973.4 diskUsed(GB): 45.2907 / 57.9994
2026-03-04 16:30:00.800 [DEBUG] 预测结果 [预测器 0 ]: 115842.2109375
2026-03-04 16:30:00.809 [INFO] [预测结果] 预测值=115842.2109，状态=未启用异常监控
2026-03-04 16:30:00.831 [DEBUG] onPredictionReady - predictionHistory 大小: 10 最新值: 115842.2109375
2026-03-04 16:30:00.839 [DEBUG] [UdpCommunicator] Single spectrum length: 1024 , min: 595.958 , max: 65535 , packetCount: 24
2026-03-04 16:30:00.843 [DEBUG] onSpectrumReady - 数据大小: 1024 minVal: 595.9583333333334 maxVal: 65535
2026-03-04 16:30:01.789 [DEBUG] [SystemMonitor] (sysinfo) totalBytes: 1.67493e+10 freeBytes: 5.82447e+09 memoryUsage(MB): 10418.8 / 15973.4
2026-03-04 16:30:01.793 [DEBUG] [SystemMonitor] cpuUsage: 29.3671 cpuTemp: 61.7 memUsed(MB): 10418.8 / 15973.4 diskUsed(GB): 45.2907 / 57.9994
2026-03-04 16:30:01.846 [DEBUG] 预测结果 [预测器 0 ]: 115842.2578125
2026-03-04 16:30:01.857 [INFO] [预测结果] 预测值=115842.2578，状态=未启用异常监控
2026-03-04 16:30:01.887 [DEBUG] onPredictionReady - predictionHistory 大小: 10 最新值: 115842.2578125
2026-03-04 16:30:01.896 [DEBUG] [UdpCommunicator] Single spectrum length: 1024 , min: 590.04 , max: 65535 , packetCount: 25
2026-03-04 16:30:01.899 [DEBUG] onSpectrumReady - 数据大小: 1024 minVal: 590.04 maxVal: 65535
2026-03-04 16:30:02.787 [DEBUG] [SystemMonitor] (sysinfo) totalBytes: 1.67493e+10 freeBytes: 5.82131e+09 memoryUsage(MB): 10421.8 / 15973.4
2026-03-04 16:30:02.791 [DEBUG] [SystemMonitor] cpuUsage: 29.0076 cpuTemp: 61.7 memUsed(MB): 10421.8 / 15973.4 diskUsed(GB): 45.2907 / 57.9994
2026-03-04 16:30:02.842 [DEBUG] 预测结果 [预测器 0 ]: 115842.046875
2026-03-04 16:30:02.852 [INFO] [预测结果] 预测值=115842.0469，状态=未启用异常监控
2026-03-04 16:30:02.867 [DEBUG] onPredictionReady - predictionHistory 大小: 10 最新值: 115842.046875
2026-03-04 16:30:02.873 [DEBUG] [UdpCommunicator] Single spectrum length: 1024 , min: 607.708 , max: 65535 , packetCount: 24
2026-03-04 16:30:02.882 [DEBUG] onSpectrumReady - 数据大小: 1024 minVal: 607.7083333333334 maxVal: 65535
2026-03-04 16:30:03.787 [DEBUG] [SystemMonitor] (sysinfo) totalBytes: 1.67493e+10 freeBytes: 5.82685e+09 memoryUsage(MB): 10416.5 / 15973.4
2026-03-04 16:30:03.790 [DEBUG] [SystemMonitor] cpuUsage: 27.4559 cpuTemp: 62.25 memUsed(MB): 10416.5 / 15973.4 diskUsed(GB): 45.2907 / 57.9994
2026-03-04 16:30:03.834 [DEBUG] 预测结果 [预测器 0 ]: 115842.2734375
2026-03-04 16:30:03.838 [INFO] [预测结果] 预测值=115842.2734，状态=未启用异常监控
2026-03-04 16:30:03.853 [DEBUG] onPredictionReady - predictionHistory 大小: 10 最新值: 115842.2734375
2026-03-04 16:30:03.858 [DEBUG] [UdpCommunicator] Single spectrum length: 1024 , min: 590.458 , max: 65535 , packetCount: 24
2026-03-04 16:30:03.862 [DEBUG] onSpectrumReady - 数据大小: 1024 minVal: 590.4583333333334 maxVal: 65535
2026-03-04 16:30:04.786 [DEBUG] [SystemMonitor] (sysinfo) totalBytes: 1.67493e+10 freeBytes: 5.82201e+09 memoryUsage(MB): 10421.1 / 15973.4
2026-03-04 16:30:04.791 [DEBUG] [SystemMonitor] cpuUsage: 26.0759 cpuTemp: 60.05 memUsed(MB): 10421.1 / 15973.4 diskUsed(GB): 45.2907 / 57.9994
2026-03-04 16:30:04.832 [DEBUG] 预测结果 [预测器 0 ]: 115842.2734375
2026-03-04 16:30:04.840 [INFO] [预测结果] 预测值=115842.2734，状态=未启用异常监控
2026-03-04 16:30:04.856 [DEBUG] onPredictionReady - predictionHistory 大小: 10 最新值: 115842.2734375
2026-03-04 16:30:04.860 [DEBUG] [UdpCommunicator] Single spectrum length: 1024 , min: 587.625 , max: 65535 , packetCount: 24
2026-03-04 16:30:04.864 [DEBUG] onSpectrumReady - 数据大小: 1024 minVal: 587.625 maxVal: 65535
2026-03-04 16:30:05.791 [DEBUG] [SystemMonitor] (sysinfo) totalBytes: 1.67493e+10 freeBytes: 5.81742e+09 memoryUsage(MB): 10425.5 / 15973.4
2026-03-04 16:30:05.796 [DEBUG] [SystemMonitor] cpuUsage: 27.9597 cpuTemp: 62.25 memUsed(MB): 10425.5 / 15973.4 diskUsed(GB): 45.2907 / 57.9994
2026-03-04 16:30:05.834 [DEBUG] 预测结果 [预测器 0 ]: 115842.171875
2026-03-04 16:30:05.842 [INFO] [预测结果] 预测值=115842.1719，状态=未启用异常监控
2026-03-04 16:30:05.859 [DEBUG] onPredictionReady - predictionHistory 大小: 10 最新值: 115842.171875
2026-03-04 16:30:05.868 [DEBUG] [UdpCommunicator] Single spectrum length: 1024 , min: 598.375 , max: 65535 , packetCount: 24
2026-03-04 16:30:05.875 [DEBUG] onSpectrumReady - 数据大小: 1024 minVal: 598.375 maxVal: 65535
2026-03-04 16:30:06.788 [DEBUG] [SystemMonitor] (sysinfo) totalBytes: 1.67493e+10 freeBytes: 5.81931e+09 memoryUsage(MB): 10423.7 / 15973.4
2026-03-04 16:30:06.794 [DEBUG] [SystemMonitor] cpuUsage: 29.4416 cpuTemp: 62.25 memUsed(MB): 10423.7 / 15973.4 diskUsed(GB): 45.2907 / 57.9994
2026-03-04 16:30:06.838 [DEBUG] 预测结果 [预测器 0 ]: 115841.796875
2026-03-04 16:30:06.846 [INFO] [预测结果] 预测值=115841.7969，状态=未启用异常监控
2026-03-04 16:30:06.881 [DEBUG] onPredictionReady - predictionHistory 大小: 10 最新值: 115841.796875
2026-03-04 16:30:06.884 [DEBUG] [UdpCommunicator] Single spectrum length: 1024 , min: 626.5 , max: 65535 , packetCount: 24
2026-03-04 16:30:06.887 [DEBUG] onSpectrumReady - 数据大小: 1024 minVal: 626.5 maxVal: 65535
2026-03-04 16:30:07.787 [DEBUG] [SystemMonitor] (sysinfo) totalBytes: 1.67493e+10 freeBytes: 5.82441e+09 memoryUsage(MB): 10418.8 / 15973.4
2026-03-04 16:30:07.792 [DEBUG] [SystemMonitor] cpuUsage: 29.0404 cpuTemp: 61.15 memUsed(MB): 10418.8 / 15973.4 diskUsed(GB): 45.2907 / 57.9994
2026-03-04 16:30:07.834 [DEBUG] 预测结果 [预测器 0 ]: 115842.3671875
2026-03-04 16:30:07.837 [INFO] [预测结果] 预测值=115842.3672，状态=未启用异常监控
2026-03-04 16:30:07.850 [DEBUG] onPredictionReady - predictionHistory 大小: 10 最新值: 115842.3671875
2026-03-04 16:30:07.854 [DEBUG] [UdpCommunicator] Single spectrum length: 1024 , min: 581.833 , max: 65535 , packetCount: 24
2026-03-04 16:30:07.857 [DEBUG] onSpectrumReady - 数据大小: 1024 minVal: 581.8333333333334 maxVal: 65535
2026-03-04 16:30:08.787 [DEBUG] [SystemMonitor] (sysinfo) totalBytes: 1.67493e+10 freeBytes: 5.81911e+09 memoryUsage(MB): 10423.9 / 15973.4
2026-03-04 16:30:08.796 [DEBUG] [SystemMonitor] cpuUsage: 29.2929 cpuTemp: 61.7 memUsed(MB): 10423.9 / 15973.4 diskUsed(GB): 45.2907 / 57.9994
2026-03-04 16:30:08.830 [DEBUG] 预测结果 [预测器 0 ]: 115841.8359375
2026-03-04 16:30:08.848 [INFO] [预测结果] 预测值=115841.8359，状态=未启用异常监控
2026-03-04 16:30:08.883 [DEBUG] onPredictionReady - predictionHistory 大小: 10 最新值: 115841.8359375
2026-03-04 16:30:08.892 [DEBUG] [UdpCommunicator] Single spectrum length: 1024 , min: 623.167 , max: 65535 , packetCount: 24
2026-03-04 16:30:08.902 [DEBUG] onSpectrumReady - 数据大小: 1024 minVal: 623.1666666666666 maxVal: 65535
2026-03-04 16:30:09.452 [DEBUG] 找到模型文件: "/media/linxi-ice-2/CCCOMA_X64FRE_ZH-CN_DV9/test1/c_system_formal/NIR_system_formal/host_computer/predictor_train/svm_predictor/spectrum_model.onnx"
2026-03-04 16:30:09.459 [DEBUG] 找到模型文件: "/media/linxi-ice-2/CCCOMA_X64FRE_ZH-CN_DV9/test1/c_system_formal/NIR_system_formal/host_computer/predictor_train/svm_predictor/spectrum_model.onnx"
2026-03-04 16:30:09.878 [DEBUG] 模型加载成功: "/media/linxi-ice-2/CCCOMA_X64FRE_ZH-CN_DV9/test1/c_system_formal/NIR_system_formal/host_computer/predictor_train/svm_predictor/spectrum_model.onnx" 预测器: "支持向量机预测器 (SVM)"
2026-03-04 16:30:09.888 [DEBUG] [SystemMonitor] (sysinfo) totalBytes: 1.67493e+10 freeBytes: 5.72543e+09 memoryUsage(MB): 10513.2 / 15973.4
2026-03-04 16:30:09.892 [DEBUG] [SystemMonitor] cpuUsage: 28.1106 cpuTemp: 61.7 memUsed(MB): 10513.2 / 15973.4 diskUsed(GB): 45.2907 / 57.9994
2026-03-04 16:30:09.910 [DEBUG] 预测结果 [预测器 2 ]: 13058.6669921875
2026-03-04 16:30:09.915 [INFO] [预测结果] 预测值=13058.6670，状态=未启用异常监控
2026-03-04 16:30:09.937 [DEBUG] onPredictionReady - predictionHistory 大小: 1 最新值: 13058.6669921875
2026-03-04 16:30:09.943 [DEBUG] [UdpCommunicator] Single spectrum length: 1024 , min: 636.938 , max: 65535 , packetCount: 16
2026-03-04 16:30:09.946 [DEBUG] onSpectrumReady - 数据大小: 1024 minVal: 636.9375 maxVal: 65535
2026-03-04 16:30:10.159 [DEBUG] 预测结果 [预测器 2 ]: 13058.6669921875
2026-03-04 16:30:10.164 [INFO] [预测结果] 预测值=13058.6670，状态=未启用异常监控
2026-03-04 16:30:10.179 [DEBUG] onPredictionReady - predictionHistory 大小: 2 最新值: 13058.6669921875
2026-03-04 16:30:10.189 [DEBUG] [UdpCommunicator] Single spectrum length: 1024 , min: 630.563 , max: 65535 , packetCount: 16
2026-03-04 16:30:10.195 [DEBUG] onSpectrumReady - 数据大小: 1024 minVal: 630.5625 maxVal: 65535
2026-03-04 16:30:10.790 [DEBUG] [SystemMonitor] (sysinfo) totalBytes: 1.67493e+10 freeBytes: 5.72765e+09 memoryUsage(MB): 10511.1 / 15973.4
2026-03-04 16:30:10.793 [DEBUG] [SystemMonitor] cpuUsage: 30.0562 cpuTemp: 62.25 memUsed(MB): 10511.1 / 15973.4 diskUsed(GB): 45.2907 / 57.9994
2026-03-04 16:30:11.498 [DEBUG] 预测结果 [预测器 2 ]: 13058.6669921875
2026-03-04 16:30:11.503 [INFO] [预测结果] 预测值=13058.6670，状态=未启用异常监控
2026-03-04 16:30:11.516 [DEBUG] onPredictionReady - predictionHistory 大小: 3 最新值: 13058.6669921875
2026-03-04 16:30:11.521 [DEBUG] [UdpCommunicator] Single spectrum length: 1024 , min: 614.656 , max: 65535 , packetCount: 32
2026-03-04 16:30:11.525 [DEBUG] onSpectrumReady - 数据大小: 1024 minVal: 614.65625 maxVal: 65535
2026-03-04 16:30:11.788 [DEBUG] [SystemMonitor] (sysinfo) totalBytes: 1.67493e+10 freeBytes: 5.72709e+09 memoryUsage(MB): 10511.6 / 15973.4
2026-03-04 16:30:11.792 [DEBUG] [SystemMonitor] cpuUsage: 25.3807 cpuTemp: 62.8 memUsed(MB): 10511.6 / 15973.4 diskUsed(GB): 45.2907 / 57.9994
2026-03-04 16:30:12.493 [DEBUG] 预测结果 [预测器 2 ]: 13058.6669921875
2026-03-04 16:30:12.502 [INFO] [预测结果] 预测值=13058.6670，状态=未启用异常监控
2026-03-04 16:30:12.516 [DEBUG] onPredictionReady - predictionHistory 大小: 4 最新值: 13058.6669921875
2026-03-04 16:30:12.521 [DEBUG] [UdpCommunicator] Single spectrum length: 1024 , min: 630.167 , max: 65535 , packetCount: 24
2026-03-04 16:30:12.524 [DEBUG] onSpectrumReady - 数据大小: 1024 minVal: 630.1666666666666 maxVal: 65535
2026-03-04 16:30:12.787 [DEBUG] [SystemMonitor] (sysinfo) totalBytes: 1.67493e+10 freeBytes: 5.72496e+09 memoryUsage(MB): 10513.7 / 15973.4
2026-03-04 16:30:12.791 [DEBUG] [SystemMonitor] cpuUsage: 24.8101 cpuTemp: 62.8 memUsed(MB): 10513.7 / 15973.4 diskUsed(GB): 45.2907 / 57.9994
2026-03-04 16:30:13.491 [DEBUG] 预测结果 [预测器 2 ]: 13058.6669921875
2026-03-04 16:30:13.496 [INFO] [预测结果] 预测值=13058.6670，状态=未启用异常监控
2026-03-04 16:30:13.517 [DEBUG] onPredictionReady - predictionHistory 大小: 5 最新值: 13058.6669921875
2026-03-04 16:30:13.521 [DEBUG] [UdpCommunicator] Single spectrum length: 1024 , min: 607.5 , max: 65535 , packetCount: 24
2026-03-04 16:30:13.523 [DEBUG] onSpectrumReady - 数据大小: 1024 minVal: 607.5 maxVal: 65535
2026-03-04 16:30:13.787 [DEBUG] [SystemMonitor] (sysinfo) totalBytes: 1.67493e+10 freeBytes: 5.72347e+09 memoryUsage(MB): 10515.1 / 15973.4
2026-03-04 16:30:13.791 [DEBUG] [SystemMonitor] cpuUsage: 24.3038 cpuTemp: 61.15 memUsed(MB): 10515.1 / 15973.4 diskUsed(GB): 45.2907 / 57.9994
2026-03-04 16:30:14.490 [DEBUG] 预测结果 [预测器 2 ]: 13058.6669921875
2026-03-04 16:30:14.494 [INFO] [预测结果] 预测值=13058.6670，状态=未启用异常监控
2026-03-04 16:30:14.509 [DEBUG] onPredictionReady - predictionHistory 大小: 6 最新值: 13058.6669921875
2026-03-04 16:30:14.513 [DEBUG] [UdpCommunicator] Single spectrum length: 1024 , min: 603.125 , max: 65535 , packetCount: 24
2026-03-04 16:30:14.517 [DEBUG] onSpectrumReady - 数据大小: 1024 minVal: 603.125 maxVal: 65535
2026-03-04 16:30:14.789 [DEBUG] [SystemMonitor] (sysinfo) totalBytes: 1.67493e+10 freeBytes: 5.726e+09 memoryUsage(MB): 10512.7 / 15973.4
2026-03-04 16:30:14.795 [DEBUG] [SystemMonitor] cpuUsage: 22.449 cpuTemp: 62.25 memUsed(MB): 10512.7 / 15973.4 diskUsed(GB): 45.2907 / 57.9994
2026-03-04 16:30:15.491 [DEBUG] 预测结果 [预测器 2 ]: 13058.6669921875
2026-03-04 16:30:15.496 [INFO] [预测结果] 预测值=13058.6670，状态=未启用异常监控
2026-03-04 16:30:15.511 [DEBUG] onPredictionReady - predictionHistory 大小: 7 最新值: 13058.6669921875
2026-03-04 16:30:15.515 [DEBUG] [UdpCommunicator] Single spectrum length: 1024 , min: 612.833 , max: 65535 , packetCount: 24
2026-03-04 16:30:15.524 [DEBUG] onSpectrumReady - 数据大小: 1024 minVal: 612.8333333333334 maxVal: 65535
2026-03-04 16:30:15.787 [DEBUG] [SystemMonitor] (sysinfo) totalBytes: 1.67493e+10 freeBytes: 5.72454e+09 memoryUsage(MB): 10514.1 / 15973.4
2026-03-04 16:30:15.791 [DEBUG] [SystemMonitor] cpuUsage: 25.8883 cpuTemp: 61.7 memUsed(MB): 10514.1 / 15973.4 diskUsed(GB): 45.2907 / 57.9994
2026-03-04 16:30:16.487 [DEBUG] 预测结果 [预测器 2 ]: 13058.6669921875
2026-03-04 16:30:16.492 [INFO] [预测结果] 预测值=13058.6670，状态=未启用异常监控
2026-03-04 16:30:16.506 [DEBUG] onPredictionReady - predictionHistory 大小: 8 最新值: 13058.6669921875
2026-03-04 16:30:16.510 [DEBUG] [UdpCommunicator] Single spectrum length: 1024 , min: 606.583 , max: 65535 , packetCount: 24
2026-03-04 16:30:16.519 [DEBUG] onSpectrumReady - 数据大小: 1024 minVal: 606.5833333333334 maxVal: 65535
2026-03-04 16:30:16.789 [DEBUG] [SystemMonitor] (sysinfo) totalBytes: 1.67493e+10 freeBytes: 5.72408e+09 memoryUsage(MB): 10514.5 / 15973.4
2026-03-04 16:30:16.797 [DEBUG] [SystemMonitor] cpuUsage: 24.173 cpuTemp: 62.8 memUsed(MB): 10514.5 / 15973.4 diskUsed(GB): 45.2907 / 57.9994
2026-03-04 16:30:17.486 [DEBUG] 预测结果 [预测器 2 ]: 13058.6669921875
2026-03-04 16:30:17.494 [INFO] [预测结果] 预测值=13058.6670，状态=未启用异常监控
2026-03-04 16:30:17.520 [DEBUG] onPredictionReady - predictionHistory 大小: 9 最新值: 13058.6669921875
2026-03-04 16:30:17.527 [DEBUG] [UdpCommunicator] Single spectrum length: 1024 , min: 629 , max: 65535 , packetCount: 24
2026-03-04 16:30:17.541 [DEBUG] onSpectrumReady - 数据大小: 1024 minVal: 629 maxVal: 65535
2026-03-04 16:30:17.555 [DEBUG] 找到模型文件: "/media/linxi-ice-2/CCCOMA_X64FRE_ZH-CN_DV9/test1/c_system_formal/NIR_system_formal/host_computer/predictor_train/rf_predictor/spectrum_model.onnx"
2026-03-04 16:30:17.574 [DEBUG] 找到模型文件: "/media/linxi-ice-2/CCCOMA_X64FRE_ZH-CN_DV9/test1/c_system_formal/NIR_system_formal/host_computer/predictor_train/rf_predictor/spectrum_model.onnx"
2026-03-04 16:30:18.250 [DEBUG] 模型加载成功: "/media/linxi-ice-2/CCCOMA_X64FRE_ZH-CN_DV9/test1/c_system_formal/NIR_system_formal/host_computer/predictor_train/rf_predictor/spectrum_model.onnx" 预测器: "随机森林预测器 (Random Forest)"
2026-03-04 16:30:18.268 [DEBUG] [SystemMonitor] (sysinfo) totalBytes: 1.67493e+10 freeBytes: 5.57541e+09 memoryUsage(MB): 10656.3 / 15973.4
2026-03-04 16:30:18.272 [DEBUG] [SystemMonitor] cpuUsage: 56.1433 cpuTemp: 63.35 memUsed(MB): 10656.3 / 15973.4 diskUsed(GB): 45.2907 / 57.9994
2026-03-04 16:30:18.294 [DEBUG] 预测结果 [预测器 1 ]: 28797.94921875
2026-03-04 16:30:18.302 [INFO] [预测结果] 预测值=28797.9492，状态=未启用异常监控
2026-03-04 16:30:18.320 [DEBUG] onPredictionReady - predictionHistory 大小: 1 最新值: 28797.94921875
2026-03-04 16:30:18.328 [DEBUG] [UdpCommunicator] Single spectrum length: 1024 , min: 630.632 , max: 65535 , packetCount: 19
2026-03-04 16:30:18.339 [DEBUG] onSpectrumReady - 数据大小: 1024 minVal: 630.6315789473684 maxVal: 65535
2026-03-04 16:30:18.788 [DEBUG] [SystemMonitor] (sysinfo) totalBytes: 1.67493e+10 freeBytes: 5.58581e+09 memoryUsage(MB): 10646.4 / 15973.4
2026-03-04 16:30:18.793 [DEBUG] [SystemMonitor] cpuUsage: 28.4314 cpuTemp: 61.15 memUsed(MB): 10646.4 / 15973.4 diskUsed(GB): 45.2907 / 57.9994
2026-03-04 16:30:19.481 [DEBUG] 预测结果 [预测器 1 ]: 28797.94921875
2026-03-04 16:30:19.492 [INFO] [预测结果] 预测值=28797.9492，状态=未启用异常监控
2026-03-04 16:30:19.508 [DEBUG] onPredictionReady - predictionHistory 大小: 2 最新值: 28797.94921875
2026-03-04 16:30:19.512 [DEBUG] [UdpCommunicator] Single spectrum length: 1024 , min: 588.414 , max: 65535 , packetCount: 29
2026-03-04 16:30:19.516 [DEBUG] onSpectrumReady - 数据大小: 1024 minVal: 588.4137931034483 maxVal: 65535
2026-03-04 16:30:19.789 [DEBUG] [SystemMonitor] (sysinfo) totalBytes: 1.67493e+10 freeBytes: 5.58423e+09 memoryUsage(MB): 10647.9 / 15973.4
2026-03-04 16:30:19.794 [DEBUG] [SystemMonitor] cpuUsage: 25.8228 cpuTemp: 63.35 memUsed(MB): 10647.9 / 15973.4 diskUsed(GB): 45.2907 / 57.9994
2026-03-04 16:30:20.476 [DEBUG] 预测结果 [预测器 1 ]: 28797.94921875
2026-03-04 16:30:20.481 [INFO] [预测结果] 预测值=28797.9492，状态=未启用异常监控
2026-03-04 16:30:20.501 [DEBUG] onPredictionReady - predictionHistory 大小: 3 最新值: 28797.94921875
2026-03-04 16:30:20.507 [DEBUG] [UdpCommunicator] Single spectrum length: 1024 , min: 607.75 , max: 65535 , packetCount: 24
2026-03-04 16:30:20.510 [DEBUG] onSpectrumReady - 数据大小: 1024 minVal: 607.75 maxVal: 65535
2026-03-04 16:30:20.787 [DEBUG] [SystemMonitor] (sysinfo) totalBytes: 1.67493e+10 freeBytes: 5.58395e+09 memoryUsage(MB): 10648.1 / 15973.4
2026-03-04 16:30:20.793 [DEBUG] [SystemMonitor] cpuUsage: 24.2424 cpuTemp: 61.7 memUsed(MB): 10648.1 / 15973.4 diskUsed(GB): 45.2907 / 57.9994
2026-03-04 16:30:21.477 [DEBUG] 预测结果 [预测器 1 ]: 28797.94921875
2026-03-04 16:30:21.482 [INFO] [预测结果] 预测值=28797.9492，状态=未启用异常监控
2026-03-04 16:30:21.496 [DEBUG] onPredictionReady - predictionHistory 大小: 4 最新值: 28797.94921875
2026-03-04 16:30:21.500 [DEBUG] [UdpCommunicator] Single spectrum length: 1024 , min: 643.5 , max: 65535 , packetCount: 24
2026-03-04 16:30:21.504 [DEBUG] onSpectrumReady - 数据大小: 1024 minVal: 643.5 maxVal: 65535
2026-03-04 16:30:21.787 [DEBUG] [SystemMonitor] (sysinfo) totalBytes: 1.67493e+10 freeBytes: 5.58072e+09 memoryUsage(MB): 10651.2 / 15973.4
2026-03-04 16:30:21.792 [DEBUG] [SystemMonitor] cpuUsage: 24.8731 cpuTemp: 63.35 memUsed(MB): 10651.2 / 15973.4 diskUsed(GB): 45.2907 / 57.9994
2026-03-04 16:30:22.478 [DEBUG] 预测结果 [预测器 1 ]: 28797.94921875
2026-03-04 16:30:22.482 [INFO] [预测结果] 预测值=28797.9492，状态=未启用异常监控
2026-03-04 16:30:22.496 [DEBUG] onPredictionReady - predictionHistory 大小: 5 最新值: 28797.94921875
2026-03-04 16:30:22.500 [DEBUG] [UdpCommunicator] Single spectrum length: 1024 , min: 642.833 , max: 65535 , packetCount: 24
2026-03-04 16:30:22.503 [DEBUG] onSpectrumReady - 数据大小: 1024 minVal: 642.8333333333334 maxVal: 65535
2026-03-04 16:30:22.787 [DEBUG] [SystemMonitor] (sysinfo) totalBytes: 1.67493e+10 freeBytes: 5.57974e+09 memoryUsage(MB): 10652.1 / 15973.4
2026-03-04 16:30:22.793 [DEBUG] [SystemMonitor] cpuUsage: 25.1908 cpuTemp: 61.15 memUsed(MB): 10652.1 / 15973.4 diskUsed(GB): 45.2907 / 57.9994
2026-03-04 16:30:23.472 [DEBUG] 预测结果 [预测器 1 ]: 28797.94921875
2026-03-04 16:30:23.477 [INFO] [预测结果] 预测值=28797.9492，状态=未启用异常监控
2026-03-04 16:30:23.501 [DEBUG] onPredictionReady - predictionHistory 大小: 6 最新值: 28797.94921875
2026-03-04 16:30:23.507 [DEBUG] [UdpCommunicator] Single spectrum length: 1024 , min: 615.958 , max: 65535 , packetCount: 24
2026-03-04 16:30:23.511 [DEBUG] onSpectrumReady - 数据大小: 1024 minVal: 615.9583333333334 maxVal: 65535
2026-03-04 16:30:23.787 [DEBUG] [SystemMonitor] (sysinfo) totalBytes: 1.67493e+10 freeBytes: 5.57854e+09 memoryUsage(MB): 10653.3 / 15973.4
2026-03-04 16:30:23.792 [DEBUG] [SystemMonitor] cpuUsage: 25.6345 cpuTemp: 62.8 memUsed(MB): 10653.3 / 15973.4 diskUsed(GB): 45.2907 / 57.9994
2026-03-04 16:30:24.471 [DEBUG] 预测结果 [预测器 1 ]: 28797.94921875
2026-03-04 16:30:24.475 [INFO] [预测结果] 预测值=28797.9492，状态=未启用异常监控
2026-03-04 16:30:24.496 [DEBUG] onPredictionReady - predictionHistory 大小: 7 最新值: 28797.94921875
2026-03-04 16:30:24.502 [DEBUG] [UdpCommunicator] Single spectrum length: 1024 , min: 609.792 , max: 65535 , packetCount: 24
2026-03-04 16:30:24.505 [DEBUG] onSpectrumReady - 数据大小: 1024 minVal: 609.7916666666666 maxVal: 65535
2026-03-04 16:30:24.787 [DEBUG] [SystemMonitor] (sysinfo) totalBytes: 1.67493e+10 freeBytes: 5.57846e+09 memoryUsage(MB): 10653.4 / 15973.4
2026-03-04 16:30:24.792 [DEBUG] [SystemMonitor] cpuUsage: 24.8731 cpuTemp: 61.7 memUsed(MB): 10653.4 / 15973.4 diskUsed(GB): 45.2907 / 57.9994
2026-03-04 16:30:24.969 [DEBUG] 找到模型文件: "/media/linxi-ice-2/CCCOMA_X64FRE_ZH-CN_DV9/test1/c_system_formal/NIR_system_formal/host_computer/predictor_train/svm_predictor/spectrum_model.onnx"
2026-03-04 16:30:24.977 [DEBUG] 找到模型文件: "/media/linxi-ice-2/CCCOMA_X64FRE_ZH-CN_DV9/test1/c_system_formal/NIR_system_formal/host_computer/predictor_train/svm_predictor/spectrum_model.onnx"
2026-03-04 16:30:25.078 [DEBUG] 模型加载成功: "/media/linxi-ice-2/CCCOMA_X64FRE_ZH-CN_DV9/test1/c_system_formal/NIR_system_formal/host_computer/predictor_train/svm_predictor/spectrum_model.onnx" 预测器: "支持向量机预测器 (SVM)"
2026-03-04 16:30:25.474 [DEBUG] 预测结果 [预测器 2 ]: 13058.6669921875
2026-03-04 16:30:25.479 [INFO] [预测结果] 预测值=13058.6670，状态=未启用异常监控
2026-03-04 16:30:25.500 [DEBUG] onPredictionReady - predictionHistory 大小: 1 最新值: 13058.6669921875
2026-03-04 16:30:25.504 [DEBUG] [UdpCommunicator] Single spectrum length: 1024 , min: 618.583 , max: 65535 , packetCount: 24
2026-03-04 16:30:25.507 [DEBUG] onSpectrumReady - 数据大小: 1024 minVal: 618.5833333333334 maxVal: 65535
2026-03-04 16:30:25.787 [DEBUG] [SystemMonitor] (sysinfo) totalBytes: 1.67493e+10 freeBytes: 5.61637e+09 memoryUsage(MB): 10617.2 / 15973.4
2026-03-04 16:30:25.791 [DEBUG] [SystemMonitor] cpuUsage: 30.1266 cpuTemp: 61.15 memUsed(MB): 10617.2 / 15973.4 diskUsed(GB): 45.2907 / 57.9994
2026-03-04 16:30:26.477 [DEBUG] 预测结果 [预测器 2 ]: 13058.6669921875
2026-03-04 16:30:26.485 [INFO] [预测结果] 预测值=13058.6670，状态=未启用异常监控
2026-03-04 16:30:26.499 [DEBUG] onPredictionReady - predictionHistory 大小: 2 最新值: 13058.6669921875
2026-03-04 16:30:26.504 [DEBUG] [UdpCommunicator] Single spectrum length: 1024 , min: 622.083 , max: 65535 , packetCount: 24
2026-03-04 16:30:26.507 [DEBUG] onSpectrumReady - 数据大小: 1024 minVal: 622.0833333333334 maxVal: 65535
2026-03-04 16:30:26.787 [DEBUG] [SystemMonitor] (sysinfo) totalBytes: 1.67493e+10 freeBytes: 5.60193e+09 memoryUsage(MB): 10631 / 15973.4
2026-03-04 16:30:26.792 [DEBUG] [SystemMonitor] cpuUsage: 24.7475 cpuTemp: 62.8 memUsed(MB): 10631 / 15973.4 diskUsed(GB): 45.2907 / 57.9994
2026-03-04 16:30:27.477 [DEBUG] 预测结果 [预测器 2 ]: 13058.6669921875
2026-03-04 16:30:27.482 [INFO] [预测结果] 预测值=13058.6670，状态=未启用异常监控
2026-03-04 16:30:27.496 [DEBUG] onPredictionReady - predictionHistory 大小: 3 最新值: 13058.6669921875
2026-03-04 16:30:27.500 [DEBUG] [UdpCommunicator] Single spectrum length: 1024 , min: 625.292 , max: 65535 , packetCount: 24
2026-03-04 16:30:27.504 [DEBUG] onSpectrumReady - 数据大小: 1024 minVal: 625.2916666666666 maxVal: 65535
2026-03-04 16:30:27.787 [DEBUG] [SystemMonitor] (sysinfo) totalBytes: 1.67493e+10 freeBytes: 5.59847e+09 memoryUsage(MB): 10634.3 / 15973.4
2026-03-04 16:30:27.792 [DEBUG] [SystemMonitor] cpuUsage: 26.0204 cpuTemp: 63.35 memUsed(MB): 10634.3 / 15973.4 diskUsed(GB): 45.2907 / 57.9994
2026-03-04 16:30:28.469 [DEBUG] 预测结果 [预测器 2 ]: 13058.6669921875
2026-03-04 16:30:28.474 [INFO] [预测结果] 预测值=13058.6670，状态=未启用异常监控
2026-03-04 16:30:28.487 [DEBUG] onPredictionReady - predictionHistory 大小: 4 最新值: 13058.6669921875
2026-03-04 16:30:28.497 [DEBUG] [UdpCommunicator] Single spectrum length: 1024 , min: 629.333 , max: 65535 , packetCount: 24
2026-03-04 16:30:28.504 [DEBUG] onSpectrumReady - 数据大小: 1024 minVal: 629.3333333333334 maxVal: 65535
2026-03-04 16:30:28.787 [DEBUG] [SystemMonitor] (sysinfo) totalBytes: 1.67493e+10 freeBytes: 5.59932e+09 memoryUsage(MB): 10633.5 / 15973.4
2026-03-04 16:30:28.791 [DEBUG] [SystemMonitor] cpuUsage: 22.9592 cpuTemp: 60.6 memUsed(MB): 10633.5 / 15973.4 diskUsed(GB): 45.2907 / 57.9994
2026-03-04 16:30:29.469 [DEBUG] 预测结果 [预测器 2 ]: 13058.6669921875
2026-03-04 16:30:29.473 [INFO] [预测结果] 预测值=13058.6670，状态=未启用异常监控
2026-03-04 16:30:29.489 [DEBUG] onPredictionReady - predictionHistory 大小: 5 最新值: 13058.6669921875
2026-03-04 16:30:29.498 [DEBUG] [UdpCommunicator] Single spectrum length: 1024 , min: 625.875 , max: 65535 , packetCount: 24
2026-03-04 16:30:29.503 [DEBUG] onSpectrumReady - 数据大小: 1024 minVal: 625.875 maxVal: 65535
2026-03-04 16:30:29.787 [DEBUG] [SystemMonitor] (sysinfo) totalBytes: 1.67493e+10 freeBytes: 5.61512e+09 memoryUsage(MB): 10618.4 / 15973.4
2026-03-04 16:30:29.792 [DEBUG] [SystemMonitor] cpuUsage: 22.6463 cpuTemp: 61.15 memUsed(MB): 10618.4 / 15973.4 diskUsed(GB): 45.2907 / 57.9994
2026-03-04 16:30:30.473 [DEBUG] 预测结果 [预测器 2 ]: 13058.6669921875
2026-03-04 16:30:30.478 [INFO] [预测结果] 预测值=13058.6670，状态=未启用异常监控
2026-03-04 16:30:30.496 [DEBUG] onPredictionReady - predictionHistory 大小: 6 最新值: 13058.6669921875
2026-03-04 16:30:30.501 [DEBUG] [UdpCommunicator] Single spectrum length: 1024 , min: 625.917 , max: 65535 , packetCount: 24
2026-03-04 16:30:30.510 [DEBUG] onSpectrumReady - 数据大小: 1024 minVal: 625.9166666666666 maxVal: 65535
2026-03-04 16:30:30.787 [DEBUG] [SystemMonitor] (sysinfo) totalBytes: 1.67493e+10 freeBytes: 5.61212e+09 memoryUsage(MB): 10621.3 / 15973.4
2026-03-04 16:30:30.797 [DEBUG] [SystemMonitor] cpuUsage: 27.2727 cpuTemp: 61.7 memUsed(MB): 10621.3 / 15973.4 diskUsed(GB): 45.2907 / 57.9994
2026-03-04 16:30:31.467 [DEBUG] 预测结果 [预测器 2 ]: 13058.6669921875
2026-03-04 16:30:31.471 [INFO] [预测结果] 预测值=13058.6670，状态=未启用异常监控
2026-03-04 16:30:31.485 [DEBUG] onPredictionReady - predictionHistory 大小: 7 最新值: 13058.6669921875
2026-03-04 16:30:31.490 [DEBUG] [UdpCommunicator] Single spectrum length: 1024 , min: 616 , max: 65535 , packetCount: 24
2026-03-04 16:30:31.493 [DEBUG] onSpectrumReady - 数据大小: 1024 minVal: 616 maxVal: 65535
2026-03-04 16:30:31.787 [DEBUG] [SystemMonitor] (sysinfo) totalBytes: 1.67493e+10 freeBytes: 5.62158e+09 memoryUsage(MB): 10612.3 / 15973.4
2026-03-04 16:30:31.792 [DEBUG] [SystemMonitor] cpuUsage: 25.4453 cpuTemp: 61.15 memUsed(MB): 10612.3 / 15973.4 diskUsed(GB): 45.2907 / 57.9994
2026-03-04 16:30:32.470 [DEBUG] 预测结果 [预测器 2 ]: 13058.6669921875
2026-03-04 16:30:32.476 [INFO] [预测结果] 预测值=13058.6670，状态=未启用异常监控
2026-03-04 16:30:32.490 [DEBUG] onPredictionReady - predictionHistory 大小: 8 最新值: 13058.6669921875
2026-03-04 16:30:32.495 [DEBUG] [UdpCommunicator] Single spectrum length: 1024 , min: 599.292 , max: 65535 , packetCount: 24
2026-03-04 16:30:32.499 [DEBUG] onSpectrumReady - 数据大小: 1024 minVal: 599.2916666666666 maxVal: 65535
2026-03-04 16:30:32.788 [DEBUG] [SystemMonitor] (sysinfo) totalBytes: 1.67493e+10 freeBytes: 5.61977e+09 memoryUsage(MB): 10614 / 15973.4
2026-03-04 16:30:32.792 [DEBUG] [SystemMonitor] cpuUsage: 25.1269 cpuTemp: 62.25 memUsed(MB): 10614 / 15973.4 diskUsed(GB): 45.2907 / 57.9994
2026-03-04 16:30:33.467 [DEBUG] 预测结果 [预测器 2 ]: 13058.6669921875
2026-03-04 16:30:33.472 [INFO] [预测结果] 预测值=13058.6670，状态=未启用异常监控
2026-03-04 16:30:33.486 [DEBUG] onPredictionReady - predictionHistory 大小: 9 最新值: 13058.6669921875
2026-03-04 16:30:33.490 [DEBUG] [UdpCommunicator] Single spectrum length: 1024 , min: 637.708 , max: 65535 , packetCount: 24
2026-03-04 16:30:33.493 [DEBUG] onSpectrumReady - 数据大小: 1024 minVal: 637.7083333333334 maxVal: 65535
2026-03-04 16:30:33.788 [DEBUG] [SystemMonitor] (sysinfo) totalBytes: 1.67493e+10 freeBytes: 5.61845e+09 memoryUsage(MB): 10615.2 / 15973.4
2026-03-04 16:30:33.792 [DEBUG] [SystemMonitor] cpuUsage: 25.2525 cpuTemp: 61.15 memUsed(MB): 10615.2 / 15973.4 diskUsed(GB): 45.2907 / 57.9994
2026-03-04 16:30:34.520 [DEBUG] 预测结果 [预测器 2 ]: 13058.6669921875
2026-03-04 16:30:34.525 [INFO] [预测结果] 预测值=13058.6670，状态=未启用异常监控
2026-03-04 16:30:34.551 [DEBUG] onPredictionReady - predictionHistory 大小: 10 最新值: 13058.6669921875
2026-03-04 16:30:34.556 [DEBUG] [UdpCommunicator] Single spectrum length: 1024 , min: 607.8 , max: 65535 , packetCount: 25
2026-03-04 16:30:34.559 [DEBUG] onSpectrumReady - 数据大小: 1024 minVal: 607.8 maxVal: 65535
2026-03-04 16:30:34.787 [DEBUG] [SystemMonitor] (sysinfo) totalBytes: 1.67493e+10 freeBytes: 5.61389e+09 memoryUsage(MB): 10619.6 / 15973.4
2026-03-04 16:30:34.792 [DEBUG] [SystemMonitor] cpuUsage: 36.1323 cpuTemp: 61.7 memUsed(MB): 10619.6 / 15973.4 diskUsed(GB): 45.2907 / 57.9994
2026-03-04 16:30:35.502 [DEBUG] 预测结果 [预测器 2 ]: 13058.6669921875
2026-03-04 16:30:35.505 [INFO] [预测结果] 预测值=13058.6670，状态=未启用异常监控
2026-03-04 16:30:35.520 [DEBUG] onPredictionReady - predictionHistory 大小: 10 最新值: 13058.6669921875
2026-03-04 16:30:35.530 [DEBUG] [UdpCommunicator] Single spectrum length: 1024 , min: 609.708 , max: 65535 , packetCount: 24
2026-03-04 16:30:35.537 [DEBUG] onSpectrumReady - 数据大小: 1024 minVal: 609.7083333333334 maxVal: 65535
2026-03-04 16:30:35.787 [DEBUG] [SystemMonitor] (sysinfo) totalBytes: 1.67493e+10 freeBytes: 5.61422e+09 memoryUsage(MB): 10619.3 / 15973.4
2026-03-04 16:30:35.791 [DEBUG] [SystemMonitor] cpuUsage: 25 cpuTemp: 63.35 memUsed(MB): 10619.3 / 15973.4 diskUsed(GB): 45.2907 / 57.9994
2026-03-04 16:30:36.505 [DEBUG] 预测结果 [预测器 2 ]: 13058.6669921875
2026-03-04 16:30:36.510 [INFO] [预测结果] 预测值=13058.6670，状态=未启用异常监控
2026-03-04 16:30:36.525 [DEBUG] onPredictionReady - predictionHistory 大小: 10 最新值: 13058.6669921875
2026-03-04 16:30:36.530 [DEBUG] [UdpCommunicator] Single spectrum length: 1024 , min: 623.917 , max: 65535 , packetCount: 24
2026-03-04 16:30:36.536 [DEBUG] onSpectrumReady - 数据大小: 1024 minVal: 623.9166666666666 maxVal: 65535
2026-03-04 16:30:36.787 [DEBUG] [SystemMonitor] (sysinfo) totalBytes: 1.67493e+10 freeBytes: 5.61331e+09 memoryUsage(MB): 10620.1 / 15973.4
2026-03-04 16:30:36.791 [DEBUG] [SystemMonitor] cpuUsage: 21.3198 cpuTemp: 62.25 memUsed(MB): 10620.1 / 15973.4 diskUsed(GB): 45.2907 / 57.9994
2026-03-04 16:30:37.505 [DEBUG] 预测结果 [预测器 2 ]: 13058.6669921875
2026-03-04 16:30:37.510 [INFO] [预测结果] 预测值=13058.6670，状态=未启用异常监控
2026-03-04 16:30:37.524 [DEBUG] onPredictionReady - predictionHistory 大小: 10 最新值: 13058.6669921875
2026-03-04 16:30:37.530 [DEBUG] [UdpCommunicator] Single spectrum length: 1024 , min: 607.792 , max: 65535 , packetCount: 24
2026-03-04 16:30:37.534 [DEBUG] onSpectrumReady - 数据大小: 1024 minVal: 607.7916666666666 maxVal: 65535
2026-03-04 16:30:37.787 [DEBUG] [SystemMonitor] (sysinfo) totalBytes: 1.67493e+10 freeBytes: 5.61648e+09 memoryUsage(MB): 10617.1 / 15973.4
2026-03-04 16:30:37.791 [DEBUG] [SystemMonitor] cpuUsage: 25.2525 cpuTemp: 62.25 memUsed(MB): 10617.1 / 15973.4 diskUsed(GB): 45.2907 / 57.9994
2026-03-04 16:30:38.500 [DEBUG] 预测结果 [预测器 2 ]: 13058.6669921875
2026-03-04 16:30:38.505 [INFO] [预测结果] 预测值=13058.6670，状态=未启用异常监控
2026-03-04 16:30:38.525 [DEBUG] onPredictionReady - predictionHistory 大小: 10 最新值: 13058.6669921875
2026-03-04 16:30:38.528 [DEBUG] [UdpCommunicator] Single spectrum length: 1024 , min: 634.417 , max: 65535 , packetCount: 24
2026-03-04 16:30:38.532 [DEBUG] onSpectrumReady - 数据大小: 1024 minVal: 634.4166666666666 maxVal: 65535
2026-03-04 16:30:38.787 [DEBUG] [SystemMonitor] (sysinfo) totalBytes: 1.67493e+10 freeBytes: 5.61379e+09 memoryUsage(MB): 10619.7 / 15973.4
2026-03-04 16:30:38.792 [DEBUG] [SystemMonitor] cpuUsage: 25.0633 cpuTemp: 62.25 memUsed(MB): 10619.7 / 15973.4 diskUsed(GB): 45.2907 / 57.9994
2026-03-04 16:30:39.504 [DEBUG] 预测结果 [预测器 2 ]: 13058.6669921875
2026-03-04 16:30:39.508 [INFO] [预测结果] 预测值=13058.6670，状态=未启用异常监控
2026-03-04 16:30:39.522 [DEBUG] onPredictionReady - predictionHistory 大小: 10 最新值: 13058.6669921875
2026-03-04 16:30:39.528 [DEBUG] [UdpCommunicator] Single spectrum length: 1024 , min: 601.875 , max: 65535 , packetCount: 24
2026-03-04 16:30:39.532 [DEBUG] onSpectrumReady - 数据大小: 1024 minVal: 601.875 maxVal: 65535
2026-03-04 16:30:39.787 [DEBUG] [SystemMonitor] (sysinfo) totalBytes: 1.67493e+10 freeBytes: 5.60788e+09 memoryUsage(MB): 10625.3 / 15973.4
2026-03-04 16:30:39.793 [DEBUG] [SystemMonitor] cpuUsage: 25.3807 cpuTemp: 62.8 memUsed(MB): 10625.3 / 15973.4 diskUsed(GB): 45.2907 / 57.9994
2026-03-04 16:30:40.086 [DEBUG] 找到模型文件: "/media/linxi-ice-2/CCCOMA_X64FRE_ZH-CN_DV9/test1/c_system_formal/NIR_system_formal/host_computer/predictor_train/pytorch_predictor/spectrum_model.jit"
2026-03-04 16:30:40.092 [DEBUG] 找到模型文件: "/media/linxi-ice-2/CCCOMA_X64FRE_ZH-CN_DV9/test1/c_system_formal/NIR_system_formal/host_computer/predictor_train/pytorch_predictor/spectrum_model.jit"
2026-03-04 16:30:40.109 [DEBUG] PyTorch 模型加载成功: /media/linxi-ice-2/CCCOMA_X64FRE_ZH-CN_DV9/test1/c_system_formal/NIR_system_formal/host_computer/predictor_train/pytorch_predictor/spectrum_model.jit
2026-03-04 16:30:40.116 [DEBUG] 模型加载成功: "/media/linxi-ice-2/CCCOMA_X64FRE_ZH-CN_DV9/test1/c_system_formal/NIR_system_formal/host_computer/predictor_train/pytorch_predictor/spectrum_model.jit" 预测器: "PyTorch 神经网络预测器"
2026-03-04 16:30:40.500 [DEBUG] 预测结果 [预测器 0 ]: 115842.1015625
2026-03-04 16:30:40.504 [INFO] [预测结果] 预测值=115842.1016，状态=未启用异常监控
2026-03-04 16:30:40.520 [DEBUG] onPredictionReady - predictionHistory 大小: 1 最新值: 115842.1015625
2026-03-04 16:30:40.523 [DEBUG] [UdpCommunicator] Single spectrum length: 1024 , min: 602.708 , max: 65535 , packetCount: 24
2026-03-04 16:30:40.527 [DEBUG] onSpectrumReady - 数据大小: 1024 minVal: 602.7083333333334 maxVal: 65535
2026-03-04 16:30:40.786 [DEBUG] [SystemMonitor] (sysinfo) totalBytes: 1.67493e+10 freeBytes: 5.60019e+09 memoryUsage(MB): 10632.6 / 15973.4
2026-03-04 16:30:40.791 [DEBUG] [SystemMonitor] cpuUsage: 29.3671 cpuTemp: 61.7 memUsed(MB): 10632.6 / 15973.4 diskUsed(GB): 45.2907 / 57.9994
2026-03-04 16:30:41.503 [DEBUG] 预测结果 [预测器 0 ]: 115841.859375
2026-03-04 16:30:41.513 [INFO] [预测结果] 预测值=115841.8594，状态=未启用异常监控
2026-03-04 16:30:41.537 [DEBUG] onPredictionReady - predictionHistory 大小: 2 最新值: 115841.859375
2026-03-04 16:30:41.547 [DEBUG] [UdpCommunicator] Single spectrum length: 1024 , min: 621.792 , max: 65535 , packetCount: 24
2026-03-04 16:30:41.563 [DEBUG] onSpectrumReady - 数据大小: 1024 minVal: 621.7916666666666 maxVal: 65535
2026-03-04 16:30:41.787 [DEBUG] [SystemMonitor] (sysinfo) totalBytes: 1.67493e+10 freeBytes: 5.60309e+09 memoryUsage(MB): 10629.9 / 15973.4
2026-03-04 16:30:41.791 [DEBUG] [SystemMonitor] cpuUsage: 29.3367 cpuTemp: 61.15 memUsed(MB): 10629.9 / 15973.4 diskUsed(GB): 45.2907 / 57.9994
2026-03-04 16:30:42.494 [DEBUG] 预测结果 [预测器 0 ]: 115842.1640625
2026-03-04 16:30:42.498 [INFO] [预测结果] 预测值=115842.1641，状态=未启用异常监控
2026-03-04 16:30:42.517 [DEBUG] onPredictionReady - predictionHistory 大小: 3 最新值: 115842.1640625
2026-03-04 16:30:42.521 [DEBUG] [UdpCommunicator] Single spectrum length: 1024 , min: 599.625 , max: 65535 , packetCount: 24
2026-03-04 16:30:42.526 [DEBUG] onSpectrumReady - 数据大小: 1024 minVal: 599.625 maxVal: 65535
2026-03-04 16:30:42.788 [DEBUG] [SystemMonitor] (sysinfo) totalBytes: 1.67493e+10 freeBytes: 5.59373e+09 memoryUsage(MB): 10638.8 / 15973.4
2026-03-04 16:30:42.803 [DEBUG] [SystemMonitor] cpuUsage: 30.402 cpuTemp: 62.8 memUsed(MB): 10638.8 / 15973.4 diskUsed(GB): 45.2907 / 57.9994
2026-03-04 16:30:43.496 [DEBUG] 预测结果 [预测器 0 ]: 115841.796875
2026-03-04 16:30:43.501 [INFO] [预测结果] 预测值=115841.7969，状态=未启用异常监控
2026-03-04 16:30:43.513 [DEBUG] onPredictionReady - predictionHistory 大小: 4 最新值: 115841.796875
2026-03-04 16:30:43.522 [DEBUG] [UdpCommunicator] Single spectrum length: 1024 , min: 627.833 , max: 65535 , packetCount: 24
2026-03-04 16:30:43.526 [DEBUG] onSpectrumReady - 数据大小: 1024 minVal: 627.8333333333334 maxVal: 65535
2026-03-04 16:30:43.787 [DEBUG] [SystemMonitor] (sysinfo) totalBytes: 1.67493e+10 freeBytes: 5.62115e+09 memoryUsage(MB): 10612.7 / 15973.4
2026-03-04 16:30:43.793 [DEBUG] [SystemMonitor] cpuUsage: 53.1486 cpuTemp: 63.35 memUsed(MB): 10612.7 / 15973.4 diskUsed(GB): 45.2907 / 57.9994
2026-03-04 16:30:44.496 [DEBUG] 预测结果 [预测器 0 ]: 115842.109375
2026-03-04 16:30:44.505 [INFO] [预测结果] 预测值=115842.1094，状态=未启用异常监控
2026-03-04 16:30:44.525 [DEBUG] onPredictionReady - predictionHistory 大小: 5 最新值: 115842.109375
2026-03-04 16:30:44.529 [DEBUG] [UdpCommunicator] Single spectrum length: 1024 , min: 602.5 , max: 65535 , packetCount: 24
2026-03-04 16:30:44.533 [DEBUG] onSpectrumReady - 数据大小: 1024 minVal: 602.5 maxVal: 65535
2026-03-04 16:30:44.787 [DEBUG] [SystemMonitor] (sysinfo) totalBytes: 1.67493e+10 freeBytes: 5.61021e+09 memoryUsage(MB): 10623.1 / 15973.4
2026-03-04 16:30:44.792 [DEBUG] [SystemMonitor] cpuUsage: 31.8182 cpuTemp: 62.8 memUsed(MB): 10623.1 / 15973.4 diskUsed(GB): 45.2907 / 57.9994
2026-03-04 16:30:45.493 [DEBUG] 预测结果 [预测器 0 ]: 115841.7109375
2026-03-04 16:30:45.509 [INFO] [预测结果] 预测值=115841.7109，状态=未启用异常监控
2026-03-04 16:30:45.541 [DEBUG] onPredictionReady - predictionHistory 大小: 6 最新值: 115841.7109375
2026-03-04 16:30:45.546 [DEBUG] [UdpCommunicator] Single spectrum length: 1024 , min: 634.5 , max: 65535 , packetCount: 24
2026-03-04 16:30:45.553 [DEBUG] onSpectrumReady - 数据大小: 1024 minVal: 634.5 maxVal: 65535
2026-03-04 16:30:45.787 [DEBUG] [SystemMonitor] (sysinfo) totalBytes: 1.67493e+10 freeBytes: 5.61008e+09 memoryUsage(MB): 10623.2 / 15973.4
2026-03-04 16:30:45.792 [DEBUG] [SystemMonitor] cpuUsage: 55.7252 cpuTemp: 65 memUsed(MB): 10623.2 / 15973.4 diskUsed(GB): 45.2907 / 57.9994
2026-03-04 16:30:46.493 [DEBUG] 预测结果 [预测器 0 ]: 115842.015625
2026-03-04 16:30:46.501 [INFO] [预测结果] 预测值=115842.0156，状态=未启用异常监控
2026-03-04 16:30:46.516 [DEBUG] onPredictionReady - predictionHistory 大小: 7 最新值: 115842.015625
2026-03-04 16:30:46.521 [DEBUG] [UdpCommunicator] Single spectrum length: 1024 , min: 610.75 , max: 65535 , packetCount: 24
2026-03-04 16:30:46.526 [DEBUG] onSpectrumReady - 数据大小: 1024 minVal: 610.75 maxVal: 65535
2026-03-04 16:30:46.787 [DEBUG] [SystemMonitor] (sysinfo) totalBytes: 1.67493e+10 freeBytes: 5.60887e+09 memoryUsage(MB): 10624.4 / 15973.4
2026-03-04 16:30:46.790 [DEBUG] [SystemMonitor] cpuUsage: 37.659 cpuTemp: 63.35 memUsed(MB): 10624.4 / 15973.4 diskUsed(GB): 45.2907 / 57.9994
2026-03-04 16:30:47.494 [DEBUG] 预测结果 [预测器 0 ]: 115841.578125
2026-03-04 16:30:47.503 [INFO] [预测结果] 预测值=115841.5781，状态=未启用异常监控
2026-03-04 16:30:47.522 [DEBUG] onPredictionReady - predictionHistory 大小: 8 最新值: 115841.578125
2026-03-04 16:30:47.529 [DEBUG] [UdpCommunicator] Single spectrum length: 1024 , min: 644.75 , max: 65535 , packetCount: 24
2026-03-04 16:30:47.533 [DEBUG] onSpectrumReady - 数据大小: 1024 minVal: 644.75 maxVal: 65535
2026-03-04 16:30:47.787 [DEBUG] [SystemMonitor] (sysinfo) totalBytes: 1.67493e+10 freeBytes: 5.62048e+09 memoryUsage(MB): 10613.3 / 15973.4
2026-03-04 16:30:47.790 [DEBUG] [SystemMonitor] cpuUsage: 31.2977 cpuTemp: 62.8 memUsed(MB): 10613.3 / 15973.4 diskUsed(GB): 45.2907 / 57.9994
2026-03-04 16:30:47.956 [INFO] [主界面] 点击 停止获取光谱 按钮
2026-03-04 16:30:47.974 [INFO] [串口] ✓ 停止命令已发送到 /dev/ttyUSB0: 08 6B 00 00 00 3E 09 D7
2026-03-04 16:30:47.982 [INFO] [UDP] UDP接收已停止
2026-03-04 16:30:48.787 [DEBUG] [SystemMonitor] (sysinfo) totalBytes: 1.67493e+10 freeBytes: 5.6188e+09 memoryUsage(MB): 10614.9 / 15973.4
2026-03-04 16:30:48.791 [DEBUG] [SystemMonitor] cpuUsage: 11.2782 cpuTemp: 60.6 memUsed(MB): 10614.9 / 15973.4 diskUsed(GB): 45.2907 / 57.9994
2026-03-04 16:30:49.787 [DEBUG] [SystemMonitor] (sysinfo) totalBytes: 1.67493e+10 freeBytes: 5.61444e+09 memoryUsage(MB): 10619.1 / 15973.4
2026-03-04 16:30:49.792 [DEBUG] [SystemMonitor] cpuUsage: 7.25 cpuTemp: 61.7 memUsed(MB): 10619.1 / 15973.4 diskUsed(GB): 45.2907 / 57.9994
2026-03-04 16:30:50.787 [DEBUG] [SystemMonitor] (sysinfo) totalBytes: 1.67493e+10 freeBytes: 5.61607e+09 memoryUsage(MB): 10617.5 / 15973.4
2026-03-04 16:30:50.791 [DEBUG] [SystemMonitor] cpuUsage: 13.8539 cpuTemp: 61.7 memUsed(MB): 10617.5 / 15973.4 diskUsed(GB): 45.2907 / 57.9994
2026-03-04 16:30:51.788 [DEBUG] [SystemMonitor] (sysinfo) totalBytes: 1.67493e+10 freeBytes: 5.62076e+09 memoryUsage(MB): 10613 / 15973.4
2026-03-04 16:30:51.792 [DEBUG] [SystemMonitor] cpuUsage: 9.3199 cpuTemp: 61.15 memUsed(MB): 10613 / 15973.4 diskUsed(GB): 45.2907 / 57.9994
2026-03-04 16:30:52.788 [DEBUG] [SystemMonitor] (sysinfo) totalBytes: 1.67493e+10 freeBytes: 5.62477e+09 memoryUsage(MB): 10609.2 / 15973.4
2026-03-04 16:30:52.792 [DEBUG] [SystemMonitor] cpuUsage: 15.6962 cpuTemp: 61.15 memUsed(MB): 10609.2 / 15973.4 diskUsed(GB): 45.2907 / 57.9994
2026-03-04 16:30:53.787 [DEBUG] [SystemMonitor] (sysinfo) totalBytes: 1.67493e+10 freeBytes: 5.62035e+09 memoryUsage(MB): 10613.4 / 15973.4
2026-03-04 16:30:53.791 [DEBUG] [SystemMonitor] cpuUsage: 10.0756 cpuTemp: 60.6 memUsed(MB): 10613.4 / 15973.4 diskUsed(GB): 45.2907 / 57.9994
